2026-06-28 01:18:21.657 [info] [LS Main] Starting language server from: /opt/antigravity-ide/resources/app/extensions/antigravity/bin/language_server_linux_x64
2026-06-28 01:18:21.829 [info] [LS Main] Args: --csrf_token 27743ec3-a3cb-4de9-b0b7-c87b6a48189c --extension_server_port 37585 --extension_server_csrf_token 645114aa-a588-4fe4-928f-c293dcc014a5 --app_data_dir antigravity-ide --subclient_type ide --cloud_code_endpoint https://cloudcode-pa.googleapis.com
2026-06-28 01:18:21.903 [info] [LS Main] Process spawned with PID: 301928
2026-06-28 01:18:22.443 [error] [LS Main stderr] I0628 01:18:22.443043 301928 server.go:1296] Starting language server process with pid 301928

2026-06-28 01:18:22.453 [error] [LS Main stderr] I0628 01:18:22.452771 301928 server.go:336] Setting GOMAXPROCS to 4

2026-06-28 01:18:22.467 [error] [LS Main stderr] I0628 01:18:22.467705 301928 server.go:479] Language server will attempt to listen on host localhost

2026-06-28 01:18:22.468 [error] [LS Main stderr] I0628 01:18:22.468706 301928 server.go:493] Language server listening on random port at 39891 for HTTPS (gRPC)

2026-06-28 01:18:22.469 [error] [LS Main stderr] I0628 01:18:22.468953 301928 server.go:500] Language server listening on random port at 44727 for HTTP

2026-06-28 01:18:22.999 [error] [LS Main stderr] I0628 01:18:22.998925 301928 server.go:472] Created extension server client at port 37585

2026-06-28 01:18:23.012 [error] [LS Main stderr] I0628 01:18:23.011433 301928 manager.go:92] Creating trajectory store manager with proto store and SQLite store

2026-06-28 01:18:23.529 [error] No LS client info found for local authority
2026-06-28 01:18:26.013 [error] [LS Main stderr] E0628 01:18:26.012350 301928 log.go:398] WaitForReady failed: context deadline exceeded
I0628 01:18:26.013080 301928 server.go:2283] Auth succeeded, refreshing features and managers

2026-06-28 01:18:26.135 [error] [LS Main stderr] I0628 01:18:26.135294 301928 http_helpers.go:183] URL: https://cloudcode-pa.googleapis.com/v1internal:loadCodeAssist Trace: 0x2a9f16e133d434e8

2026-06-28 01:18:27.465 [error] [LS Main stderr] I0628 01:18:27.465328 301928 http_helpers.go:183] URL: https://cloudcode-pa.googleapis.com/v1internal:fetchAvailableModels Trace: 0xc25b07f19ee7b550

2026-06-28 01:18:27.476 [error] [LS Main stderr] I0628 01:18:27.475790 301928 server.go:2289] State refresh took 1462ms

2026-06-28 01:18:27.482 [info] [LS Main] LS started on port 39891
2026-06-28 01:18:27.487 [error] [LS Main stderr] I0628 01:18:27.486315 301928 server.go:1944] initialized server successfully in 5.033532743s

2026-06-28 01:18:27.599 [error] [LS Main stderr] E0628 01:18:27.599657 301928 interceptor.go:74] /exa.language_server_pb.LanguageServerService/GetSlashCommands (unknown): failed to resolve cascade config: neither PlanModel nor RequestedModel specified. You must specify a valid model.

2026-06-28 01:18:27.601 [error] [LS Main stderr] E0628 01:18:27.600982 301928 interceptor.go:74] /exa.language_server_pb.LanguageServerService/GetSlashCommands (unknown): failed to resolve cascade config: neither PlanModel nor RequestedModel specified. You must specify a valid model.

2026-06-28 01:18:27.604 [error] [LS Main stderr] E0628 01:18:27.604118 301928 interceptor.go:74] /exa.language_server_pb.LanguageServerService/GetSlashCommands (unknown): failed to resolve cascade config: neither PlanModel nor RequestedModel specified. You must specify a valid model.

2026-06-28 01:18:27.608 [error] [LS Main stderr] E0628 01:18:27.607883 301928 interceptor.go:74] /exa.language_server_pb.LanguageServerService/GetSlashCommands (unknown): failed to resolve cascade config: neither PlanModel nor RequestedModel specified. You must specify a valid model.

2026-06-28 01:18:27.622 [error] [LS Main stderr] E0628 01:18:27.622398 301928 interceptor.go:74] /exa.language_server_pb.LanguageServerService/GetSlashCommands (unknown): failed to resolve cascade config: neither PlanModel nor RequestedModel specified. You must specify a valid model.

2026-06-28 01:18:27.629 [error] [LS Main stderr] E0628 01:18:27.629742 301928 interceptor.go:74] /exa.language_server_pb.LanguageServerService/GetSlashCommands (unknown): failed to resolve cascade config: neither PlanModel nor RequestedModel specified. You must specify a valid model.

2026-06-28 01:18:27.723 [error] [LS Main stderr] E0628 01:18:27.723055 301928 interceptor.go:74] /exa.language_server_pb.LanguageServerService/GetSlashCommands (unknown): failed to resolve cascade config: neither PlanModel nor RequestedModel specified. You must specify a valid model.

2026-06-28 01:18:27.723 [error] [LS Main stderr] E0628 01:18:27.723200 301928 interceptor.go:74] /exa.language_server_pb.LanguageServerService/GetSlashCommands (unknown): failed to resolve cascade config: neither PlanModel nor RequestedModel specified. You must specify a valid model.

2026-06-28 01:18:27.724 [error] [LS Main stderr] E0628 01:18:27.724140 301928 interceptor.go:74] /exa.language_server_pb.LanguageServerService/GetSlashCommands (unknown): failed to resolve cascade config: neither PlanModel nor RequestedModel specified. You must specify a valid model.

2026-06-28 01:18:27.724 [error] [LS Main stderr] E0628 01:18:27.724430 301928 interceptor.go:74] /exa.language_server_pb.LanguageServerService/GetSlashCommands (unknown): failed to resolve cascade config: neither PlanModel nor RequestedModel specified. You must specify a valid model.

2026-06-28 01:18:30.379 [error] [LS Main stderr] I0628 01:18:30.379384 301928 http_helpers.go:183] URL: https://cloudcode-pa.googleapis.com/v1internal:loadCodeAssist Trace: 0xba44f977eeff4294

2026-06-28 01:18:31.222 [error] [LS Main stderr] I0628 01:18:31.222012 301928 http_helpers.go:183] URL: https://daily-cloudcode-pa.googleapis.com/v1internal:fetchAvailableModels Trace: 0xf0cbc9082f094743

2026-06-28 01:18:31.236 [error] [LS Main stderr] E0628 01:18:31.236828 301928 log.go:398] failed to check terminal shell support: internal: internal error

2026-06-28 01:18:31.238 [error] [LS Main stderr] E0628 01:18:31.238594 301928 log.go:398] failed to check terminal shell support: internal: internal error

2026-06-28 01:18:31.241 [error] [LS Main stderr] E0628 01:18:31.241493 301928 log.go:398] failed to check terminal shell support: internal: internal error

2026-06-28 01:18:31.244 [error] [LS Main stderr] E0628 01:18:31.244813 301928 log.go:398] failed to check terminal shell support: internal: internal error

2026-06-28 01:18:31.247 [error] [LS Main stderr] E0628 01:18:31.247404 301928 log.go:398] failed to check terminal shell support: internal: internal error

2026-06-28 01:18:31.249 [error] [LS Main stderr] E0628 01:18:31.249774 301928 log.go:398] failed to check terminal shell support: internal: internal error

2026-06-28 01:18:31.252 [error] [LS Main stderr] E0628 01:18:31.252085 301928 log.go:398] failed to check terminal shell support: internal: internal error

2026-06-28 01:18:31.255 [error] [LS Main stderr] E0628 01:18:31.254952 301928 log.go:398] failed to check terminal shell support: internal: internal error

2026-06-28 01:18:31.256 [error] [LS Main stderr] E0628 01:18:31.256523 301928 log.go:398] failed to check terminal shell support: internal: internal error

2026-06-28 01:18:31.258 [error] [LS Main stderr] E0628 01:18:31.258305 301928 log.go:398] failed to check terminal shell support: internal: internal error

2026-06-28 01:18:31.260 [error] [LS Main stderr] E0628 01:18:31.260421 301928 log.go:398] failed to check terminal shell support: internal: internal error

2026-06-28 01:18:31.262 [error] [LS Main stderr] E0628 01:18:31.262374 301928 log.go:398] failed to check terminal shell support: internal: internal error

2026-06-28 01:18:31.264 [error] [LS Main stderr] E0628 01:18:31.264193 301928 log.go:398] failed to check terminal shell support: internal: internal error

2026-06-28 01:18:31.265 [error] [LS Main stderr] E0628 01:18:31.265847 301928 log.go:398] failed to check terminal shell support: internal: internal error

2026-06-28 01:18:31.267 [error] [LS Main stderr] E0628 01:18:31.267249 301928 log.go:398] failed to check terminal shell support: internal: internal error

2026-06-28 01:18:31.270 [error] [LS Main stderr] E0628 01:18:31.270409 301928 log.go:398] failed to check terminal shell support: internal: internal error

2026-06-28 01:18:31.275 [error] [LS Main stderr] E0628 01:18:31.275365 301928 log.go:398] failed to check terminal shell support: internal: internal error

2026-06-28 01:18:31.277 [error] [LS Main stderr] E0628 01:18:31.277366 301928 log.go:398] failed to check terminal shell support: internal: internal error

2026-06-28 01:18:31.279 [error] [LS Main stderr] E0628 01:18:31.279189 301928 log.go:398] failed to check terminal shell support: internal: internal error

2026-06-28 01:18:31.281 [error] [LS Main stderr] E0628 01:18:31.281351 301928 log.go:398] failed to check terminal shell support: internal: internal error

2026-06-28 01:18:31.283 [error] [LS Main stderr] E0628 01:18:31.282984 301928 log.go:398] failed to check terminal shell support: internal: internal error

2026-06-28 01:18:31.285 [error] [LS Main stderr] E0628 01:18:31.285278 301928 log.go:398] failed to check terminal shell support: internal: internal error

2026-06-28 01:18:31.288 [error] [LS Main stderr] E0628 01:18:31.287681 301928 log.go:398] failed to check terminal shell support: internal: internal error

2026-06-28 01:18:31.291 [error] [LS Main stderr] E0628 01:18:31.291429 301928 log.go:398] failed to check terminal shell support: internal: internal error

2026-06-28 01:18:31.293 [error] [LS Main stderr] E0628 01:18:31.293409 301928 log.go:398] failed to check terminal shell support: internal: internal error

2026-06-28 01:18:31.295 [error] [LS Main stderr] E0628 01:18:31.295580 301928 log.go:398] failed to check terminal shell support: internal: internal error

2026-06-28 01:18:31.298 [error] [LS Main stderr] E0628 01:18:31.298116 301928 log.go:398] failed to check terminal shell support: internal: internal error

2026-06-28 01:18:31.300 [error] [LS Main stderr] E0628 01:18:31.299999 301928 log.go:398] failed to check terminal shell support: internal: internal error

2026-06-28 01:18:31.304 [error] [LS Main stderr] E0628 01:18:31.302382 301928 log.go:398] failed to check terminal shell support: internal: internal error
E0628 01:18:31.304429 301928 log.go:398] failed to check terminal shell support: internal: internal error

2026-06-28 01:18:31.307 [error] [LS Main stderr] E0628 01:18:31.307171 301928 log.go:398] failed to check terminal shell support: internal: internal error

2026-06-28 01:18:31.309 [error] [LS Main stderr] E0628 01:18:31.308820 301928 log.go:398] failed to check terminal shell support: internal: internal error

2026-06-28 01:18:31.312 [error] [LS Main stderr] E0628 01:18:31.312551 301928 log.go:398] failed to check terminal shell support: internal: internal error

2026-06-28 01:18:31.315 [error] [LS Main stderr] E0628 01:18:31.314777 301928 log.go:398] failed to check terminal shell support: internal: internal error

2026-06-28 01:18:31.316 [error] [LS Main stderr] E0628 01:18:31.316730 301928 log.go:398] failed to check terminal shell support: internal: internal error

2026-06-28 01:18:31.319 [error] [LS Main stderr] E0628 01:18:31.319183 301928 log.go:398] failed to check terminal shell support: internal: internal error

2026-06-28 01:18:31.321 [error] [LS Main stderr] E0628 01:18:31.320886 301928 log.go:398] failed to check terminal shell support: internal: internal error

2026-06-28 01:18:31.323 [error] [LS Main stderr] E0628 01:18:31.323241 301928 log.go:398] failed to check terminal shell support: internal: internal error

2026-06-28 01:18:31.326 [error] [LS Main stderr] E0628 01:18:31.326482 301928 log.go:398] failed to check terminal shell support: internal: internal error

2026-06-28 01:18:31.328 [error] [LS Main stderr] E0628 01:18:31.328358 301928 log.go:398] failed to check terminal shell support: internal: internal error

2026-06-28 01:18:31.330 [error] [LS Main stderr] E0628 01:18:31.330501 301928 log.go:398] failed to check terminal shell support: internal: internal error

2026-06-28 01:18:31.333 [error] [LS Main stderr] E0628 01:18:31.333380 301928 log.go:398] failed to check terminal shell support: internal: internal error

2026-06-28 01:18:31.336 [error] [LS Main stderr] E0628 01:18:31.336500 301928 log.go:398] failed to check terminal shell support: internal: internal error

2026-06-28 01:18:31.339 [error] [LS Main stderr] E0628 01:18:31.339440 301928 log.go:398] failed to check terminal shell support: internal: internal error

2026-06-28 01:18:31.342 [error] [LS Main stderr] E0628 01:18:31.342351 301928 log.go:398] failed to check terminal shell support: internal: internal error

2026-06-28 01:18:31.344 [error] [LS Main stderr] E0628 01:18:31.344167 301928 log.go:398] failed to check terminal shell support: internal: internal error

2026-06-28 01:18:31.347 [error] [LS Main stderr] E0628 01:18:31.347264 301928 log.go:398] failed to check terminal shell support: internal: internal error

2026-06-28 01:18:31.349 [error] [LS Main stderr] E0628 01:18:31.349187 301928 log.go:398] failed to check terminal shell support: internal: internal error

2026-06-28 01:18:31.350 [error] [LS Main stderr] E0628 01:18:31.350781 301928 log.go:398] failed to check terminal shell support: internal: internal error

2026-06-28 01:18:31.353 [error] [LS Main stderr] E0628 01:18:31.352622 301928 log.go:398] failed to check terminal shell support: internal: internal error

2026-06-28 01:18:31.355 [error] [LS Main stderr] E0628 01:18:31.355142 301928 log.go:398] failed to check terminal shell support: internal: internal error

2026-06-28 01:18:31.359 [error] [LS Main stderr] E0628 01:18:31.357319 301928 log.go:398] failed to check terminal shell support: internal: internal error

2026-06-28 01:18:31.361 [error] [LS Main stderr] E0628 01:18:31.359273 301928 log.go:398] failed to check terminal shell support: internal: internal error

2026-06-28 01:18:31.363 [error] [LS Main stderr] E0628 01:18:31.361375 301928 log.go:398] failed to check terminal shell support: internal: internal error

2026-06-28 01:18:31.365 [error] [LS Main stderr] E0628 01:18:31.363386 301928 log.go:398] failed to check terminal shell support: internal: internal error

2026-06-28 01:18:31.366 [error] [LS Main stderr] E0628 01:18:31.366389 301928 log.go:398] failed to check terminal shell support: internal: internal error

2026-06-28 01:18:31.369 [error] [LS Main stderr] E0628 01:18:31.369035 301928 log.go:398] failed to check terminal shell support: internal: internal error

2026-06-28 01:18:31.380 [error] [LS Main stderr] E0628 01:18:31.371041 301928 log.go:398] failed to check terminal shell support: internal: internal error

2026-06-28 01:18:31.383 [error] [LS Main stderr] E0628 01:18:31.380082 301928 log.go:398] failed to check terminal shell support: internal: internal error

2026-06-28 01:18:31.384 [error] [LS Main stderr] E0628 01:18:31.383856 301928 log.go:398] failed to check terminal shell support: internal: internal error

2026-06-28 01:18:33.075 [error] [LS Main stderr] I0628 01:18:33.075390 301928 http_helpers.go:183] URL: https://daily-cloudcode-pa.googleapis.com/v1internal:loadCodeAssist Trace: 0xe65e1449cfd2624c

2026-06-28 01:18:34.120 [error] [LS Main stderr] I0628 01:18:34.120694 301928 http_helpers.go:183] URL: https://daily-cloudcode-pa.googleapis.com/v1internal:fetchAvailableModels Trace: 0x9125253da320636f

2026-06-28 01:18:34.134 [error] [LS Main stderr] E0628 01:18:34.134358 301928 log.go:398] failed to check terminal shell support: internal: internal error

2026-06-28 01:18:34.136 [error] [LS Main stderr] E0628 01:18:34.136258 301928 log.go:398] failed to check terminal shell support: internal: internal error

2026-06-28 01:18:34.138 [error] [LS Main stderr] E0628 01:18:34.138865 301928 log.go:398] failed to check terminal shell support: internal: internal error

2026-06-28 01:18:34.140 [error] [LS Main stderr] E0628 01:18:34.140570 301928 log.go:398] failed to check terminal shell support: internal: internal error

2026-06-28 01:18:34.142 [error] [LS Main stderr] E0628 01:18:34.142274 301928 log.go:398] failed to check terminal shell support: internal: internal error

2026-06-28 01:18:34.144 [error] [LS Main stderr] E0628 01:18:34.144388 301928 log.go:398] failed to check terminal shell support: internal: internal error

2026-06-28 01:18:34.147 [error] [LS Main stderr] E0628 01:18:34.146972 301928 log.go:398] failed to check terminal shell support: internal: internal error

2026-06-28 01:18:34.150 [error] [LS Main stderr] E0628 01:18:34.150208 301928 log.go:398] failed to check terminal shell support: internal: internal error

2026-06-28 01:18:34.152 [error] [LS Main stderr] E0628 01:18:34.152349 301928 log.go:398] failed to check terminal shell support: internal: internal error

2026-06-28 01:18:34.155 [error] [LS Main stderr] E0628 01:18:34.154699 301928 log.go:398] failed to check terminal shell support: internal: internal error

2026-06-28 01:18:35.756 [error] [LS Main stderr] I0628 01:18:35.756040 301928 http_helpers.go:183] URL: https://daily-cloudcode-pa.googleapis.com/v1internal:loadCodeAssist Trace: 0xa283f793f852cedf

2026-06-28 01:19:07.542 [error] [LS Main stderr] I0628 01:19:07.541815 301928 http_helpers.go:183] URL: https://daily-cloudcode-pa.googleapis.com/v1internal:streamGenerateContent?alt=sse Trace: 0xdb7932b48f4b0e1d

2026-06-28 01:19:17.372 [error] [LS Main stderr] I0628 01:19:17.371816 301928 http_helpers.go:183] URL: https://daily-cloudcode-pa.googleapis.com/v1internal:streamGenerateContent?alt=sse Trace: 0xc04a64ac3f4aac6f
I0628 01:19:17.371942 301928 http_helpers.go:183] URL: https://daily-cloudcode-pa.googleapis.com/v1internal:streamGenerateContent?alt=sse Trace: 0xb01eef36f0179529

2026-06-28 01:19:28.924 [error] [LS Main stderr] I0628 01:19:28.923932 301928 http_helpers.go:183] URL: https://daily-cloudcode-pa.googleapis.com/v1internal:streamGenerateContent?alt=sse Trace: 0x829ddc20384caa18

2026-06-28 01:19:28.930 [error] [LS Main stderr] I0628 01:19:28.930068 301928 http_helpers.go:183] URL: https://daily-cloudcode-pa.googleapis.com/v1internal:streamGenerateContent?alt=sse Trace: 0x7a21f5dbf653f161

2026-06-28 01:19:45.233 [error] [LS Main stderr] E0628 01:19:45.232882 301928 log.go:398] request failed: Post "https://daily-cloudcode-pa.googleapis.com/v1internal:streamGenerateContent?alt=sse": oauth2: cannot fetch token: context canceled

2026-06-28 01:19:45.233 [error] [LS Main stderr] E0628 01:19:45.233008 301928 interceptor.go:74] /exa.language_server_pb.LanguageServerService/HandleStreamingCommand (unknown): request failed: Post "https://daily-cloudcode-pa.googleapis.com/v1internal:streamGenerateContent?alt=sse": oauth2: cannot fetch token: context canceled

2026-06-28 01:19:58.039 [error] [LS Main stderr] E0628 01:19:58.039700 301928 log.go:398] request failed: Post "https://daily-cloudcode-pa.googleapis.com/v1internal:streamGenerateContent?alt=sse": oauth2: cannot fetch token: context canceled

2026-06-28 01:19:58.040 [error] [LS Main stderr] E0628 01:19:58.039824 301928 interceptor.go:74] /exa.language_server_pb.LanguageServerService/HandleStreamingCommand (unknown): request failed: Post "https://daily-cloudcode-pa.googleapis.com/v1internal:streamGenerateContent?alt=sse": oauth2: cannot fetch token: context canceled

2026-06-28 01:19:59.714 [error] [LS Main stderr] I0628 01:19:59.713966 301928 http_helpers.go:183] URL: https://daily-cloudcode-pa.googleapis.com/v1internal:streamGenerateContent?alt=sse Trace: 0x915c5f062ba7ab60

2026-06-28 01:19:59.898 [error] [LS Main stderr] I0628 01:19:59.898392 301928 http_helpers.go:183] URL: https://daily-cloudcode-pa.googleapis.com/v1internal:streamGenerateContent?alt=sse Trace: 0xf7de0601fd694459

2026-06-28 01:20:01.119 [error] [LS Main stderr] I0628 01:20:01.119109 301928 http_helpers.go:183] URL: https://daily-cloudcode-pa.googleapis.com/v1internal:streamGenerateContent?alt=sse Trace: 0x7431ad973e19f191

2026-06-28 01:20:01.295 [error] [LS Main stderr] I0628 01:20:01.295662 301928 http_helpers.go:183] URL: https://daily-cloudcode-pa.googleapis.com/v1internal:streamGenerateContent?alt=sse Trace: 0x2fb1e90f8e758661

2026-06-28 01:20:01.813 [error] [LS Main stderr] I0628 01:20:01.812903 301928 http_helpers.go:183] URL: https://daily-cloudcode-pa.googleapis.com/v1internal:streamGenerateContent?alt=sse Trace: 0x690364e9ef4b9a61

2026-06-28 01:20:02.088 [error] [LS Main stderr] I0628 01:20:02.087915 301928 http_helpers.go:183] URL: https://daily-cloudcode-pa.googleapis.com/v1internal:streamGenerateContent?alt=sse Trace: 0x680c967a28382b74

2026-06-28 01:20:03.147 [error] [LS Main stderr] I0628 01:20:03.146619 301928 http_helpers.go:183] URL: https://daily-cloudcode-pa.googleapis.com/v1internal:streamGenerateContent?alt=sse Trace: 0x822b1e3cde695590

2026-06-28 01:20:03.564 [error] [LS Main stderr] I0628 01:20:03.564674 301928 http_helpers.go:183] URL: https://daily-cloudcode-pa.googleapis.com/v1internal:streamGenerateContent?alt=sse Trace: 0x2ac81435f6960023

2026-06-28 01:20:05.240 [error] [LS Main stderr] I0628 01:20:05.239719 301928 http_helpers.go:183] URL: https://daily-cloudcode-pa.googleapis.com/v1internal:streamGenerateContent?alt=sse Trace: 0x1720086d813ed20f

2026-06-28 01:20:05.415 [error] [LS Main stderr] I0628 01:20:05.415430 301928 http_helpers.go:183] URL: https://daily-cloudcode-pa.googleapis.com/v1internal:streamGenerateContent?alt=sse Trace: 0x6ddf06ea9f56b954

2026-06-28 01:20:06.545 [error] [LS Main stderr] I0628 01:20:06.545149 301928 http_helpers.go:183] URL: https://daily-cloudcode-pa.googleapis.com/v1internal:streamGenerateContent?alt=sse Trace: 0x78e5c8edf489a106

2026-06-28 01:20:06.848 [error] [LS Main stderr] I0628 01:20:06.848612 301928 http_helpers.go:183] URL: https://daily-cloudcode-pa.googleapis.com/v1internal:streamGenerateContent?alt=sse Trace: 0x54da88c12486eaf0

2026-06-28 01:20:08.916 [error] [LS Main stderr] I0628 01:20:08.916254 301928 http_helpers.go:183] URL: https://daily-cloudcode-pa.googleapis.com/v1internal:streamGenerateContent?alt=sse Trace: 0xada4873c29ad299d

2026-06-28 01:20:08.929 [error] [LS Main stderr] I0628 01:20:08.929551 301928 http_helpers.go:183] URL: https://daily-cloudcode-pa.googleapis.com/v1internal:streamGenerateContent?alt=sse Trace: 0x185a95b8f0e245b

2026-06-28 01:20:10.318 [error] [LS Main stderr] I0628 01:20:10.318731 301928 http_helpers.go:183] URL: https://daily-cloudcode-pa.googleapis.com/v1internal:streamGenerateContent?alt=sse Trace: 0x89f9e1b582eb2821

2026-06-28 01:20:14.694 [error] [LS Main stderr] I0628 01:20:14.694310 301928 http_helpers.go:183] URL: https://daily-cloudcode-pa.googleapis.com/v1internal:streamGenerateContent?alt=sse Trace: 0xa0f1eb9b92730c06

2026-06-28 01:20:14.864 [error] [LS Main stderr] I0628 01:20:14.864684 301928 http_helpers.go:183] URL: https://daily-cloudcode-pa.googleapis.com/v1internal:streamGenerateContent?alt=sse Trace: 0xc5ff695b371addbd

2026-06-28 01:20:16.093 [error] [LS Main stderr] I0628 01:20:16.092771 301928 http_helpers.go:183] URL: https://daily-cloudcode-pa.googleapis.com/v1internal:streamGenerateContent?alt=sse Trace: 0x5f27963e2a5d0901

2026-06-28 01:20:16.269 [error] [LS Main stderr] I0628 01:20:16.268998 301928 http_helpers.go:183] URL: https://daily-cloudcode-pa.googleapis.com/v1internal:streamGenerateContent?alt=sse Trace: 0xef264fa5bfbf8592

2026-06-28 01:20:17.940 [error] [LS Main stderr] I0628 01:20:17.940325 301928 http_helpers.go:183] URL: https://daily-cloudcode-pa.googleapis.com/v1internal:streamGenerateContent?alt=sse Trace: 0xd06647dfcd372187

2026-06-28 01:20:18.115 [error] [LS Main stderr] I0628 01:20:18.115352 301928 http_helpers.go:183] URL: https://daily-cloudcode-pa.googleapis.com/v1internal:streamGenerateContent?alt=sse Trace: 0x154c0d7f156ee6eb

2026-06-28 01:20:19.611 [error] [LS Main stderr] I0628 01:20:19.611351 301928 http_helpers.go:183] URL: https://daily-cloudcode-pa.googleapis.com/v1internal:streamGenerateContent?alt=sse Trace: 0x32affb61b8ad1717

2026-06-28 01:20:19.795 [error] [LS Main stderr] I0628 01:20:19.794979 301928 http_helpers.go:183] URL: https://daily-cloudcode-pa.googleapis.com/v1internal:streamGenerateContent?alt=sse Trace: 0xc6bbf8b33fd41404

2026-06-28 01:20:25.558 [error] [LS Main stderr] E0628 01:20:25.558584 301928 log.go:398] request failed: Post "https://daily-cloudcode-pa.googleapis.com/v1internal:streamGenerateContent?alt=sse": oauth2: cannot fetch token: context canceled

2026-06-28 01:20:25.559 [error] [LS Main stderr] E0628 01:20:25.558971 301928 interceptor.go:74] /exa.language_server_pb.LanguageServerService/HandleStreamingCommand (unknown): request failed: Post "https://daily-cloudcode-pa.googleapis.com/v1internal:streamGenerateContent?alt=sse": oauth2: cannot fetch token: context canceled

2026-06-28 01:20:26.027 [error] [LS Main stderr] E0628 01:20:26.026838 301928 log.go:398] request failed: Post "https://daily-cloudcode-pa.googleapis.com/v1internal:streamGenerateContent?alt=sse": oauth2: cannot fetch token: context canceled
E0628 01:20:26.026994 301928 interceptor.go:74] /exa.language_server_pb.LanguageServerService/HandleStreamingCommand (unknown): request failed: Post "https://daily-cloudcode-pa.googleapis.com/v1internal:streamGenerateContent?alt=sse": oauth2: cannot fetch token: context canceled

2026-06-28 01:20:26.809 [error] [LS Main stderr] E0628 01:20:26.808958 301928 log.go:398] request failed: Post "https://daily-cloudcode-pa.googleapis.com/v1internal:streamGenerateContent?alt=sse": oauth2: cannot fetch token: context canceled
E0628 01:20:26.809110 301928 interceptor.go:74] /exa.language_server_pb.LanguageServerService/HandleStreamingCommand (unknown): request failed: Post "https://daily-cloudcode-pa.googleapis.com/v1internal:streamGenerateContent?alt=sse": oauth2: cannot fetch token: context canceled

2026-06-28 01:20:30.091 [error] [LS Main stderr] I0628 01:20:30.091397 301928 http_helpers.go:183] URL: https://daily-cloudcode-pa.googleapis.com/v1internal:streamGenerateContent?alt=sse Trace: 0xee0669f6d291c5e0

2026-06-28 01:20:30.277 [error] [LS Main stderr] I0628 01:20:30.277148 301928 http_helpers.go:183] URL: https://daily-cloudcode-pa.googleapis.com/v1internal:streamGenerateContent?alt=sse Trace: 0x5c234f7202f1258b

2026-06-28 01:20:31.579 [error] [LS Main stderr] I0628 01:20:31.579546 301928 http_helpers.go:183] URL: https://daily-cloudcode-pa.googleapis.com/v1internal:streamGenerateContent?alt=sse Trace: 0x2b11a691f2337860

2026-06-28 01:20:36.982 [error] [LS Main stderr] I0628 01:20:36.982640 301928 http_helpers.go:183] URL: https://daily-cloudcode-pa.googleapis.com/v1internal:streamGenerateContent?alt=sse Trace: 0xe56db462634f18fb

2026-06-28 01:20:38.649 [error] [LS Main stderr] I0628 01:20:38.648754 301928 http_helpers.go:183] URL: https://daily-cloudcode-pa.googleapis.com/v1internal:streamGenerateContent?alt=sse Trace: 0xcefc2aad8fe13f9c

2026-06-28 01:20:38.909 [error] [LS Main stderr] I0628 01:20:38.909546 301928 http_helpers.go:183] URL: https://daily-cloudcode-pa.googleapis.com/v1internal:streamGenerateContent?alt=sse Trace: 0x40c98e9e0597a674

2026-06-28 01:20:40.479 [error] [LS Main stderr] I0628 01:20:40.478750 301928 http_helpers.go:183] URL: https://daily-cloudcode-pa.googleapis.com/v1internal:streamGenerateContent?alt=sse Trace: 0x624f4a1d9b57dd2

2026-06-28 01:20:40.854 [error] [LS Main stderr] I0628 01:20:40.854291 301928 http_helpers.go:183] URL: https://daily-cloudcode-pa.googleapis.com/v1internal:streamGenerateContent?alt=sse Trace: 0xbd95de839b034f1d

2026-06-28 01:20:42.425 [error] [LS Main stderr] I0628 01:20:42.424688 301928 http_helpers.go:183] URL: https://daily-cloudcode-pa.googleapis.com/v1internal:streamGenerateContent?alt=sse Trace: 0xfe3eb696e94e00d2

2026-06-28 01:20:43.816 [error] [LS Main stderr] I0628 01:20:43.815891 301928 http_helpers.go:183] URL: https://daily-cloudcode-pa.googleapis.com/v1internal:streamGenerateContent?alt=sse Trace: 0x3f85b83c8496f3b2

2026-06-28 01:20:44.078 [error] [LS Main stderr] I0628 01:20:44.077662 301928 http_helpers.go:183] URL: https://daily-cloudcode-pa.googleapis.com/v1internal:streamGenerateContent?alt=sse Trace: 0x2d7ca98dc058b2bd

2026-06-28 01:20:45.490 [error] [LS Main stderr] I0628 01:20:45.489399 301928 http_helpers.go:183] URL: https://daily-cloudcode-pa.googleapis.com/v1internal:streamGenerateContent?alt=sse Trace: 0xbe7460cfa2d4e6d0

2026-06-28 01:20:49.414 [error] [LS Main stderr] I0628 01:20:49.414176 301928 http_helpers.go:183] URL: https://daily-cloudcode-pa.googleapis.com/v1internal:streamGenerateContent?alt=sse Trace: 0xaf87704ecbfb52ae

2026-06-28 01:20:49.585 [error] [LS Main stderr] I0628 01:20:49.584672 301928 http_helpers.go:183] URL: https://daily-cloudcode-pa.googleapis.com/v1internal:streamGenerateContent?alt=sse Trace: 0x102e31760b9ee288

2026-06-28 01:20:50.828 [error] [LS Main stderr] I0628 01:20:50.828645 301928 http_helpers.go:183] URL: https://daily-cloudcode-pa.googleapis.com/v1internal:streamGenerateContent?alt=sse Trace: 0x9396525b7f4086e

2026-06-28 01:21:01.645 [error] [LS Main stderr] I0628 01:21:01.645143 301928 http_helpers.go:183] URL: https://daily-cloudcode-pa.googleapis.com/v1internal:streamGenerateContent?alt=sse Trace: 0x7984f775e3172455

2026-06-28 01:21:01.910 [error] [LS Main stderr] I0628 01:21:01.910639 301928 http_helpers.go:183] URL: https://daily-cloudcode-pa.googleapis.com/v1internal:streamGenerateContent?alt=sse Trace: 0x82f7ed3936194634

2026-06-28 01:21:03.227 [error] [LS Main stderr] I0628 01:21:03.227143 301928 http_helpers.go:183] URL: https://daily-cloudcode-pa.googleapis.com/v1internal:streamGenerateContent?alt=sse Trace: 0x870b35d691341c41

2026-06-28 01:21:17.814 [error] [LS Main stderr] I0628 01:21:17.814478 301928 http_helpers.go:183] URL: https://daily-cloudcode-pa.googleapis.com/v1internal:streamGenerateContent?alt=sse Trace: 0x748c559851ec7b5f

2026-06-28 01:21:18.155 [error] [LS Main stderr] I0628 01:21:18.155499 301928 http_helpers.go:183] URL: https://daily-cloudcode-pa.googleapis.com/v1internal:streamGenerateContent?alt=sse Trace: 0xbe85b7c069e674e0

2026-06-28 01:21:19.548 [error] [LS Main stderr] I0628 01:21:19.548409 301928 http_helpers.go:183] URL: https://daily-cloudcode-pa.googleapis.com/v1internal:streamGenerateContent?alt=sse Trace: 0x51e915b267726c88

2026-06-28 01:21:25.755 [error] [LS Main stderr] E0628 01:21:25.755509 301928 log.go:398] request failed: Post "https://daily-cloudcode-pa.googleapis.com/v1internal:streamGenerateContent?alt=sse": oauth2: cannot fetch token: context canceled

2026-06-28 01:21:25.756 [error] [LS Main stderr] E0628 01:21:25.755668 301928 interceptor.go:74] /exa.language_server_pb.LanguageServerService/HandleStreamingCommand (unknown): request failed: Post "https://daily-cloudcode-pa.googleapis.com/v1internal:streamGenerateContent?alt=sse": oauth2: cannot fetch token: context canceled

2026-06-28 01:21:25.908 [error] [LS Main stderr] E0628 01:21:25.907667 301928 log.go:398] request failed: Post "https://daily-cloudcode-pa.googleapis.com/v1internal:streamGenerateContent?alt=sse": oauth2: cannot fetch token: context canceled

2026-06-28 01:21:25.908 [error] [LS Main stderr] E0628 01:21:25.907844 301928 interceptor.go:74] /exa.language_server_pb.LanguageServerService/HandleStreamingCommand (unknown): request failed: Post "https://daily-cloudcode-pa.googleapis.com/v1internal:streamGenerateContent?alt=sse": oauth2: cannot fetch token: context canceled

2026-06-28 01:21:27.223 [error] [LS Main stderr] I0628 01:21:27.223448 301928 http_helpers.go:183] URL: https://daily-cloudcode-pa.googleapis.com/v1internal:streamGenerateContent?alt=sse Trace: 0x678ac474796be2f3

2026-06-28 01:21:27.743 [error] [LS Main stderr] I0628 01:21:27.743744 301928 http_helpers.go:183] URL: https://daily-cloudcode-pa.googleapis.com/v1internal:streamGenerateContent?alt=sse Trace: 0xb04b132fd71e5127

2026-06-28 01:21:28.964 [error] [LS Main stderr] I0628 01:21:28.964615 301928 http_helpers.go:183] URL: https://daily-cloudcode-pa.googleapis.com/v1internal:streamGenerateContent?alt=sse Trace: 0xc5cd25489849f356

2026-06-28 01:22:37.155 [error] [LS Main stderr] I0628 01:22:37.155197 301928 http_helpers.go:183] URL: https://daily-cloudcode-pa.googleapis.com/v1internal:streamGenerateContent?alt=sse Trace: 0x2fd16afa2fee3d1d

2026-06-28 01:22:37.467 [error] [LS Main stderr] I0628 01:22:37.467197 301928 http_helpers.go:183] URL: https://daily-cloudcode-pa.googleapis.com/v1internal:streamGenerateContent?alt=sse Trace: 0xd495e6058ad70349

2026-06-28 01:22:59.552 [error] [LS Main stderr] I0628 01:22:59.552216 301928 http_helpers.go:183] URL: https://daily-cloudcode-pa.googleapis.com/v1internal:streamGenerateContent?alt=sse Trace: 0xf8382344328f2825

2026-06-28 01:22:59.723 [error] [LS Main stderr] I0628 01:22:59.723642 301928 http_helpers.go:183] URL: https://daily-cloudcode-pa.googleapis.com/v1internal:streamGenerateContent?alt=sse Trace: 0x4367350ae82d5e29

2026-06-28 01:23:01.045 [error] [LS Main stderr] I0628 01:23:01.044695 301928 http_helpers.go:183] URL: https://daily-cloudcode-pa.googleapis.com/v1internal:streamGenerateContent?alt=sse Trace: 0x30551b476a355f81

2026-06-28 01:23:04.474 [error] [LS Main stderr] E0628 01:23:04.474682 301928 log.go:398] request failed: Post "https://daily-cloudcode-pa.googleapis.com/v1internal:streamGenerateContent?alt=sse": oauth2: cannot fetch token: context canceled
E0628 01:23:04.474758 301928 interceptor.go:74] /exa.language_server_pb.LanguageServerService/HandleStreamingCommand (unknown): request failed: Post "https://daily-cloudcode-pa.googleapis.com/v1internal:streamGenerateContent?alt=sse": oauth2: cannot fetch token: context canceled

2026-06-28 01:23:06.213 [error] [LS Main stderr] I0628 01:23:06.213412 301928 http_helpers.go:183] URL: https://daily-cloudcode-pa.googleapis.com/v1internal:streamGenerateContent?alt=sse Trace: 0xcb7e9e7e4b12f1df

2026-06-28 01:23:06.482 [error] [LS Main stderr] I0628 01:23:06.482575 301928 http_helpers.go:183] URL: https://daily-cloudcode-pa.googleapis.com/v1internal:streamGenerateContent?alt=sse Trace: 0x4c3993223f7e446f

2026-06-28 01:23:07.871 [error] [LS Main stderr] I0628 01:23:07.871589 301928 http_helpers.go:183] URL: https://daily-cloudcode-pa.googleapis.com/v1internal:streamGenerateContent?alt=sse Trace: 0x3dd26e0517c258e0

2026-06-28 01:23:08.048 [error] [LS Main stderr] I0628 01:23:08.047984 301928 http_helpers.go:183] URL: https://daily-cloudcode-pa.googleapis.com/v1internal:streamGenerateContent?alt=sse Trace: 0x82f84f875c448f5a

2026-06-28 01:23:13.040 [error] [LS Main stderr] I0628 01:23:13.039896 301928 http_helpers.go:183] URL: https://daily-cloudcode-pa.googleapis.com/v1internal:streamGenerateContent?alt=sse Trace: 0xccf24abf6b845077

2026-06-28 01:23:13.318 [error] [LS Main stderr] I0628 01:23:13.318701 301928 http_helpers.go:183] URL: https://daily-cloudcode-pa.googleapis.com/v1internal:streamGenerateContent?alt=sse Trace: 0x99eb7068c4ad0dfd

2026-06-28 01:23:14.441 [error] [LS Main stderr] I0628 01:23:14.440897 301928 http_helpers.go:183] URL: https://daily-cloudcode-pa.googleapis.com/v1internal:streamGenerateContent?alt=sse Trace: 0xd5fb636b22e2b84e

2026-06-28 01:23:15.052 [error] [LS Main stderr] I0628 01:23:15.052108 301928 http_helpers.go:183] URL: https://daily-cloudcode-pa.googleapis.com/v1internal:streamGenerateContent?alt=sse Trace: 0xdb2b7dc160f7b892

2026-06-28 01:23:15.315 [error] [LS Main stderr] I0628 01:23:15.315250 301928 http_helpers.go:183] URL: https://daily-cloudcode-pa.googleapis.com/v1internal:streamGenerateContent?alt=sse Trace: 0xf02e550bc253407f

2026-06-28 01:23:21.700 [error] [LS Main stderr] E0628 01:23:21.700359 301928 log.go:398] failed to check terminal shell support: internal: internal error

2026-06-28 01:23:21.702 [error] [LS Main stderr] E0628 01:23:21.702030 301928 log.go:398] failed to check terminal shell support: internal: internal error

2026-06-28 01:23:25.470 [error] [LS Main stderr] I0628 01:23:25.469955 301928 http_helpers.go:183] URL: https://daily-cloudcode-pa.googleapis.com/v1internal:loadCodeAssist Trace: 0x29218531c3776188

2026-06-28 01:23:26.411 [error] [LS Main stderr] I0628 01:23:26.410948 301928 http_helpers.go:183] URL: https://daily-cloudcode-pa.googleapis.com/v1internal:fetchAvailableModels Trace: 0x7758dd4344208df7

2026-06-28 01:23:26.416 [error] [LS Main stderr] E0628 01:23:26.416779 301928 log.go:398] failed to check terminal shell support: internal: internal error

2026-06-28 01:23:26.419 [error] [LS Main stderr] E0628 01:23:26.419427 301928 log.go:398] failed to check terminal shell support: internal: internal error

2026-06-28 01:23:26.424 [error] [LS Main stderr] E0628 01:23:26.422098 301928 log.go:398] failed to check terminal shell support: internal: internal error

2026-06-28 01:23:26.427 [error] [LS Main stderr] E0628 01:23:26.427334 301928 log.go:398] failed to check terminal shell support: internal: internal error

2026-06-28 01:23:26.429 [error] [LS Main stderr] E0628 01:23:26.429468 301928 log.go:398] failed to check terminal shell support: internal: internal error

2026-06-28 01:23:26.435 [error] [LS Main stderr] E0628 01:23:26.432104 301928 log.go:398] failed to check terminal shell support: internal: internal error

2026-06-28 01:23:28.043 [error] [LS Main stderr] I0628 01:23:28.043105 301928 http_helpers.go:183] URL: https://daily-cloudcode-pa.googleapis.com/v1internal:loadCodeAssist Trace: 0x1fb6e37ec4865a2f

2026-06-28 01:28:27.350 [error] [LS Main stderr] I0628 01:28:27.349904 301928 http_helpers.go:183] URL: https://daily-cloudcode-pa.googleapis.com/v1internal:loadCodeAssist Trace: 0xb3cc4abed18f4ef

2026-06-28 01:28:28.536 [error] [LS Main stderr] I0628 01:28:28.536211 301928 http_helpers.go:183] URL: https://daily-cloudcode-pa.googleapis.com/v1internal:fetchAvailableModels Trace: 0xf5ef3dab3c8e33ab

2026-06-28 01:28:28.547 [error] [LS Main stderr] E0628 01:28:28.546951 301928 log.go:398] failed to check terminal shell support: internal: internal error

2026-06-28 01:28:28.549 [error] [LS Main stderr] E0628 01:28:28.549718 301928 log.go:398] failed to check terminal shell support: internal: internal error

2026-06-28 01:29:30.967 [error] [LS Main stderr] I0628 01:29:30.966996 301928 http_helpers.go:183] URL: https://daily-cloudcode-pa.googleapis.com/v1internal:streamGenerateContent?alt=sse Trace: 0xff026b85d705b3f7

2026-06-28 01:29:31.480 [error] [LS Main stderr] I0628 01:29:31.480284 301928 http_helpers.go:183] URL: https://daily-cloudcode-pa.googleapis.com/v1internal:streamGenerateContent?alt=sse Trace: 0x3f2901e6f2e7c13b

2026-06-28 01:33:26.692 [error] [LS Main stderr] I0628 01:33:26.691986 301928 http_helpers.go:183] URL: https://daily-cloudcode-pa.googleapis.com/v1internal:loadCodeAssist Trace: 0xb904271822303a69

2026-06-28 01:33:28.023 [error] [LS Main stderr] I0628 01:33:28.022423 301928 http_helpers.go:183] URL: https://daily-cloudcode-pa.googleapis.com/v1internal:fetchAvailableModels Trace: 0xd5b0344648b8c3fb

2026-06-28 01:33:28.048 [error] [LS Main stderr] E0628 01:33:28.048094 301928 log.go:398] failed to check terminal shell support: internal: internal error

2026-06-28 01:33:28.051 [error] [LS Main stderr] E0628 01:33:28.051710 301928 log.go:398] failed to check terminal shell support: internal: internal error

2026-06-28 01:35:48.216 [error] [LS Main stderr] I0628 01:35:48.216366 301928 http_helpers.go:183] URL: https://daily-cloudcode-pa.googleapis.com/v1internal:streamGenerateContent?alt=sse Trace: 0x1443eb4d3800c593
I0628 01:35:48.216539 301928 http_helpers.go:183] URL: https://daily-cloudcode-pa.googleapis.com/v1internal:streamGenerateContent?alt=sse Trace: 0x43e6e53e05c75ad1

2026-06-28 01:36:11.478 [error] [LS Main stderr] I0628 01:36:11.477741 301928 http_helpers.go:183] URL: https://daily-cloudcode-pa.googleapis.com/v1internal:streamGenerateContent?alt=sse Trace: 0x86438d4bc90aed27

2026-06-28 01:36:11.679 [error] [LS Main stderr] I0628 01:36:11.679287 301928 http_helpers.go:183] URL: https://daily-cloudcode-pa.googleapis.com/v1internal:streamGenerateContent?alt=sse Trace: 0xf3d0bb84095cda2a

2026-06-28 01:36:29.363 [error] [LS Main stderr] I0628 01:36:29.363697 301928 http_helpers.go:183] URL: https://daily-cloudcode-pa.googleapis.com/v1internal:streamGenerateContent?alt=sse Trace: 0xcf8c67506cdd6aea

2026-06-28 01:36:29.793 [error] [LS Main stderr] I0628 01:36:29.793425 301928 http_helpers.go:183] URL: https://daily-cloudcode-pa.googleapis.com/v1internal:streamGenerateContent?alt=sse Trace: 0x4c1620ebde117aa6

2026-06-28 01:36:30.813 [error] [LS Main stderr] I0628 01:36:30.813469 301928 http_helpers.go:183] URL: https://daily-cloudcode-pa.googleapis.com/v1internal:streamGenerateContent?alt=sse Trace: 0x34f920862f37c7e9

2026-06-28 01:36:39.636 [error] [LS Main stderr] I0628 01:36:39.636487 301928 http_helpers.go:183] URL: https://daily-cloudcode-pa.googleapis.com/v1internal:streamGenerateContent?alt=sse Trace: 0x70299ea5da437fd0

2026-06-28 01:36:39.845 [error] [LS Main stderr] I0628 01:36:39.844984 301928 http_helpers.go:183] URL: https://daily-cloudcode-pa.googleapis.com/v1internal:streamGenerateContent?alt=sse Trace: 0xd04b9a3fc3016858

2026-06-28 01:36:57.456 [error] [LS Main stderr] I0628 01:36:57.455544 301928 http_helpers.go:183] URL: https://daily-cloudcode-pa.googleapis.com/v1internal:streamGenerateContent?alt=sse Trace: 0xfad7bef8185b86eb

2026-06-28 01:36:57.645 [error] [LS Main stderr] I0628 01:36:57.644513 301928 http_helpers.go:183] URL: https://daily-cloudcode-pa.googleapis.com/v1internal:streamGenerateContent?alt=sse Trace: 0xed67743c5db1e9c4

2026-06-28 01:36:59.365 [error] [LS Main stderr] I0628 01:36:59.364605 301928 http_helpers.go:183] URL: https://daily-cloudcode-pa.googleapis.com/v1internal:streamGenerateContent?alt=sse Trace: 0x82b3439ae1f30663

2026-06-28 01:36:59.536 [error] [LS Main stderr] I0628 01:36:59.536355 301928 http_helpers.go:183] URL: https://daily-cloudcode-pa.googleapis.com/v1internal:streamGenerateContent?alt=sse Trace: 0x435b8f5335ab5a8f

2026-06-28 01:37:01.904 [error] [LS Main stderr] E0628 01:37:01.803506 301928 log.go:398] Failed to set trajectory start index for sync refresh: could not convert a single message before hitting truncation; the most recent step (command_status) is too large to fit in the available context. It has ~2787 tokens (text: 2787, image: 0), exceeding the cascade_config.checkpoint_config.max_token_limit (1920). Consider reducing the size of the system instructions, or adjusting tool implementations to return smaller outputs
E0628 01:37:01.809916 301928 log.go:398] Failed to set trajectory start index for async refresh: could not convert a single message before hitting truncation; the most recent step (command_status) is too large to fit in the available context. It has ~2787 tokens (text: 2787, image: 0), exceeding the cascade_config.checkpoint_config.max_token_limit (1920). Consider reducing the size of the system instructions, or adjusting tool implementations to return smaller outputs

2026-06-28 01:37:03.277 [error] [LS Main stderr] I0628 01:37:03.276563 301928 http_helpers.go:183] URL: https://daily-cloudcode-pa.googleapis.com/v1internal:streamGenerateContent?alt=sse Trace: 0xc530b01e0054ac34

2026-06-28 01:37:03.377 [error] [LS Main stderr] I0628 01:37:03.376476 301928 http_helpers.go:183] URL: https://daily-cloudcode-pa.googleapis.com/v1internal:streamGenerateContent?alt=sse Trace: 0x2d57e1632cb65284

2026-06-28 01:37:08.568 [error] [LS Main stderr] I0628 01:37:08.567507 301928 http_helpers.go:183] URL: https://daily-cloudcode-pa.googleapis.com/v1internal:streamGenerateContent?alt=sse Trace: 0x8aa78fa985aa89e3

2026-06-28 01:37:08.912 [error] [LS Main stderr] I0628 01:37:08.910514 301928 http_helpers.go:183] URL: https://daily-cloudcode-pa.googleapis.com/v1internal:streamGenerateContent?alt=sse Trace: 0x7b072c14edd7ca78

2026-06-28 01:37:10.142 [error] [LS Main stderr] I0628 01:37:10.141486 301928 http_helpers.go:183] URL: https://daily-cloudcode-pa.googleapis.com/v1internal:streamGenerateContent?alt=sse Trace: 0x6d0821e28fcedb61

2026-06-28 01:37:10.344 [error] [LS Main stderr] I0628 01:37:10.343502 301928 http_helpers.go:183] URL: https://daily-cloudcode-pa.googleapis.com/v1internal:streamGenerateContent?alt=sse Trace: 0x418c367529983507

2026-06-28 01:37:11.379 [error] [LS Main stderr] I0628 01:37:11.377499 301928 http_helpers.go:183] URL: https://daily-cloudcode-pa.googleapis.com/v1internal:streamGenerateContent?alt=sse Trace: 0xf2bf8c357f0f58b9

2026-06-28 01:37:13.669 [error] [LS Main stderr] I0628 01:37:13.666478 301928 http_helpers.go:183] URL: https://daily-cloudcode-pa.googleapis.com/v1internal:streamGenerateContent?alt=sse Trace: 0x396b522068ac1b15

2026-06-28 01:37:14.030 [error] [LS Main stderr] I0628 01:37:14.029512 301928 http_helpers.go:183] URL: https://daily-cloudcode-pa.googleapis.com/v1internal:streamGenerateContent?alt=sse Trace: 0xbefc210c4f93313e

2026-06-28 01:37:15.742 [error] [LS Main stderr] I0628 01:37:15.741518 301928 http_helpers.go:183] URL: https://daily-cloudcode-pa.googleapis.com/v1internal:streamGenerateContent?alt=sse Trace: 0x7e6ecf18f61cf5c

2026-06-28 01:37:16.687 [error] [LS Main stderr] I0628 01:37:16.686501 301928 http_helpers.go:183] URL: https://daily-cloudcode-pa.googleapis.com/v1internal:streamGenerateContent?alt=sse Trace: 0xab5ad909c442ac2a

2026-06-28 01:37:17.203 [error] [LS Main stderr] I0628 01:37:17.203513 301928 http_helpers.go:183] URL: https://daily-cloudcode-pa.googleapis.com/v1internal:streamGenerateContent?alt=sse Trace: 0x6573edd12719c509

2026-06-28 01:37:23.020 [error] [LS Main stderr] I0628 01:37:23.020830 301928 http_helpers.go:183] URL: https://daily-cloudcode-pa.googleapis.com/v1internal:streamGenerateContent?alt=sse Trace: 0x7749d67e27cf7227

2026-06-28 01:37:23.348 [error] [LS Main stderr] I0628 01:37:23.348441 301928 http_helpers.go:183] URL: https://daily-cloudcode-pa.googleapis.com/v1internal:streamGenerateContent?alt=sse Trace: 0x8503bd921066f9a3

2026-06-28 01:37:24.678 [error] [LS Main stderr] I0628 01:37:24.678660 301928 http_helpers.go:183] URL: https://daily-cloudcode-pa.googleapis.com/v1internal:streamGenerateContent?alt=sse Trace: 0x4e56c2f40e97af9

2026-06-28 01:37:25.403 [error] [LS Main stderr] I0628 01:37:25.403047 301928 http_helpers.go:183] URL: https://daily-cloudcode-pa.googleapis.com/v1internal:streamGenerateContent?alt=sse Trace: 0xd84bf2fb4a5db85d

2026-06-28 01:37:25.508 [error] [LS Main stderr] I0628 01:37:25.508302 301928 http_helpers.go:183] URL: https://daily-cloudcode-pa.googleapis.com/v1internal:streamGenerateContent?alt=sse Trace: 0x744c49c0d50969ba

2026-06-28 01:37:30.413 [error] [LS Main stderr] I0628 01:37:30.413323 301928 http_helpers.go:183] URL: https://daily-cloudcode-pa.googleapis.com/v1internal:streamGenerateContent?alt=sse Trace: 0x9b2eb392e50465e7

2026-06-28 01:37:30.493 [error] [LS Main stderr] I0628 01:37:30.493366 301928 http_helpers.go:183] URL: https://daily-cloudcode-pa.googleapis.com/v1internal:streamGenerateContent?alt=sse Trace: 0x2d33aa9125e0470e

2026-06-28 01:37:31.538 [error] [LS Main stderr] I0628 01:37:31.538805 301928 http_helpers.go:183] URL: https://daily-cloudcode-pa.googleapis.com/v1internal:streamGenerateContent?alt=sse Trace: 0xd363f405354ad634

2026-06-28 01:37:37.034 [error] [LS Main stderr] I0628 01:37:37.033952 301928 http_helpers.go:183] URL: https://daily-cloudcode-pa.googleapis.com/v1internal:streamGenerateContent?alt=sse Trace: 0x11f939accaf1e09b

2026-06-28 01:37:41.574 [error] [LS Main stderr] I0628 01:37:41.574078 301928 http_helpers.go:183] URL: https://daily-cloudcode-pa.googleapis.com/v1internal:streamGenerateContent?alt=sse Trace: 0x51fab69933924574

2026-06-28 01:37:44.237 [error] [LS Main stderr] I0628 01:37:44.237037 301928 http_helpers.go:183] URL: https://daily-cloudcode-pa.googleapis.com/v1internal:streamGenerateContent?alt=sse Trace: 0x885a32d11b9bc0fb

2026-06-28 01:37:44.318 [error] [LS Main stderr] I0628 01:37:44.318814 301928 http_helpers.go:183] URL: https://daily-cloudcode-pa.googleapis.com/v1internal:streamGenerateContent?alt=sse Trace: 0x4f66cefeda2ab9fe

2026-06-28 01:37:45.696 [error] [LS Main stderr] I0628 01:37:45.696425 301928 http_helpers.go:183] URL: https://daily-cloudcode-pa.googleapis.com/v1internal:streamGenerateContent?alt=sse Trace: 0x5b7f8194dab177f5

2026-06-28 01:37:56.173 [error] [LS Main stderr] I0628 01:37:56.173158 301928 http_helpers.go:183] URL: https://daily-cloudcode-pa.googleapis.com/v1internal:streamGenerateContent?alt=sse Trace: 0xf35392fd1cfe011

2026-06-28 01:37:56.476 [error] [LS Main stderr] I0628 01:37:56.476364 301928 http_helpers.go:183] URL: https://daily-cloudcode-pa.googleapis.com/v1internal:streamGenerateContent?alt=sse Trace: 0x76df05b2c552cd4d

2026-06-28 01:37:57.652 [error] [LS Main stderr] I0628 01:37:57.652098 301928 http_helpers.go:183] URL: https://daily-cloudcode-pa.googleapis.com/v1internal:streamGenerateContent?alt=sse Trace: 0x5d968601692dd3fe

2026-06-28 01:38:03.871 [error] [LS Main stderr] I0628 01:38:03.870771 301928 http_helpers.go:183] URL: https://daily-cloudcode-pa.googleapis.com/v1internal:streamGenerateContent?alt=sse Trace: 0x936db2a3f1d13c54

2026-06-28 01:38:03.965 [error] [LS Main stderr] I0628 01:38:03.965731 301928 http_helpers.go:183] URL: https://daily-cloudcode-pa.googleapis.com/v1internal:streamGenerateContent?alt=sse Trace: 0xdcc154af9782336a

2026-06-28 01:38:05.024 [error] [LS Main stderr] I0628 01:38:05.024476 301928 http_helpers.go:183] URL: https://daily-cloudcode-pa.googleapis.com/v1internal:streamGenerateContent?alt=sse Trace: 0x6ddda30813591c4

2026-06-28 01:38:06.664 [error] [LS Main stderr] I0628 01:38:06.663784 301928 http_helpers.go:183] URL: https://daily-cloudcode-pa.googleapis.com/v1internal:streamGenerateContent?alt=sse Trace: 0x95b1f483d34ab704

2026-06-28 01:38:06.670 [error] [LS Main stderr] I0628 01:38:06.670347 301928 http_helpers.go:183] URL: https://daily-cloudcode-pa.googleapis.com/v1internal:streamGenerateContent?alt=sse Trace: 0x6fa941be09c23568

2026-06-28 01:38:07.827 [error] [LS Main stderr] I0628 01:38:07.826549 301928 http_helpers.go:183] URL: https://daily-cloudcode-pa.googleapis.com/v1internal:streamGenerateContent?alt=sse Trace: 0x925fb99bf3fbadad

2026-06-28 01:38:09.223 [error] [LS Main stderr] I0628 01:38:09.222858 301928 http_helpers.go:183] URL: https://daily-cloudcode-pa.googleapis.com/v1internal:streamGenerateContent?alt=sse Trace: 0xd32e46480ba7b59f

2026-06-28 01:38:09.530 [error] [LS Main stderr] I0628 01:38:09.530183 301928 http_helpers.go:183] URL: https://daily-cloudcode-pa.googleapis.com/v1internal:streamGenerateContent?alt=sse Trace: 0x581e6849a94760e2

2026-06-28 01:38:10.558 [error] [LS Main stderr] I0628 01:38:10.558071 301928 http_helpers.go:183] URL: https://daily-cloudcode-pa.googleapis.com/v1internal:streamGenerateContent?alt=sse Trace: 0x617b04ad58a63906

2026-06-28 01:38:26.735 [error] [LS Main stderr] I0628 01:38:26.734516 301928 http_helpers.go:183] URL: https://daily-cloudcode-pa.googleapis.com/v1internal:loadCodeAssist Trace: 0x3c94a9f3b5e3ac0e

2026-06-28 01:38:27.431 [error] [LS Main stderr] I0628 01:38:27.431277 301928 http_helpers.go:183] URL: https://daily-cloudcode-pa.googleapis.com/v1internal:fetchAvailableModels Trace: 0xae59935be9b07f25

2026-06-28 01:38:27.451 [error] [LS Main stderr] E0628 01:38:27.451292 301928 log.go:398] failed to check terminal shell support: internal: internal error

2026-06-28 01:38:27.459 [error] [LS Main stderr] E0628 01:38:27.458188 301928 log.go:398] failed to check terminal shell support: internal: internal error

2026-06-28 01:41:18.820 [error] [LS Main stderr] E0628 01:41:18.820830 301928 log.go:398] failed to check terminal shell support: internal: internal error

2026-06-28 01:41:18.823 [error] [LS Main stderr] E0628 01:41:18.823377 301928 log.go:398] failed to check terminal shell support: internal: internal error

2026-06-28 01:41:20.650 [error] [LS Main stderr] E0628 01:41:20.649320 301928 log.go:398] failed to check terminal shell support: internal: internal error

2026-06-28 01:41:20.654 [error] [LS Main stderr] E0628 01:41:20.654529 301928 log.go:398] failed to check terminal shell support: internal: internal error

2026-06-28 01:43:26.899 [error] [LS Main stderr] I0628 01:43:26.899010 301928 http_helpers.go:183] URL: https://daily-cloudcode-pa.googleapis.com/v1internal:loadCodeAssist Trace: 0x7f87ca439f50be4b

2026-06-28 01:43:27.711 [error] [LS Main stderr] I0628 01:43:27.711305 301928 http_helpers.go:183] URL: https://daily-cloudcode-pa.googleapis.com/v1internal:fetchAvailableModels Trace: 0xc4f87917508fa92d

2026-06-28 01:43:27.724 [error] [LS Main stderr] E0628 01:43:27.723754 301928 log.go:398] failed to check terminal shell support: internal: internal error

2026-06-28 01:43:27.728 [error] [LS Main stderr] E0628 01:43:27.728408 301928 log.go:398] failed to check terminal shell support: internal: internal error

2026-06-28 01:47:41.139 [error] [LS Main stderr] E0628 01:47:41.139546 301928 log.go:398] failed to check terminal shell support: internal: internal error

2026-06-28 01:47:41.140 [error] [LS Main stderr] E0628 01:47:41.140550 301928 log.go:398] failed to check terminal shell support: internal: internal error

2026-06-28 01:47:41.144 [error] [LS Main stderr] E0628 01:47:41.144202 301928 log.go:398] failed to check terminal shell support: internal: internal error

2026-06-28 01:47:41.145 [error] [LS Main stderr] E0628 01:47:41.145661 301928 log.go:398] failed to check terminal shell support: internal: internal error

2026-06-28 01:47:41.264 [error] [LS Main stderr] E0628 01:47:41.264057 301928 log.go:398] failed to check terminal shell support: internal: internal error

2026-06-28 01:47:41.266 [error] [LS Main stderr] E0628 01:47:41.266004 301928 log.go:398] failed to check terminal shell support: internal: internal error

2026-06-28 01:47:41.284 [error] [LS Main stderr] E0628 01:47:41.284123 301928 log.go:398] failed to check terminal shell support: internal: internal error

2026-06-28 01:47:41.286 [error] [LS Main stderr] E0628 01:47:41.286317 301928 log.go:398] failed to check terminal shell support: internal: internal error

2026-06-28 01:47:42.023 [error] [LS Main stderr] E0628 01:47:42.022881 301928 log.go:398] failed to check terminal shell support: internal: internal error

2026-06-28 01:47:42.025 [error] [LS Main stderr] E0628 01:47:42.024926 301928 log.go:398] failed to check terminal shell support: internal: internal error

2026-06-28 01:47:42.445 [error] [LS Main stderr] E0628 01:47:42.445257 301928 log.go:398] failed to check terminal shell support: internal: internal error

2026-06-28 01:47:42.447 [error] [LS Main stderr] E0628 01:47:42.447099 301928 log.go:398] failed to check terminal shell support: internal: internal error

2026-06-28 01:47:42.458 [error] [LS Main stderr] E0628 01:47:42.457539 301928 log.go:398] failed to check terminal shell support: internal: internal error

2026-06-28 01:47:42.459 [error] [LS Main stderr] E0628 01:47:42.459789 301928 log.go:398] failed to check terminal shell support: internal: internal error

2026-06-28 01:48:18.691 [error] [LS Main stderr] E0628 01:48:18.688494 301928 log.go:398] failed to check terminal shell support: internal: internal error

2026-06-28 01:48:18.691 [error] [LS Main stderr] E0628 01:48:18.691397 301928 log.go:398] failed to check terminal shell support: internal: internal error

2026-06-28 01:48:18.790 [error] [LS Main stderr] E0628 01:48:18.790040 301928 log.go:398] failed to check terminal shell support: internal: internal error

2026-06-28 01:48:18.792 [error] [LS Main stderr] E0628 01:48:18.792717 301928 log.go:398] failed to check terminal shell support: internal: internal error

2026-06-28 01:48:18.794 [error] [LS Main stderr] E0628 01:48:18.794302 301928 log.go:398] failed to check terminal shell support: internal: internal error

2026-06-28 01:48:18.796 [error] [LS Main stderr] E0628 01:48:18.796366 301928 log.go:398] failed to check terminal shell support: internal: internal error

2026-06-28 01:48:18.798 [error] [LS Main stderr] E0628 01:48:18.798394 301928 log.go:398] failed to check terminal shell support: internal: internal error

2026-06-28 01:48:18.805 [error] [LS Main stderr] E0628 01:48:18.805097 301928 log.go:398] failed to check terminal shell support: internal: internal error

2026-06-28 01:48:18.809 [error] [LS Main stderr] E0628 01:48:18.809303 301928 log.go:398] failed to check terminal shell support: internal: internal error

2026-06-28 01:48:18.959 [error] [LS Main stderr] E0628 01:48:18.959423 301928 log.go:398] failed to check terminal shell support: internal: internal error

2026-06-28 01:48:18.962 [error] [LS Main stderr] E0628 01:48:18.962508 301928 log.go:398] failed to check terminal shell support: internal: internal error

2026-06-28 01:48:18.991 [error] [LS Main stderr] E0628 01:48:18.990273 301928 log.go:398] failed to check terminal shell support: internal: internal error

2026-06-28 01:48:18.993 [error] [LS Main stderr] E0628 01:48:18.992341 301928 log.go:398] failed to check terminal shell support: internal: internal error

2026-06-28 01:48:19.016 [error] [LS Main stderr] E0628 01:48:19.016394 301928 log.go:398] failed to check terminal shell support: internal: internal error

2026-06-28 01:48:19.023 [error] [LS Main stderr] E0628 01:48:19.023406 301928 log.go:398] failed to check terminal shell support: internal: internal error

2026-06-28 01:48:20.021 [error] [LS Main stderr] E0628 01:48:20.021090 301928 log.go:398] failed to check terminal shell support: internal: internal error

2026-06-28 01:48:20.023 [error] [LS Main stderr] E0628 01:48:20.023203 301928 log.go:398] failed to check terminal shell support: internal: internal error

2026-06-28 01:48:26.279 [error] [LS Main stderr] I0628 01:48:26.278803 301928 http_helpers.go:183] URL: https://daily-cloudcode-pa.googleapis.com/v1internal:streamGenerateContent?alt=sse Trace: 0x6b5fe5084cf176bf

2026-06-28 01:48:26.450 [error] [LS Main stderr] I0628 01:48:26.449992 301928 http_helpers.go:183] URL: https://daily-cloudcode-pa.googleapis.com/v1internal:loadCodeAssist Trace: 0x2a20ac4a26bcc243

2026-06-28 01:48:27.720 [error] [LS Main stderr] I0628 01:48:27.720311 301928 http_helpers.go:183] URL: https://daily-cloudcode-pa.googleapis.com/v1internal:fetchAvailableModels Trace: 0x16ebaed6161e5040

2026-06-28 01:48:27.734 [error] [LS Main stderr] E0628 01:48:27.732985 301928 log.go:398] failed to check terminal shell support: internal: internal error

2026-06-28 01:48:27.734 [error] [LS Main stderr] E0628 01:48:27.734913 301928 log.go:398] failed to check terminal shell support: internal: internal error

2026-06-28 01:48:27.736 [error] [LS Main stderr] E0628 01:48:27.736309 301928 log.go:398] failed to check terminal shell support: internal: internal error

2026-06-28 01:48:27.737 [error] [LS Main stderr] E0628 01:48:27.737805 301928 log.go:398] failed to check terminal shell support: internal: internal error

2026-06-28 01:48:27.740 [error] [LS Main stderr] E0628 01:48:27.740340 301928 log.go:398] failed to check terminal shell support: internal: internal error

2026-06-28 01:48:27.742 [error] [LS Main stderr] E0628 01:48:27.742022 301928 log.go:398] failed to check terminal shell support: internal: internal error

2026-06-28 01:48:27.761 [error] [LS Main stderr] E0628 01:48:27.761090 301928 log.go:398] failed to check terminal shell support: internal: internal error

2026-06-28 01:48:27.768 [error] [LS Main stderr] E0628 01:48:27.767756 301928 log.go:398] failed to check terminal shell support: internal: internal error

2026-06-28 01:48:27.849 [error] [LS Main stderr] E0628 01:48:27.849113 301928 log.go:398] failed to check terminal shell support: internal: internal error

2026-06-28 01:48:27.850 [error] [LS Main stderr] E0628 01:48:27.850736 301928 log.go:398] failed to check terminal shell support: internal: internal error

2026-06-28 01:48:33.155 [error] [LS Main stderr] I0628 01:48:33.154863 301928 http_helpers.go:183] URL: https://daily-cloudcode-pa.googleapis.com/v1internal:streamGenerateContent?alt=sse Trace: 0x6786ee1fedbfd707

2026-06-28 01:48:33.219 [error] [LS Main stderr] E0628 01:48:33.219478 301928 log.go:398] failed to check terminal shell support: internal: internal error

2026-06-28 01:48:33.221 [error] [LS Main stderr] E0628 01:48:33.220877 301928 log.go:398] failed to check terminal shell support: internal: internal error

2026-06-28 01:48:33.262 [error] [LS Main stderr] E0628 01:48:33.262049 301928 log.go:398] failed to check terminal shell support: internal: internal error

2026-06-28 01:48:33.264 [error] [LS Main stderr] E0628 01:48:33.264082 301928 log.go:398] failed to check terminal shell support: internal: internal error

2026-06-28 01:48:33.278 [error] [LS Main stderr] E0628 01:48:33.278348 301928 log.go:398] failed to check terminal shell support: internal: internal error

2026-06-28 01:48:33.280 [error] [LS Main stderr] E0628 01:48:33.279892 301928 log.go:398] failed to check terminal shell support: internal: internal error

2026-06-28 01:48:37.782 [error] [LS Main stderr] I0628 01:48:37.782286 301928 http_helpers.go:183] URL: https://daily-cloudcode-pa.googleapis.com/v1internal:streamGenerateContent?alt=sse Trace: 0x6a79b592f8b22d74

2026-06-28 01:48:37.836 [error] [LS Main stderr] E0628 01:48:37.836053 301928 log.go:398] failed to check terminal shell support: internal: internal error

2026-06-28 01:48:37.838 [error] [LS Main stderr] E0628 01:48:37.837337 301928 log.go:398] failed to check terminal shell support: internal: internal error

2026-06-28 01:48:38.347 [error] [LS Main stderr] E0628 01:48:38.346892 301928 log.go:398] failed to check terminal shell support: internal: internal error

2026-06-28 01:48:38.348 [error] [LS Main stderr] E0628 01:48:38.348619 301928 log.go:398] failed to check terminal shell support: internal: internal error

2026-06-28 01:48:38.384 [error] [LS Main stderr] E0628 01:48:38.383369 301928 log.go:398] failed to check terminal shell support: internal: internal error

2026-06-28 01:48:38.386 [error] [LS Main stderr] E0628 01:48:38.386171 301928 log.go:398] failed to check terminal shell support: internal: internal error

2026-06-28 01:48:43.998 [error] [LS Main stderr] I0628 01:48:43.997660 301928 http_helpers.go:183] URL: https://daily-cloudcode-pa.googleapis.com/v1internal:streamGenerateContent?alt=sse Trace: 0xabde80a1c837dbd3

2026-06-28 01:48:44.041 [error] [LS Main stderr] E0628 01:48:44.040970 301928 log.go:398] failed to check terminal shell support: internal: internal error

2026-06-28 01:48:44.046 [error] [LS Main stderr] E0628 01:48:44.046314 301928 log.go:398] failed to check terminal shell support: internal: internal error

2026-06-28 01:48:45.330 [error] [LS Main stderr] E0628 01:48:45.330622 301928 log.go:398] failed to check terminal shell support: internal: internal error

2026-06-28 01:48:45.332 [error] [LS Main stderr] E0628 01:48:45.332386 301928 log.go:398] failed to check terminal shell support: internal: internal error

2026-06-28 01:48:45.361 [error] [LS Main stderr] E0628 01:48:45.361324 301928 log.go:398] failed to check terminal shell support: internal: internal error

2026-06-28 01:48:45.364 [error] [LS Main stderr] E0628 01:48:45.364161 301928 log.go:398] failed to check terminal shell support: internal: internal error

2026-06-28 01:48:50.974 [error] [LS Main stderr] I0628 01:48:50.973454 301928 http_helpers.go:183] URL: https://daily-cloudcode-pa.googleapis.com/v1internal:streamGenerateContent?alt=sse Trace: 0x62463ecbd65fa5fe

2026-06-28 01:48:51.016 [error] [LS Main stderr] E0628 01:48:51.016436 301928 log.go:398] failed to check terminal shell support: internal: internal error

2026-06-28 01:48:51.019 [error] [LS Main stderr] E0628 01:48:51.018371 301928 log.go:398] failed to check terminal shell support: internal: internal error

2026-06-28 01:48:51.235 [error] [LS Main stderr] E0628 01:48:51.235137 301928 log.go:398] failed to check terminal shell support: internal: internal error

2026-06-28 01:48:51.237 [error] [LS Main stderr] E0628 01:48:51.237345 301928 log.go:398] failed to check terminal shell support: internal: internal error

2026-06-28 01:48:51.295 [error] [LS Main stderr] E0628 01:48:51.295376 301928 log.go:398] failed to check terminal shell support: internal: internal error

2026-06-28 01:48:51.298 [error] [LS Main stderr] E0628 01:48:51.298023 301928 log.go:398] failed to check terminal shell support: internal: internal error

2026-06-28 01:48:57.116 [error] [LS Main stderr] I0628 01:48:57.116192 301928 http_helpers.go:183] URL: https://daily-cloudcode-pa.googleapis.com/v1internal:streamGenerateContent?alt=sse Trace: 0x5563b2d2060e0227

2026-06-28 01:48:57.162 [error] [LS Main stderr] E0628 01:48:57.162131 301928 log.go:398] failed to check terminal shell support: internal: internal error

2026-06-28 01:48:57.163 [error] [LS Main stderr] E0628 01:48:57.163326 301928 log.go:398] failed to check terminal shell support: internal: internal error

2026-06-28 01:48:57.382 [error] [LS Main stderr] E0628 01:48:57.382510 301928 log.go:398] failed to check terminal shell support: internal: internal error

2026-06-28 01:48:57.383 [error] [LS Main stderr] E0628 01:48:57.383538 301928 log.go:398] failed to check terminal shell support: internal: internal error

2026-06-28 01:48:57.592 [error] [LS Main stderr] E0628 01:48:57.592010 301928 log.go:398] failed to check terminal shell support: internal: internal error

2026-06-28 01:48:57.593 [error] [LS Main stderr] E0628 01:48:57.593234 301928 log.go:398] failed to check terminal shell support: internal: internal error

2026-06-28 01:49:02.443 [error] [LS Main stderr] I0628 01:49:02.442951 301928 http_helpers.go:183] URL: https://daily-cloudcode-pa.googleapis.com/v1internal:streamGenerateContent?alt=sse Trace: 0xfa79f05a88be8247

2026-06-28 01:49:02.506 [error] [LS Main stderr] E0628 01:49:02.506352 301928 log.go:398] failed to check terminal shell support: internal: internal error

2026-06-28 01:49:02.520 [error] [LS Main stderr] E0628 01:49:02.520121 301928 log.go:398] failed to check terminal shell support: internal: internal error

2026-06-28 01:49:02.566 [error] [LS Main stderr] E0628 01:49:02.565376 301928 log.go:398] failed to check terminal shell support: internal: internal error

2026-06-28 01:49:02.568 [error] [LS Main stderr] E0628 01:49:02.568398 301928 log.go:398] failed to check terminal shell support: internal: internal error

2026-06-28 01:49:02.612 [error] [LS Main stderr] E0628 01:49:02.612338 301928 log.go:398] failed to check terminal shell support: internal: internal error

2026-06-28 01:49:02.615 [error] [LS Main stderr] E0628 01:49:02.614317 301928 log.go:398] failed to check terminal shell support: internal: internal error

2026-06-28 01:49:07.562 [error] [LS Main stderr] I0628 01:49:07.562467 301928 http_helpers.go:183] URL: https://daily-cloudcode-pa.googleapis.com/v1internal:streamGenerateContent?alt=sse Trace: 0xc98dab2e325a4b45

2026-06-28 01:49:07.616 [error] [LS Main stderr] E0628 01:49:07.616331 301928 log.go:398] failed to check terminal shell support: internal: internal error

2026-06-28 01:49:07.618 [error] [LS Main stderr] E0628 01:49:07.617844 301928 log.go:398] failed to check terminal shell support: internal: internal error

2026-06-28 01:49:07.703 [error] [LS Main stderr] E0628 01:49:07.702432 301928 log.go:398] failed to check terminal shell support: internal: internal error

2026-06-28 01:49:07.704 [error] [LS Main stderr] E0628 01:49:07.704352 301928 log.go:398] failed to check terminal shell support: internal: internal error

2026-06-28 01:49:07.737 [error] [LS Main stderr] E0628 01:49:07.737098 301928 log.go:398] failed to check terminal shell support: internal: internal error

2026-06-28 01:49:07.739 [error] [LS Main stderr] E0628 01:49:07.738815 301928 log.go:398] failed to check terminal shell support: internal: internal error

2026-06-28 01:49:12.572 [error] [LS Main stderr] I0628 01:49:12.571999 301928 http_helpers.go:183] URL: https://daily-cloudcode-pa.googleapis.com/v1internal:streamGenerateContent?alt=sse Trace: 0xbedf00b67caa42e7

2026-06-28 01:49:12.623 [error] [LS Main stderr] E0628 01:49:12.622868 301928 log.go:398] failed to check terminal shell support: internal: internal error

2026-06-28 01:49:12.624 [error] [LS Main stderr] E0628 01:49:12.624033 301928 log.go:398] failed to check terminal shell support: internal: internal error

2026-06-28 01:49:23.977 [error] [LS Main stderr] E0628 01:49:23.977168 301928 log.go:398] failed to check terminal shell support: internal: internal error

2026-06-28 01:49:23.979 [error] [LS Main stderr] E0628 01:49:23.979221 301928 log.go:398] failed to check terminal shell support: internal: internal error

2026-06-28 01:49:26.064 [error] [LS Main stderr] E0628 01:49:26.064387 301928 log.go:398] failed to check terminal shell support: internal: internal error

2026-06-28 01:49:26.066 [error] [LS Main stderr] E0628 01:49:26.065838 301928 log.go:398] failed to check terminal shell support: internal: internal error

2026-06-28 01:49:32.037 [error] [LS Main stderr] I0628 01:49:32.037612 301928 http_helpers.go:183] URL: https://daily-cloudcode-pa.googleapis.com/v1internal:streamGenerateContent?alt=sse Trace: 0xc24bd81ae27ae300

2026-06-28 01:49:32.092 [error] [LS Main stderr] E0628 01:49:32.091976 301928 log.go:398] failed to check terminal shell support: internal: internal error

2026-06-28 01:49:32.094 [error] [LS Main stderr] E0628 01:49:32.094271 301928 log.go:398] failed to check terminal shell support: internal: internal error

2026-06-28 01:49:32.393 [error] [LS Main stderr] E0628 01:49:32.393137 301928 log.go:398] failed to check terminal shell support: internal: internal error

2026-06-28 01:49:32.395 [error] [LS Main stderr] E0628 01:49:32.394442 301928 log.go:398] failed to check terminal shell support: internal: internal error

2026-06-28 01:49:34.482 [error] [LS Main stderr] E0628 01:49:34.481993 301928 log.go:398] failed to check terminal shell support: internal: internal error

2026-06-28 01:49:34.483 [error] [LS Main stderr] E0628 01:49:34.483842 301928 log.go:398] failed to check terminal shell support: internal: internal error

2026-06-28 01:49:39.613 [error] [LS Main stderr] I0628 01:49:39.612971 301928 http_helpers.go:183] URL: https://daily-cloudcode-pa.googleapis.com/v1internal:streamGenerateContent?alt=sse Trace: 0x1251b6364ecce74c

2026-06-28 01:49:39.659 [error] [LS Main stderr] E0628 01:49:39.659070 301928 log.go:398] failed to check terminal shell support: internal: internal error

2026-06-28 01:49:39.661 [error] [LS Main stderr] E0628 01:49:39.660863 301928 log.go:398] failed to check terminal shell support: internal: internal error

2026-06-28 01:49:42.061 [error] [LS Main stderr] E0628 01:49:42.061062 301928 log.go:398] failed to check terminal shell support: internal: internal error

2026-06-28 01:49:42.063 [error] [LS Main stderr] E0628 01:49:42.063646 301928 log.go:398] failed to check terminal shell support: internal: internal error

2026-06-28 01:49:42.173 [error] [LS Main stderr] E0628 01:49:42.173006 301928 log.go:398] failed to check terminal shell support: internal: internal error

2026-06-28 01:49:42.175 [error] [LS Main stderr] E0628 01:49:42.174991 301928 log.go:398] failed to check terminal shell support: internal: internal error

2026-06-28 01:49:47.396 [error] [LS Main stderr] I0628 01:49:47.395450 301928 http_helpers.go:183] URL: https://daily-cloudcode-pa.googleapis.com/v1internal:streamGenerateContent?alt=sse Trace: 0xefbdb278ab2b58d1

2026-06-28 01:49:47.450 [error] [LS Main stderr] E0628 01:49:47.450296 301928 log.go:398] failed to check terminal shell support: internal: internal error

2026-06-28 01:49:47.453 [error] [LS Main stderr] E0628 01:49:47.452183 301928 log.go:398] failed to check terminal shell support: internal: internal error

2026-06-28 01:49:48.259 [error] [LS Main stderr] E0628 01:49:48.259341 301928 log.go:398] failed to check terminal shell support: internal: internal error

2026-06-28 01:49:48.262 [error] [LS Main stderr] E0628 01:49:48.262037 301928 log.go:398] failed to check terminal shell support: internal: internal error

2026-06-28 01:49:48.367 [error] [LS Main stderr] E0628 01:49:48.366339 301928 log.go:398] failed to check terminal shell support: internal: internal error

2026-06-28 01:49:48.368 [error] [LS Main stderr] E0628 01:49:48.368701 301928 log.go:398] failed to check terminal shell support: internal: internal error

2026-06-28 01:49:53.746 [error] [LS Main stderr] I0628 01:49:53.746263 301928 http_helpers.go:183] URL: https://daily-cloudcode-pa.googleapis.com/v1internal:streamGenerateContent?alt=sse Trace: 0x26540e1ba49d93c

2026-06-28 01:49:53.803 [error] [LS Main stderr] E0628 01:49:53.803379 301928 log.go:398] failed to check terminal shell support: internal: internal error

2026-06-28 01:49:53.805 [error] [LS Main stderr] E0628 01:49:53.805226 301928 log.go:398] failed to check terminal shell support: internal: internal error

2026-06-28 01:49:56.458 [error] [LS Main stderr] E0628 01:49:56.458093 301928 log.go:398] failed to check terminal shell support: internal: internal error

2026-06-28 01:49:56.460 [error] [LS Main stderr] E0628 01:49:56.459923 301928 log.go:398] failed to check terminal shell support: internal: internal error

2026-06-28 01:49:56.729 [error] [LS Main stderr] E0628 01:49:56.729337 301928 log.go:398] failed to check terminal shell support: internal: internal error

2026-06-28 01:49:56.731 [error] [LS Main stderr] E0628 01:49:56.731343 301928 log.go:398] failed to check terminal shell support: internal: internal error

2026-06-28 01:50:02.347 [error] [LS Main stderr] I0628 01:50:02.347042 301928 http_helpers.go:183] URL: https://daily-cloudcode-pa.googleapis.com/v1internal:streamGenerateContent?alt=sse Trace: 0x9cb6c3e729c24410

2026-06-28 01:50:02.407 [error] [LS Main stderr] E0628 01:50:02.406823 301928 log.go:398] failed to check terminal shell support: internal: internal error

2026-06-28 01:50:02.409 [error] [LS Main stderr] E0628 01:50:02.408986 301928 log.go:398] failed to check terminal shell support: internal: internal error

2026-06-28 01:50:02.514 [error] [LS Main stderr] E0628 01:50:02.514470 301928 log.go:398] failed to check terminal shell support: internal: internal error

2026-06-28 01:50:02.516 [error] [LS Main stderr] E0628 01:50:02.515998 301928 log.go:398] failed to check terminal shell support: internal: internal error

2026-06-28 01:50:02.554 [error] [LS Main stderr] E0628 01:50:02.554032 301928 log.go:398] failed to check terminal shell support: internal: internal error

2026-06-28 01:50:02.557 [error] [LS Main stderr] E0628 01:50:02.557047 301928 log.go:398] failed to check terminal shell support: internal: internal error

2026-06-28 01:50:08.082 [error] [LS Main stderr] I0628 01:50:08.081385 301928 http_helpers.go:183] URL: https://daily-cloudcode-pa.googleapis.com/v1internal:streamGenerateContent?alt=sse Trace: 0xa9183fe34c5d40a9

2026-06-28 01:50:08.129 [error] [LS Main stderr] E0628 01:50:08.128422 301928 log.go:398] failed to check terminal shell support: internal: internal error

2026-06-28 01:50:08.130 [error] [LS Main stderr] E0628 01:50:08.130332 301928 log.go:398] failed to check terminal shell support: internal: internal error

2026-06-28 01:50:11.428 [error] [LS Main stderr] E0628 01:50:11.428129 301928 log.go:398] failed to check terminal shell support: internal: internal error

2026-06-28 01:50:11.430 [error] [LS Main stderr] E0628 01:50:11.430352 301928 log.go:398] failed to check terminal shell support: internal: internal error

2026-06-28 01:50:11.468 [error] [LS Main stderr] E0628 01:50:11.468432 301928 log.go:398] failed to check terminal shell support: internal: internal error

2026-06-28 01:50:11.470 [error] [LS Main stderr] E0628 01:50:11.470077 301928 log.go:398] failed to check terminal shell support: internal: internal error

2026-06-28 01:50:17.092 [error] [LS Main stderr] I0628 01:50:17.092106 301928 http_helpers.go:183] URL: https://daily-cloudcode-pa.googleapis.com/v1internal:streamGenerateContent?alt=sse Trace: 0xe5c2f8695231c807

2026-06-28 01:50:17.146 [error] [LS Main stderr] E0628 01:50:17.146393 301928 log.go:398] failed to check terminal shell support: internal: internal error

2026-06-28 01:50:17.148 [error] [LS Main stderr] E0628 01:50:17.148370 301928 log.go:398] failed to check terminal shell support: internal: internal error

2026-06-28 01:50:18.367 [error] [LS Main stderr] E0628 01:50:18.367028 301928 log.go:398] failed to check terminal shell support: internal: internal error

2026-06-28 01:50:18.368 [error] [LS Main stderr] E0628 01:50:18.368233 301928 log.go:398] failed to check terminal shell support: internal: internal error

2026-06-28 01:50:18.645 [error] [LS Main stderr] E0628 01:50:18.644324 301928 log.go:398] failed to check terminal shell support: internal: internal error

2026-06-28 01:50:18.647 [error] [LS Main stderr] E0628 01:50:18.647379 301928 log.go:398] failed to check terminal shell support: internal: internal error

2026-06-28 01:50:24.056 [error] [LS Main stderr] I0628 01:50:24.056058 301928 http_helpers.go:183] URL: https://daily-cloudcode-pa.googleapis.com/v1internal:streamGenerateContent?alt=sse Trace: 0xe0322946f3ce97f3

2026-06-28 01:50:24.113 [error] [LS Main stderr] E0628 01:50:24.113276 301928 log.go:398] failed to check terminal shell support: internal: internal error

2026-06-28 01:50:24.114 [error] [LS Main stderr] E0628 01:50:24.114581 301928 log.go:398] failed to check terminal shell support: internal: internal error

2026-06-28 01:50:25.201 [error] [LS Main stderr] E0628 01:50:25.201699 301928 log.go:398] failed to check terminal shell support: internal: internal error

2026-06-28 01:50:25.203 [error] [LS Main stderr] E0628 01:50:25.203318 301928 log.go:398] failed to check terminal shell support: internal: internal error

2026-06-28 01:50:25.632 [error] [LS Main stderr] E0628 01:50:25.632067 301928 log.go:398] failed to check terminal shell support: internal: internal error

2026-06-28 01:50:25.634 [error] [LS Main stderr] E0628 01:50:25.633427 301928 log.go:398] failed to check terminal shell support: internal: internal error

2026-06-28 01:50:30.815 [error] [LS Main stderr] I0628 01:50:30.815294 301928 http_helpers.go:183] URL: https://daily-cloudcode-pa.googleapis.com/v1internal:streamGenerateContent?alt=sse Trace: 0x2de5a953536905fd

2026-06-28 01:50:30.863 [error] [LS Main stderr] E0628 01:50:30.863294 301928 log.go:398] failed to check terminal shell support: internal: internal error

2026-06-28 01:50:30.865 [error] [LS Main stderr] E0628 01:50:30.865107 301928 log.go:398] failed to check terminal shell support: internal: internal error

2026-06-28 01:50:36.096 [error] [LS Main stderr] E0628 01:50:36.096119 301928 log.go:398] failed to check terminal shell support: internal: internal error

2026-06-28 01:50:36.099 [error] [LS Main stderr] E0628 01:50:36.098380 301928 log.go:398] failed to check terminal shell support: internal: internal error

2026-06-28 01:50:36.235 [error] [LS Main stderr] E0628 01:50:36.235419 301928 log.go:398] failed to check terminal shell support: internal: internal error

2026-06-28 01:50:36.237 [error] [LS Main stderr] E0628 01:50:36.237895 301928 log.go:398] failed to check terminal shell support: internal: internal error

2026-06-28 01:50:41.446 [error] [LS Main stderr] I0628 01:50:41.446135 301928 http_helpers.go:183] URL: https://daily-cloudcode-pa.googleapis.com/v1internal:streamGenerateContent?alt=sse Trace: 0xfe748f7497e2abce

2026-06-28 01:50:41.511 [error] [LS Main stderr] E0628 01:50:41.511025 301928 log.go:398] failed to check terminal shell support: internal: internal error

2026-06-28 01:50:41.514 [error] [LS Main stderr] E0628 01:50:41.514465 301928 log.go:398] failed to check terminal shell support: internal: internal error

2026-06-28 01:50:41.920 [error] [LS Main stderr] E0628 01:50:41.920233 301928 log.go:398] failed to check terminal shell support: internal: internal error

2026-06-28 01:50:41.927 [error] [LS Main stderr] E0628 01:50:41.927059 301928 log.go:398] failed to check terminal shell support: internal: internal error

2026-06-28 01:50:47.023 [error] [LS Main stderr] E0628 01:50:47.023321 301928 log.go:398] failed to check terminal shell support: internal: internal error

2026-06-28 01:50:47.026 [error] [LS Main stderr] E0628 01:50:47.025373 301928 log.go:398] failed to check terminal shell support: internal: internal error

2026-06-28 01:50:48.023 [error] [LS Main stderr] E0628 01:50:48.022391 301928 log.go:398] failed to check terminal shell support: internal: internal error

2026-06-28 01:50:48.025 [error] [LS Main stderr] E0628 01:50:48.025569 301928 log.go:398] failed to check terminal shell support: internal: internal error

2026-06-28 01:50:52.005 [error] [LS Main stderr] I0628 01:50:52.005380 301928 http_helpers.go:183] URL: https://daily-cloudcode-pa.googleapis.com/v1internal:streamGenerateContent?alt=sse Trace: 0xa3df55a1a8a9fb33

2026-06-28 01:50:52.060 [error] [LS Main stderr] E0628 01:50:52.059180 301928 log.go:398] failed to check terminal shell support: internal: internal error

2026-06-28 01:50:52.062 [error] [LS Main stderr] E0628 01:50:52.062082 301928 log.go:398] failed to check terminal shell support: internal: internal error

2026-06-28 01:50:52.184 [error] [LS Main stderr] E0628 01:50:52.184416 301928 log.go:398] failed to check terminal shell support: internal: internal error

2026-06-28 01:50:52.186 [error] [LS Main stderr] E0628 01:50:52.186598 301928 log.go:398] failed to check terminal shell support: internal: internal error

2026-06-28 01:50:52.317 [error] [LS Main stderr] E0628 01:50:52.317318 301928 log.go:398] failed to check terminal shell support: internal: internal error

2026-06-28 01:50:52.323 [error] [LS Main stderr] E0628 01:50:52.322978 301928 log.go:398] failed to check terminal shell support: internal: internal error

2026-06-28 01:50:52.327 [error] [LS Main stderr] E0628 01:50:52.327122 301928 log.go:398] failed to check terminal shell support: internal: internal error

2026-06-28 01:50:52.330 [error] [LS Main stderr] E0628 01:50:52.330005 301928 log.go:398] failed to check terminal shell support: internal: internal error

2026-06-28 01:50:53.025 [error] [LS Main stderr] E0628 01:50:53.024344 301928 log.go:398] failed to check terminal shell support: internal: internal error

2026-06-28 01:50:53.026 [error] [LS Main stderr] E0628 01:50:53.026583 301928 log.go:398] failed to check terminal shell support: internal: internal error

2026-06-28 01:50:58.259 [error] [LS Main stderr] I0628 01:50:58.258805 301928 http_helpers.go:183] URL: https://daily-cloudcode-pa.googleapis.com/v1internal:streamGenerateContent?alt=sse Trace: 0x511a3d815da0457c

2026-06-28 01:50:58.308 [error] [LS Main stderr] E0628 01:50:58.308294 301928 log.go:398] failed to check terminal shell support: internal: internal error

2026-06-28 01:50:58.312 [error] [LS Main stderr] E0628 01:50:58.312480 301928 log.go:398] failed to check terminal shell support: internal: internal error

2026-06-28 01:51:01.214 [error] [LS Main stderr] E0628 01:51:01.214393 301928 log.go:398] failed to check terminal shell support: internal: internal error

2026-06-28 01:51:01.216 [error] [LS Main stderr] E0628 01:51:01.216347 301928 log.go:398] failed to check terminal shell support: internal: internal error

2026-06-28 01:51:03.344 [error] [LS Main stderr] E0628 01:51:03.344303 301928 log.go:398] failed to check terminal shell support: internal: internal error

2026-06-28 01:51:03.351 [error] [LS Main stderr] E0628 01:51:03.351019 301928 log.go:398] failed to check terminal shell support: internal: internal error

2026-06-28 01:51:09.008 [error] [LS Main stderr] I0628 01:51:09.008766 301928 http_helpers.go:183] URL: https://daily-cloudcode-pa.googleapis.com/v1internal:streamGenerateContent?alt=sse Trace: 0xa5868dcb5fb01115

2026-06-28 01:51:09.016 [error] [LS Main stderr] I0628 01:51:09.016124 301928 http_helpers.go:183] URL: https://daily-cloudcode-pa.googleapis.com/v1internal:streamGenerateContent?alt=sse Trace: 0x2791809233576a19

2026-06-28 01:51:09.069 [error] [LS Main stderr] I0628 01:51:09.069545 301928 http_helpers.go:183] URL: https://daily-cloudcode-pa.googleapis.com/v1internal:streamGenerateContent?alt=sse Trace: 0xfcf293bd645354f3

2026-06-28 01:51:09.124 [error] [LS Main stderr] E0628 01:51:09.124040 301928 log.go:398] failed to check terminal shell support: internal: internal error

2026-06-28 01:51:09.126 [error] [LS Main stderr] E0628 01:51:09.126485 301928 log.go:398] failed to check terminal shell support: internal: internal error

2026-06-28 01:51:10.119 [error] [LS Main stderr] E0628 01:51:10.118964 301928 log.go:398] failed to check terminal shell support: internal: internal error

2026-06-28 01:51:10.120 [error] [LS Main stderr] E0628 01:51:10.120116 301928 log.go:398] failed to check terminal shell support: internal: internal error

2026-06-28 01:51:10.163 [error] [LS Main stderr] E0628 01:51:10.163274 301928 log.go:398] failed to check terminal shell support: internal: internal error

2026-06-28 01:51:10.165 [error] [LS Main stderr] E0628 01:51:10.165049 301928 log.go:398] failed to check terminal shell support: internal: internal error

2026-06-28 01:51:15.973 [error] [LS Main stderr] I0628 01:51:15.973301 301928 http_helpers.go:183] URL: https://daily-cloudcode-pa.googleapis.com/v1internal:streamGenerateContent?alt=sse Trace: 0xdfdf5cce4e606332

2026-06-28 01:51:16.018 [error] [LS Main stderr] E0628 01:51:16.018441 301928 log.go:398] failed to check terminal shell support: internal: internal error

2026-06-28 01:51:16.020 [error] [LS Main stderr] E0628 01:51:16.020378 301928 log.go:398] failed to check terminal shell support: internal: internal error

2026-06-28 01:51:25.070 [error] [LS Main stderr] E0628 01:51:25.070005 301928 log.go:398] failed to check terminal shell support: internal: internal error

2026-06-28 01:51:25.075 [error] [LS Main stderr] E0628 01:51:25.075902 301928 log.go:398] failed to check terminal shell support: internal: internal error

2026-06-28 01:51:27.153 [error] [LS Main stderr] E0628 01:51:27.153626 301928 log.go:398] failed to check terminal shell support: internal: internal error

2026-06-28 01:51:27.155 [error] [LS Main stderr] E0628 01:51:27.154929 301928 log.go:398] failed to check terminal shell support: internal: internal error

2026-06-28 01:51:32.461 [error] [LS Main stderr] I0628 01:51:32.461200 301928 http_helpers.go:183] URL: https://daily-cloudcode-pa.googleapis.com/v1internal:streamGenerateContent?alt=sse Trace: 0xe24bcbb2ba357910

2026-06-28 01:51:32.518 [error] [LS Main stderr] E0628 01:51:32.518298 301928 log.go:398] failed to check terminal shell support: internal: internal error

2026-06-28 01:51:32.520 [error] [LS Main stderr] E0628 01:51:32.520408 301928 log.go:398] failed to check terminal shell support: internal: internal error

2026-06-28 01:51:33.088 [error] [LS Main stderr] E0628 01:51:33.087242 301928 log.go:398] failed to check terminal shell support: internal: internal error

2026-06-28 01:51:33.089 [error] [LS Main stderr] E0628 01:51:33.089437 301928 log.go:398] failed to check terminal shell support: internal: internal error

2026-06-28 01:51:41.201 [error] [LS Main stderr] E0628 01:51:41.201356 301928 log.go:398] failed to check terminal shell support: internal: internal error

2026-06-28 01:51:41.208 [error] [LS Main stderr] E0628 01:51:41.207398 301928 log.go:398] failed to check terminal shell support: internal: internal error

2026-06-28 01:51:41.659 [error] [LS Main stderr] E0628 01:51:41.657471 301928 log.go:398] failed to check terminal shell support: internal: internal error

2026-06-28 01:51:42.003 [error] [LS Main stderr] E0628 01:51:42.002464 301928 log.go:398] failed to check terminal shell support: internal: internal error

2026-06-28 01:51:44.750 [error] [LS Main stderr] I0628 01:51:44.749617 301928 http_helpers.go:183] URL: https://daily-cloudcode-pa.googleapis.com/v1internal:streamGenerateContent?alt=sse Trace: 0xd05fb016ee27d57a

2026-06-28 01:51:45.204 [error] [LS Main stderr] E0628 01:51:45.203435 301928 log.go:398] failed to check terminal shell support: internal: internal error

2026-06-28 01:51:45.209 [error] [LS Main stderr] E0628 01:51:45.208400 301928 log.go:398] failed to check terminal shell support: internal: internal error

2026-06-28 01:51:45.309 [error] [LS Main stderr] E0628 01:51:45.304427 301928 log.go:398] failed to check terminal shell support: internal: internal error

2026-06-28 01:51:46.014 [error] [LS Main stderr] E0628 01:51:46.013479 301928 log.go:398] failed to check terminal shell support: internal: internal error

2026-06-28 01:51:46.018 [error] [LS Main stderr] E0628 01:51:46.017752 301928 log.go:398] failed to check terminal shell support: internal: internal error

2026-06-28 01:51:46.028 [error] [LS Main stderr] E0628 01:51:46.027474 301928 log.go:398] failed to check terminal shell support: internal: internal error

2026-06-28 01:51:46.095 [error] [LS Main stderr] E0628 01:51:46.094467 301928 log.go:398] failed to check terminal shell support: internal: internal error

2026-06-28 01:51:46.333 [error] [LS Main stderr] E0628 01:51:46.333471 301928 log.go:398] failed to check terminal shell support: internal: internal error

2026-06-28 01:51:46.980 [error] [LS Main stderr] I0628 01:51:46.980490 301928 http_helpers.go:183] URL: https://daily-cloudcode-pa.googleapis.com/v1internal:streamGenerateContent?alt=sse Trace: 0xee7cda67f546cd4f

2026-06-28 01:51:47.103 [error] [LS Main stderr] E0628 01:51:47.103449 301928 log.go:398] failed to check terminal shell support: internal: internal error

2026-06-28 01:51:47.115 [error] [LS Main stderr] E0628 01:51:47.114657 301928 log.go:398] failed to check terminal shell support: internal: internal error

2026-06-28 01:51:49.742 [error] [LS Main stderr] I0628 01:51:49.740577 301928 http_helpers.go:183] URL: https://daily-cloudcode-pa.googleapis.com/v1internal:streamGenerateContent?alt=sse Trace: 0xa4cfba2f3c7013d5

2026-06-28 01:51:50.253 [error] [LS Main stderr] E0628 01:51:50.253421 301928 log.go:398] failed to check terminal shell support: internal: internal error

2026-06-28 01:51:50.262 [error] [LS Main stderr] E0628 01:51:50.261444 301928 log.go:398] failed to check terminal shell support: internal: internal error

2026-06-28 01:51:50.829 [error] [LS Main stderr] E0628 01:51:50.825445 301928 log.go:398] failed to check terminal shell support: internal: internal error

2026-06-28 01:51:50.852 [error] [LS Main stderr] E0628 01:51:50.851439 301928 log.go:398] failed to check terminal shell support: internal: internal error

2026-06-28 01:51:51.214 [error] [LS Main stderr] E0628 01:51:51.214431 301928 log.go:398] failed to check terminal shell support: internal: internal error

2026-06-28 01:51:51.773 [error] [LS Main stderr] E0628 01:51:51.772464 301928 log.go:398] failed to check terminal shell support: internal: internal error

2026-06-28 01:51:54.784 [error] [LS Main stderr] I0628 01:51:54.783852 301928 http_helpers.go:183] URL: https://daily-cloudcode-pa.googleapis.com/v1internal:streamGenerateContent?alt=sse Trace: 0x5626bd771667cafe

2026-06-28 01:51:55.188 [error] [LS Main stderr] E0628 01:51:55.188374 301928 log.go:398] failed to check terminal shell support: internal: internal error

2026-06-28 01:51:55.195 [error] [LS Main stderr] E0628 01:51:55.194448 301928 log.go:398] failed to check terminal shell support: internal: internal error

2026-06-28 01:51:55.276 [error] [LS Main stderr] E0628 01:51:55.274468 301928 log.go:398] failed to check terminal shell support: internal: internal error

2026-06-28 01:51:55.282 [error] [LS Main stderr] E0628 01:51:55.281472 301928 log.go:398] failed to check terminal shell support: internal: internal error

2026-06-28 01:51:57.154 [error] [LS Main stderr] E0628 01:51:57.154150 301928 log.go:398] failed to check terminal shell support: internal: internal error

2026-06-28 01:51:57.161 [error] [LS Main stderr] E0628 01:51:57.158426 301928 log.go:398] failed to check terminal shell support: internal: internal error

2026-06-28 01:51:58.225 [error] [LS Main stderr] E0628 01:51:58.224459 301928 log.go:398] failed to check terminal shell support: internal: internal error

2026-06-28 01:51:58.254 [error] [LS Main stderr] E0628 01:51:58.253419 301928 log.go:398] failed to check terminal shell support: internal: internal error

2026-06-28 01:51:58.339 [error] [LS Main stderr] E0628 01:51:58.338327 301928 log.go:398] failed to check terminal shell support: internal: internal error

2026-06-28 01:51:58.472 [error] [LS Main stderr] E0628 01:51:58.471450 301928 log.go:398] failed to check terminal shell support: internal: internal error

2026-06-28 01:51:58.722 [error] [LS Main stderr] E0628 01:51:58.721663 301928 log.go:398] failed to check terminal shell support: internal: internal error

2026-06-28 01:51:58.788 [error] [LS Main stderr] E0628 01:51:58.788126 301928 log.go:398] failed to check terminal shell support: internal: internal error

2026-06-28 01:52:02.773 [error] [LS Main stderr] I0628 01:52:02.772768 301928 http_helpers.go:183] URL: https://daily-cloudcode-pa.googleapis.com/v1internal:streamGenerateContent?alt=sse Trace: 0xb87ca85942a08d3c

2026-06-28 01:52:02.870 [error] [LS Main stderr] E0628 01:52:02.870865 301928 log.go:398] failed to check terminal shell support: internal: internal error

2026-06-28 01:52:02.899 [error] [LS Main stderr] E0628 01:52:02.898777 301928 log.go:398] failed to check terminal shell support: internal: internal error

2026-06-28 01:52:03.068 [error] [LS Main stderr] E0628 01:52:03.067830 301928 log.go:398] failed to check terminal shell support: internal: internal error

2026-06-28 01:52:03.073 [error] [LS Main stderr] E0628 01:52:03.072736 301928 log.go:398] failed to check terminal shell support: internal: internal error

2026-06-28 01:52:03.259 [error] [LS Main stderr] E0628 01:52:03.258950 301928 log.go:398] failed to check terminal shell support: internal: internal error

2026-06-28 01:52:03.261 [error] [LS Main stderr] E0628 01:52:03.261427 301928 log.go:398] failed to check terminal shell support: internal: internal error

2026-06-28 01:52:03.571 [error] [LS Main stderr] E0628 01:52:03.571416 301928 log.go:398] failed to check terminal shell support: internal: internal error

2026-06-28 01:52:03.574 [error] [LS Main stderr] E0628 01:52:03.573455 301928 log.go:398] failed to check terminal shell support: internal: internal error

2026-06-28 01:52:03.663 [error] [LS Main stderr] E0628 01:52:03.663109 301928 log.go:398] failed to check terminal shell support: internal: internal error

2026-06-28 01:52:03.666 [error] [LS Main stderr] E0628 01:52:03.666815 301928 log.go:398] failed to check terminal shell support: internal: internal error

2026-06-28 01:52:03.701 [error] [LS Main stderr] E0628 01:52:03.700333 301928 log.go:398] failed to check terminal shell support: internal: internal error

2026-06-28 01:52:03.712 [error] [LS Main stderr] E0628 01:52:03.711932 301928 log.go:398] failed to check terminal shell support: internal: internal error

2026-06-28 01:52:05.022 [error] [LS Main stderr] E0628 01:52:05.021948 301928 log.go:398] failed to check terminal shell support: internal: internal error

2026-06-28 01:52:05.024 [error] [LS Main stderr] E0628 01:52:05.024157 301928 log.go:398] failed to check terminal shell support: internal: internal error

2026-06-28 01:52:07.390 [error] [LS Main stderr] E0628 01:52:07.390387 301928 log.go:398] failed to check terminal shell support: internal: internal error

2026-06-28 01:52:07.392 [error] [LS Main stderr] E0628 01:52:07.392028 301928 log.go:398] failed to check terminal shell support: internal: internal error

2026-06-28 01:52:07.539 [error] [LS Main stderr] E0628 01:52:07.539070 301928 log.go:398] failed to check terminal shell support: internal: internal error

2026-06-28 01:52:07.564 [error] [LS Main stderr] E0628 01:52:07.564605 301928 log.go:398] failed to check terminal shell support: internal: internal error

2026-06-28 01:52:07.566 [error] [LS Main stderr] E0628 01:52:07.566651 301928 log.go:398] failed to check terminal shell support: internal: internal error

2026-06-28 01:52:08.097 [error] [LS Main stderr] I0628 01:52:08.097032 301928 http_helpers.go:183] URL: https://daily-cloudcode-pa.googleapis.com/v1internal:streamGenerateContent?alt=sse Trace: 0x9587e10baaac30f4

2026-06-28 01:52:08.155 [error] [LS Main stderr] E0628 01:52:08.155127 301928 log.go:398] failed to check terminal shell support: internal: internal error

2026-06-28 01:52:08.157 [error] [LS Main stderr] E0628 01:52:08.157119 301928 log.go:398] failed to check terminal shell support: internal: internal error

2026-06-28 01:52:08.202 [error] [LS Main stderr] E0628 01:52:08.202384 301928 log.go:398] failed to check terminal shell support: internal: internal error

2026-06-28 01:52:08.203 [error] [LS Main stderr] E0628 01:52:08.203752 301928 log.go:398] failed to check terminal shell support: internal: internal error

2026-06-28 01:52:08.348 [error] [LS Main stderr] E0628 01:52:08.348046 301928 log.go:398] failed to check terminal shell support: internal: internal error

2026-06-28 01:52:08.353 [error] [LS Main stderr] E0628 01:52:08.353148 301928 log.go:398] failed to check terminal shell support: internal: internal error

2026-06-28 01:52:08.358 [error] [LS Main stderr] E0628 01:52:08.357308 301928 log.go:398] failed to check terminal shell support: internal: internal error

2026-06-28 01:52:08.364 [error] [LS Main stderr] E0628 01:52:08.364627 301928 log.go:398] failed to check terminal shell support: internal: internal error

2026-06-28 01:52:09.013 [error] [LS Main stderr] E0628 01:52:09.013400 301928 log.go:398] failed to check terminal shell support: internal: internal error

2026-06-28 01:52:09.015 [error] [LS Main stderr] E0628 01:52:09.015147 301928 log.go:398] failed to check terminal shell support: internal: internal error

2026-06-28 01:52:11.986 [error] [LS Main stderr] I0628 01:52:11.986112 301928 http_helpers.go:183] URL: https://daily-cloudcode-pa.googleapis.com/v1internal:streamGenerateContent?alt=sse Trace: 0xeac9ccd1f4a0d318

2026-06-28 01:52:13.413 [error] [LS Main stderr] I0628 01:52:13.413779 301928 http_helpers.go:183] URL: https://daily-cloudcode-pa.googleapis.com/v1internal:streamGenerateContent?alt=sse Trace: 0xc8d30460f47f361f

2026-06-28 01:52:13.462 [error] [LS Main stderr] E0628 01:52:13.462182 301928 log.go:398] failed to check terminal shell support: internal: internal error

2026-06-28 01:52:13.465 [error] [LS Main stderr] E0628 01:52:13.464458 301928 log.go:398] failed to check terminal shell support: internal: internal error

2026-06-28 01:52:13.769 [error] [LS Main stderr] E0628 01:52:13.769256 301928 log.go:398] failed to check terminal shell support: internal: internal error

2026-06-28 01:52:13.771 [error] [LS Main stderr] E0628 01:52:13.771376 301928 log.go:398] failed to check terminal shell support: internal: internal error

2026-06-28 01:52:14.495 [error] [LS Main stderr] E0628 01:52:14.495344 301928 log.go:398] failed to check terminal shell support: internal: internal error

2026-06-28 01:52:14.497 [error] [LS Main stderr] E0628 01:52:14.497130 301928 log.go:398] failed to check terminal shell support: internal: internal error

2026-06-28 01:52:19.563 [error] [LS Main stderr] I0628 01:52:19.563292 301928 http_helpers.go:183] URL: https://daily-cloudcode-pa.googleapis.com/v1internal:streamGenerateContent?alt=sse Trace: 0xfcdd60467504debe

2026-06-28 01:52:19.654 [error] [LS Main stderr] E0628 01:52:19.653926 301928 log.go:398] failed to check terminal shell support: internal: internal error

2026-06-28 01:52:19.656 [error] [LS Main stderr] E0628 01:52:19.656018 301928 log.go:398] failed to check terminal shell support: internal: internal error

2026-06-28 01:52:19.684 [error] [LS Main stderr] E0628 01:52:19.683802 301928 log.go:398] failed to check terminal shell support: internal: internal error

2026-06-28 01:52:19.686 [error] [LS Main stderr] E0628 01:52:19.686311 301928 log.go:398] failed to check terminal shell support: internal: internal error

2026-06-28 01:52:19.982 [error] [LS Main stderr] E0628 01:52:19.982425 301928 log.go:398] failed to check terminal shell support: internal: internal error

2026-06-28 01:52:19.984 [error] [LS Main stderr] E0628 01:52:19.984726 301928 log.go:398] failed to check terminal shell support: internal: internal error

2026-06-28 01:52:24.490 [error] [LS Main stderr] I0628 01:52:24.489905 301928 http_helpers.go:183] URL: https://daily-cloudcode-pa.googleapis.com/v1internal:streamGenerateContent?alt=sse Trace: 0x7672c1620c0846b4

2026-06-28 01:52:24.538 [error] [LS Main stderr] E0628 01:52:24.537719 301928 log.go:398] failed to check terminal shell support: internal: internal error

2026-06-28 01:52:24.539 [error] [LS Main stderr] E0628 01:52:24.539648 301928 log.go:398] failed to check terminal shell support: internal: internal error

2026-06-28 01:52:27.028 [error] [LS Main stderr] E0628 01:52:27.028312 301928 log.go:398] failed to check terminal shell support: internal: internal error

2026-06-28 01:52:27.030 [error] [LS Main stderr] E0628 01:52:27.030076 301928 log.go:398] failed to check terminal shell support: internal: internal error

2026-06-28 01:52:28.857 [error] [LS Main stderr] E0628 01:52:28.856489 301928 log.go:398] failed to check terminal shell support: internal: internal error

2026-06-28 01:52:28.859 [error] [LS Main stderr] E0628 01:52:28.859624 301928 log.go:398] failed to check terminal shell support: internal: internal error

2026-06-28 01:52:29.035 [error] [LS Main stderr] E0628 01:52:29.035128 301928 log.go:398] failed to check terminal shell support: internal: internal error

2026-06-28 01:52:29.038 [error] [LS Main stderr] E0628 01:52:29.037730 301928 log.go:398] failed to check terminal shell support: internal: internal error

2026-06-28 01:52:29.050 [error] [LS Main stderr] E0628 01:52:29.050105 301928 log.go:398] failed to check terminal shell support: internal: internal error

2026-06-28 01:52:29.052 [error] [LS Main stderr] E0628 01:52:29.052785 301928 log.go:398] failed to check terminal shell support: internal: internal error

2026-06-28 01:52:29.334 [error] [LS Main stderr] E0628 01:52:29.333758 301928 log.go:398] failed to check terminal shell support: internal: internal error

2026-06-28 01:52:29.335 [error] [LS Main stderr] E0628 01:52:29.335840 301928 log.go:398] failed to check terminal shell support: internal: internal error

2026-06-28 01:52:29.338 [error] [LS Main stderr] E0628 01:52:29.338041 301928 log.go:398] failed to check terminal shell support: internal: internal error

2026-06-28 01:52:29.361 [error] [LS Main stderr] E0628 01:52:29.360512 301928 log.go:398] failed to check terminal shell support: internal: internal error

2026-06-28 01:52:29.362 [error] [LS Main stderr] E0628 01:52:29.362576 301928 log.go:398] failed to check terminal shell support: internal: internal error

2026-06-28 01:52:30.019 [error] [LS Main stderr] E0628 01:52:30.019275 301928 log.go:398] failed to check terminal shell support: internal: internal error

2026-06-28 01:52:30.022 [error] [LS Main stderr] E0628 01:52:30.022333 301928 log.go:398] failed to check terminal shell support: internal: internal error

2026-06-28 01:52:34.343 [error] [LS Main stderr] I0628 01:52:34.343387 301928 http_helpers.go:183] URL: https://daily-cloudcode-pa.googleapis.com/v1internal:streamGenerateContent?alt=sse Trace: 0x78b4ad44ed326960

2026-06-28 01:52:34.403 [error] [LS Main stderr] E0628 01:52:34.403397 301928 log.go:398] failed to check terminal shell support: internal: internal error

2026-06-28 01:52:34.406 [error] [LS Main stderr] E0628 01:52:34.405400 301928 log.go:398] failed to check terminal shell support: internal: internal error

2026-06-28 01:52:37.890 [error] [LS Main stderr] E0628 01:52:37.889987 301928 log.go:398] failed to check terminal shell support: internal: internal error

2026-06-28 01:52:37.896 [error] [LS Main stderr] E0628 01:52:37.895971 301928 log.go:398] failed to check terminal shell support: internal: internal error

2026-06-28 01:52:38.072 [error] [LS Main stderr] E0628 01:52:38.072142 301928 log.go:398] failed to check terminal shell support: internal: internal error

2026-06-28 01:52:38.074 [error] [LS Main stderr] E0628 01:52:38.073977 301928 log.go:398] failed to check terminal shell support: internal: internal error

2026-06-28 01:52:38.088 [error] [LS Main stderr] E0628 01:52:38.088628 301928 log.go:398] failed to check terminal shell support: internal: internal error

2026-06-28 01:52:38.091 [error] [LS Main stderr] E0628 01:52:38.091314 301928 log.go:398] failed to check terminal shell support: internal: internal error

2026-06-28 01:52:39.023 [error] [LS Main stderr] E0628 01:52:39.022587 301928 log.go:398] failed to check terminal shell support: internal: internal error

2026-06-28 01:52:39.026 [error] [LS Main stderr] E0628 01:52:39.025991 301928 log.go:398] failed to check terminal shell support: internal: internal error

2026-06-28 01:52:42.914 [error] [LS Main stderr] I0628 01:52:42.914153 301928 http_helpers.go:183] URL: https://daily-cloudcode-pa.googleapis.com/v1internal:streamGenerateContent?alt=sse Trace: 0xb84c82ed3a901f9d

2026-06-28 01:52:42.962 [error] [LS Main stderr] E0628 01:52:42.961904 301928 log.go:398] failed to check terminal shell support: internal: internal error

2026-06-28 01:52:42.966 [error] [LS Main stderr] E0628 01:52:42.965171 301928 log.go:398] failed to check terminal shell support: internal: internal error

2026-06-28 01:52:43.284 [error] [LS Main stderr] E0628 01:52:43.284281 301928 log.go:398] failed to check terminal shell support: internal: internal error

2026-06-28 01:52:43.286 [error] [LS Main stderr] E0628 01:52:43.286185 301928 log.go:398] failed to check terminal shell support: internal: internal error

2026-06-28 01:52:43.319 [error] [LS Main stderr] E0628 01:52:43.318876 301928 log.go:398] failed to check terminal shell support: internal: internal error

2026-06-28 01:52:43.320 [error] [LS Main stderr] E0628 01:52:43.320164 301928 log.go:398] failed to check terminal shell support: internal: internal error

2026-06-28 01:52:48.033 [error] [LS Main stderr] I0628 01:52:48.032963 301928 http_helpers.go:183] URL: https://daily-cloudcode-pa.googleapis.com/v1internal:streamGenerateContent?alt=sse Trace: 0xa8fa3a5183e1b3b2

2026-06-28 01:52:48.083 [error] [LS Main stderr] E0628 01:52:48.083371 301928 log.go:398] failed to check terminal shell support: internal: internal error

2026-06-28 01:52:48.086 [error] [LS Main stderr] E0628 01:52:48.085349 301928 log.go:398] failed to check terminal shell support: internal: internal error

2026-06-28 01:52:48.117 [error] [LS Main stderr] E0628 01:52:48.117352 301928 log.go:398] failed to check terminal shell support: internal: internal error

2026-06-28 01:52:48.119 [error] [LS Main stderr] E0628 01:52:48.118972 301928 log.go:398] failed to check terminal shell support: internal: internal error

2026-06-28 01:52:48.194 [error] [LS Main stderr] E0628 01:52:48.193333 301928 log.go:398] failed to check terminal shell support: internal: internal error

2026-06-28 01:52:48.196 [error] [LS Main stderr] E0628 01:52:48.196523 301928 log.go:398] failed to check terminal shell support: internal: internal error

2026-06-28 01:52:52.773 [error] [LS Main stderr] I0628 01:52:52.772946 301928 http_helpers.go:183] URL: https://daily-cloudcode-pa.googleapis.com/v1internal:streamGenerateContent?alt=sse Trace: 0xdf5d3cf34f4ff049

2026-06-28 01:52:52.832 [error] [LS Main stderr] E0628 01:52:52.832117 301928 log.go:398] failed to check terminal shell support: internal: internal error

2026-06-28 01:52:52.835 [error] [LS Main stderr] E0628 01:52:52.834581 301928 log.go:398] failed to check terminal shell support: internal: internal error

2026-06-28 01:52:53.328 [error] [LS Main stderr] E0628 01:52:53.327943 301928 log.go:398] failed to check terminal shell support: internal: internal error

2026-06-28 01:52:53.329 [error] [LS Main stderr] E0628 01:52:53.329145 301928 log.go:398] failed to check terminal shell support: internal: internal error

2026-06-28 01:52:53.364 [error] [LS Main stderr] E0628 01:52:53.364411 301928 log.go:398] failed to check terminal shell support: internal: internal error

2026-06-28 01:52:53.366 [error] [LS Main stderr] E0628 01:52:53.366290 301928 log.go:398] failed to check terminal shell support: internal: internal error

2026-06-28 01:52:57.662 [error] [LS Main stderr] I0628 01:52:57.661797 301928 http_helpers.go:183] URL: https://daily-cloudcode-pa.googleapis.com/v1internal:streamGenerateContent?alt=sse Trace: 0x5e2e12268ae4664b

2026-06-28 01:52:57.716 [error] [LS Main stderr] E0628 01:52:57.716383 301928 log.go:398] failed to check terminal shell support: internal: internal error

2026-06-28 01:52:57.718 [error] [LS Main stderr] E0628 01:52:57.718154 301928 log.go:398] failed to check terminal shell support: internal: internal error

2026-06-28 01:52:57.803 [error] [LS Main stderr] E0628 01:52:57.803501 301928 log.go:398] failed to check terminal shell support: internal: internal error

2026-06-28 01:52:57.805 [error] [LS Main stderr] E0628 01:52:57.805211 301928 log.go:398] failed to check terminal shell support: internal: internal error

2026-06-28 01:52:57.837 [error] [LS Main stderr] E0628 01:52:57.837358 301928 log.go:398] failed to check terminal shell support: internal: internal error

2026-06-28 01:52:57.839 [error] [LS Main stderr] E0628 01:52:57.839272 301928 log.go:398] failed to check terminal shell support: internal: internal error

2026-06-28 01:53:02.779 [error] [LS Main stderr] I0628 01:53:02.779055 301928 http_helpers.go:183] URL: https://daily-cloudcode-pa.googleapis.com/v1internal:streamGenerateContent?alt=sse Trace: 0x84f01433cf7fb438

2026-06-28 01:53:02.854 [error] [LS Main stderr] E0628 01:53:02.853709 301928 log.go:398] failed to check terminal shell support: internal: internal error

2026-06-28 01:53:02.856 [error] [LS Main stderr] E0628 01:53:02.856103 301928 log.go:398] failed to check terminal shell support: internal: internal error

2026-06-28 01:53:02.866 [error] [LS Main stderr] E0628 01:53:02.866127 301928 log.go:398] failed to check terminal shell support: internal: internal error

2026-06-28 01:53:02.868 [error] [LS Main stderr] E0628 01:53:02.868050 301928 log.go:398] failed to check terminal shell support: internal: internal error

2026-06-28 01:53:03.008 [error] [LS Main stderr] E0628 01:53:03.007057 301928 log.go:398] failed to check terminal shell support: internal: internal error

2026-06-28 01:53:03.009 [error] [LS Main stderr] E0628 01:53:03.009872 301928 log.go:398] failed to check terminal shell support: internal: internal error

2026-06-28 01:53:08.104 [error] [LS Main stderr] I0628 01:53:08.104140 301928 http_helpers.go:183] URL: https://daily-cloudcode-pa.googleapis.com/v1internal:streamGenerateContent?alt=sse Trace: 0xddbca2312208a949

2026-06-28 01:53:08.152 [error] [LS Main stderr] E0628 01:53:08.152816 301928 log.go:398] failed to check terminal shell support: internal: internal error

2026-06-28 01:53:08.154 [error] [LS Main stderr] E0628 01:53:08.154326 301928 log.go:398] failed to check terminal shell support: internal: internal error

2026-06-28 01:53:08.630 [error] [LS Main stderr] E0628 01:53:08.630322 301928 log.go:398] failed to check terminal shell support: internal: internal error

2026-06-28 01:53:08.632 [error] [LS Main stderr] E0628 01:53:08.632332 301928 log.go:398] failed to check terminal shell support: internal: internal error

2026-06-28 01:53:08.653 [error] [LS Main stderr] E0628 01:53:08.652328 301928 log.go:398] failed to check terminal shell support: internal: internal error

2026-06-28 01:53:08.654 [error] [LS Main stderr] E0628 01:53:08.654383 301928 log.go:398] failed to check terminal shell support: internal: internal error

2026-06-28 01:53:13.833 [error] [LS Main stderr] I0628 01:53:13.833212 301928 http_helpers.go:183] URL: https://daily-cloudcode-pa.googleapis.com/v1internal:streamGenerateContent?alt=sse Trace: 0x254b199aef3f7647

2026-06-28 01:53:13.925 [error] [LS Main stderr] E0628 01:53:13.925337 301928 log.go:398] failed to check terminal shell support: internal: internal error

2026-06-28 01:53:13.927 [error] [LS Main stderr] E0628 01:53:13.927453 301928 log.go:398] failed to check terminal shell support: internal: internal error

2026-06-28 01:53:13.989 [error] [LS Main stderr] E0628 01:53:13.989431 301928 log.go:398] failed to check terminal shell support: internal: internal error

2026-06-28 01:53:13.992 [error] [LS Main stderr] E0628 01:53:13.992492 301928 log.go:398] failed to check terminal shell support: internal: internal error

2026-06-28 01:53:14.031 [error] [LS Main stderr] E0628 01:53:14.031384 301928 log.go:398] failed to check terminal shell support: internal: internal error

2026-06-28 01:53:14.033 [error] [LS Main stderr] E0628 01:53:14.032976 301928 log.go:398] failed to check terminal shell support: internal: internal error

2026-06-28 01:53:18.551 [error] [LS Main stderr] I0628 01:53:18.551142 301928 http_helpers.go:183] URL: https://daily-cloudcode-pa.googleapis.com/v1internal:streamGenerateContent?alt=sse Trace: 0x271ba5df9ee4e3cc

2026-06-28 01:53:18.643 [error] [LS Main stderr] E0628 01:53:18.643344 301928 log.go:398] failed to check terminal shell support: internal: internal error

2026-06-28 01:53:18.645 [error] [LS Main stderr] E0628 01:53:18.644659 301928 log.go:398] failed to check terminal shell support: internal: internal error

2026-06-28 01:53:18.712 [error] [LS Main stderr] E0628 01:53:18.712333 301928 log.go:398] failed to check terminal shell support: internal: internal error

2026-06-28 01:53:18.715 [error] [LS Main stderr] E0628 01:53:18.715410 301928 log.go:398] failed to check terminal shell support: internal: internal error

2026-06-28 01:53:18.758 [error] [LS Main stderr] E0628 01:53:18.758378 301928 log.go:398] failed to check terminal shell support: internal: internal error

2026-06-28 01:53:18.760 [error] [LS Main stderr] E0628 01:53:18.760195 301928 log.go:398] failed to check terminal shell support: internal: internal error

2026-06-28 01:53:23.710 [error] [LS Main stderr] I0628 01:53:23.710206 301928 http_helpers.go:183] URL: https://daily-cloudcode-pa.googleapis.com/v1internal:streamGenerateContent?alt=sse Trace: 0x4be690d320e393dd

2026-06-28 01:53:23.761 [error] [LS Main stderr] E0628 01:53:23.760964 301928 log.go:398] failed to check terminal shell support: internal: internal error

2026-06-28 01:53:23.763 [error] [LS Main stderr] E0628 01:53:23.762915 301928 log.go:398] failed to check terminal shell support: internal: internal error

2026-06-28 01:53:23.960 [error] [LS Main stderr] E0628 01:53:23.960356 301928 log.go:398] failed to check terminal shell support: internal: internal error

2026-06-28 01:53:23.962 [error] [LS Main stderr] E0628 01:53:23.962095 301928 log.go:398] failed to check terminal shell support: internal: internal error

2026-06-28 01:53:24.004 [error] [LS Main stderr] E0628 01:53:24.004181 301928 log.go:398] failed to check terminal shell support: internal: internal error

2026-06-28 01:53:24.007 [error] [LS Main stderr] E0628 01:53:24.006990 301928 log.go:398] failed to check terminal shell support: internal: internal error

2026-06-28 01:53:27.119 [error] [LS Main stderr] I0628 01:53:27.119163 301928 http_helpers.go:183] URL: https://daily-cloudcode-pa.googleapis.com/v1internal:loadCodeAssist Trace: 0x5b01343d97ee27f8

2026-06-28 01:53:28.377 [error] [LS Main stderr] I0628 01:53:28.377039 301928 http_helpers.go:183] URL: https://daily-cloudcode-pa.googleapis.com/v1internal:fetchAvailableModels Trace: 0x9f06985b99c03a9f

2026-06-28 01:53:28.384 [error] [LS Main stderr] E0628 01:53:28.384355 301928 log.go:398] failed to check terminal shell support: internal: internal error

2026-06-28 01:53:28.388 [error] [LS Main stderr] E0628 01:53:28.387760 301928 log.go:398] failed to check terminal shell support: internal: internal error

2026-06-28 01:53:29.191 [error] [LS Main stderr] I0628 01:53:29.190872 301928 http_helpers.go:183] URL: https://daily-cloudcode-pa.googleapis.com/v1internal:streamGenerateContent?alt=sse Trace: 0x676bf99c1ea19766

2026-06-28 01:53:29.251 [error] [LS Main stderr] E0628 01:53:29.251434 301928 log.go:398] failed to check terminal shell support: internal: internal error

2026-06-28 01:53:29.254 [error] [LS Main stderr] E0628 01:53:29.254074 301928 log.go:398] failed to check terminal shell support: internal: internal error

2026-06-28 01:53:29.371 [error] [LS Main stderr] E0628 01:53:29.371352 301928 log.go:398] failed to check terminal shell support: internal: internal error

2026-06-28 01:53:29.373 [error] [LS Main stderr] E0628 01:53:29.373268 301928 log.go:398] failed to check terminal shell support: internal: internal error

2026-06-28 01:53:29.513 [error] [LS Main stderr] E0628 01:53:29.513328 301928 log.go:398] failed to check terminal shell support: internal: internal error

2026-06-28 01:53:29.514 [error] [LS Main stderr] E0628 01:53:29.514854 301928 log.go:398] failed to check terminal shell support: internal: internal error

2026-06-28 01:53:34.522 [error] [LS Main stderr] I0628 01:53:34.522453 301928 http_helpers.go:183] URL: https://daily-cloudcode-pa.googleapis.com/v1internal:streamGenerateContent?alt=sse Trace: 0x40f57c5183213969

2026-06-28 01:53:34.586 [error] [LS Main stderr] E0628 01:53:34.586339 301928 log.go:398] failed to check terminal shell support: internal: internal error

2026-06-28 01:53:34.588 [error] [LS Main stderr] E0628 01:53:34.587772 301928 log.go:398] failed to check terminal shell support: internal: internal error

2026-06-28 01:53:34.971 [error] [LS Main stderr] E0628 01:53:34.971780 301928 log.go:398] failed to check terminal shell support: internal: internal error

2026-06-28 01:53:34.972 [error] [LS Main stderr] E0628 01:53:34.972812 301928 log.go:398] failed to check terminal shell support: internal: internal error

2026-06-28 01:53:35.084 [error] [LS Main stderr] E0628 01:53:35.084289 301928 log.go:398] failed to check terminal shell support: internal: internal error

2026-06-28 01:53:35.087 [error] [LS Main stderr] E0628 01:53:35.087372 301928 log.go:398] failed to check terminal shell support: internal: internal error

2026-06-28 01:53:39.959 [error] [LS Main stderr] I0628 01:53:39.959003 301928 http_helpers.go:183] URL: https://daily-cloudcode-pa.googleapis.com/v1internal:streamGenerateContent?alt=sse Trace: 0xfb09fec00245755e

2026-06-28 01:53:40.019 [error] [LS Main stderr] E0628 01:53:40.018794 301928 log.go:398] failed to check terminal shell support: internal: internal error

2026-06-28 01:53:40.020 [error] [LS Main stderr] E0628 01:53:40.020319 301928 log.go:398] failed to check terminal shell support: internal: internal error

2026-06-28 01:53:40.238 [error] [LS Main stderr] E0628 01:53:40.238490 301928 log.go:398] failed to check terminal shell support: internal: internal error

2026-06-28 01:53:40.240 [error] [LS Main stderr] E0628 01:53:40.239974 301928 log.go:398] failed to check terminal shell support: internal: internal error

2026-06-28 01:53:40.286 [error] [LS Main stderr] E0628 01:53:40.285343 301928 log.go:398] failed to check terminal shell support: internal: internal error

2026-06-28 01:53:40.287 [error] [LS Main stderr] E0628 01:53:40.287198 301928 log.go:398] failed to check terminal shell support: internal: internal error

2026-06-28 01:53:45.447 [error] [LS Main stderr] I0628 01:53:45.447067 301928 http_helpers.go:183] URL: https://daily-cloudcode-pa.googleapis.com/v1internal:streamGenerateContent?alt=sse Trace: 0xfc95639a14afa0a6

2026-06-28 01:53:45.500 [error] [LS Main stderr] E0628 01:53:45.500390 301928 log.go:398] failed to check terminal shell support: internal: internal error

2026-06-28 01:53:45.502 [error] [LS Main stderr] E0628 01:53:45.502399 301928 log.go:398] failed to check terminal shell support: internal: internal error

2026-06-28 01:53:47.373 [error] [LS Main stderr] E0628 01:53:47.373324 301928 log.go:398] failed to check terminal shell support: internal: internal error

2026-06-28 01:53:47.375 [error] [LS Main stderr] E0628 01:53:47.375379 301928 log.go:398] failed to check terminal shell support: internal: internal error

2026-06-28 01:53:47.915 [error] [LS Main stderr] E0628 01:53:47.915348 301928 log.go:398] failed to check terminal shell support: internal: internal error

2026-06-28 01:53:47.917 [error] [LS Main stderr] E0628 01:53:47.917374 301928 log.go:398] failed to check terminal shell support: internal: internal error

2026-06-28 01:53:54.184 [error] [LS Main stderr] I0628 01:53:54.184380 301928 http_helpers.go:183] URL: https://daily-cloudcode-pa.googleapis.com/v1internal:streamGenerateContent?alt=sse Trace: 0xd1d7ecb62c57722e

2026-06-28 01:53:54.249 [error] [LS Main stderr] E0628 01:53:54.248360 301928 log.go:398] failed to check terminal shell support: internal: internal error

2026-06-28 01:53:54.250 [error] [LS Main stderr] E0628 01:53:54.250749 301928 log.go:398] failed to check terminal shell support: internal: internal error

2026-06-28 01:53:54.301 [error] [LS Main stderr] E0628 01:53:54.301174 301928 log.go:398] failed to check terminal shell support: internal: internal error

2026-06-28 01:53:54.303 [error] [LS Main stderr] E0628 01:53:54.303396 301928 log.go:398] failed to check terminal shell support: internal: internal error

2026-06-28 01:53:54.399 [error] [LS Main stderr] E0628 01:53:54.398856 301928 log.go:398] failed to check terminal shell support: internal: internal error

2026-06-28 01:53:54.401 [error] [LS Main stderr] E0628 01:53:54.401378 301928 log.go:398] failed to check terminal shell support: internal: internal error

2026-06-28 01:53:59.302 [error] [LS Main stderr] I0628 01:53:59.302439 301928 http_helpers.go:183] URL: https://daily-cloudcode-pa.googleapis.com/v1internal:streamGenerateContent?alt=sse Trace: 0xde06f510267decd5

2026-06-28 01:53:59.359 [error] [LS Main stderr] E0628 01:53:59.359280 301928 log.go:398] failed to check terminal shell support: internal: internal error

2026-06-28 01:53:59.361 [error] [LS Main stderr] E0628 01:53:59.361087 301928 log.go:398] failed to check terminal shell support: internal: internal error

2026-06-28 01:53:59.438 [error] [LS Main stderr] E0628 01:53:59.438736 301928 log.go:398] failed to check terminal shell support: internal: internal error

2026-06-28 01:53:59.441 [error] [LS Main stderr] E0628 01:53:59.441085 301928 log.go:398] failed to check terminal shell support: internal: internal error

2026-06-28 01:53:59.458 [error] [LS Main stderr] E0628 01:53:59.458351 301928 log.go:398] failed to check terminal shell support: internal: internal error

2026-06-28 01:53:59.460 [error] [LS Main stderr] E0628 01:53:59.460335 301928 log.go:398] failed to check terminal shell support: internal: internal error

2026-06-28 01:54:04.832 [error] [LS Main stderr] I0628 01:54:04.832673 301928 http_helpers.go:183] URL: https://daily-cloudcode-pa.googleapis.com/v1internal:streamGenerateContent?alt=sse Trace: 0x3ffe6176d9d4866f

2026-06-28 01:54:04.884 [error] [LS Main stderr] E0628 01:54:04.884186 301928 log.go:398] failed to check terminal shell support: internal: internal error

2026-06-28 01:54:04.887 [error] [LS Main stderr] E0628 01:54:04.887062 301928 log.go:398] failed to check terminal shell support: internal: internal error

2026-06-28 01:54:08.797 [error] [LS Main stderr] E0628 01:54:08.797143 301928 log.go:398] failed to check terminal shell support: internal: internal error

2026-06-28 01:54:08.798 [error] [LS Main stderr] E0628 01:54:08.798821 301928 log.go:398] failed to check terminal shell support: internal: internal error

2026-06-28 01:54:08.850 [error] [LS Main stderr] E0628 01:54:08.849956 301928 log.go:398] failed to check terminal shell support: internal: internal error

2026-06-28 01:54:08.851 [error] [LS Main stderr] E0628 01:54:08.851884 301928 log.go:398] failed to check terminal shell support: internal: internal error

2026-06-28 01:54:14.048 [error] [LS Main stderr] I0628 01:54:14.048044 301928 http_helpers.go:183] URL: https://daily-cloudcode-pa.googleapis.com/v1internal:streamGenerateContent?alt=sse Trace: 0x1856765d614ddb4a

2026-06-28 01:54:14.103 [error] [LS Main stderr] E0628 01:54:14.103105 301928 log.go:398] failed to check terminal shell support: internal: internal error

2026-06-28 01:54:14.105 [error] [LS Main stderr] E0628 01:54:14.105343 301928 log.go:398] failed to check terminal shell support: internal: internal error

2026-06-28 01:54:21.524 [error] [LS Main stderr] E0628 01:54:21.524824 301928 log.go:398] failed to check terminal shell support: internal: internal error

2026-06-28 01:54:21.526 [error] [LS Main stderr] E0628 01:54:21.526424 301928 log.go:398] failed to check terminal shell support: internal: internal error

2026-06-28 01:54:23.651 [error] [LS Main stderr] E0628 01:54:23.649313 301928 log.go:398] failed to check terminal shell support: internal: internal error

2026-06-28 01:54:23.651 [error] [LS Main stderr] E0628 01:54:23.651019 301928 log.go:398] failed to check terminal shell support: internal: internal error

2026-06-28 01:54:28.999 [error] [LS Main stderr] I0628 01:54:28.999338 301928 http_helpers.go:183] URL: https://daily-cloudcode-pa.googleapis.com/v1internal:streamGenerateContent?alt=sse Trace: 0x39d2c9f7f87dfe44

2026-06-28 01:54:29.042 [error] [LS Main stderr] E0628 01:54:29.042386 301928 log.go:398] failed to check terminal shell support: internal: internal error

2026-06-28 01:54:29.044 [error] [LS Main stderr] E0628 01:54:29.044411 301928 log.go:398] failed to check terminal shell support: internal: internal error

2026-06-28 01:54:29.204 [error] [LS Main stderr] I0628 01:54:29.204184 301928 http_helpers.go:183] URL: https://daily-cloudcode-pa.googleapis.com/v1internal:streamGenerateContent?alt=sse Trace: 0x28ffa199099224d9

2026-06-28 01:54:29.511 [error] [LS Main stderr] I0628 01:54:29.510979 301928 http_helpers.go:183] URL: https://daily-cloudcode-pa.googleapis.com/v1internal:streamGenerateContent?alt=sse Trace: 0xa0c23be605036460

2026-06-28 01:54:30.703 [error] [LS Main stderr] E0628 01:54:30.703350 301928 log.go:398] failed to check terminal shell support: internal: internal error

2026-06-28 01:54:30.704 [error] [LS Main stderr] E0628 01:54:30.704760 301928 log.go:398] failed to check terminal shell support: internal: internal error

2026-06-28 01:54:31.780 [error] [LS Main stderr] E0628 01:54:31.780071 301928 log.go:398] failed to check terminal shell support: internal: internal error

2026-06-28 01:54:31.783 [error] [LS Main stderr] E0628 01:54:31.783795 301928 log.go:398] failed to check terminal shell support: internal: internal error

2026-06-28 01:54:32.014 [error] [LS Main stderr] E0628 01:54:32.013396 301928 log.go:398] failed to check terminal shell support: internal: internal error

2026-06-28 01:54:32.019 [error] [LS Main stderr] E0628 01:54:32.019083 301928 log.go:398] failed to check terminal shell support: internal: internal error

2026-06-28 01:54:36.169 [error] [LS Main stderr] I0628 01:54:36.168585 301928 http_helpers.go:183] URL: https://daily-cloudcode-pa.googleapis.com/v1internal:streamGenerateContent?alt=sse Trace: 0xce1e1dba84770a0c

2026-06-28 01:54:38.678 [error] [LS Main stderr] E0628 01:54:38.677871 301928 log.go:398] failed to check terminal shell support: internal: internal error

2026-06-28 01:54:38.688 [error] [LS Main stderr] E0628 01:54:38.687439 301928 log.go:398] failed to check terminal shell support: internal: internal error

2026-06-28 01:54:38.872 [error] [LS Main stderr] E0628 01:54:38.872169 301928 log.go:398] failed to check terminal shell support: internal: internal error

2026-06-28 01:54:38.882 [error] [LS Main stderr] E0628 01:54:38.879437 301928 log.go:398] failed to check terminal shell support: internal: internal error

2026-06-28 01:54:39.240 [error] [LS Main stderr] E0628 01:54:39.239449 301928 log.go:398] failed to check terminal shell support: internal: internal error

2026-06-28 01:54:39.249 [error] [LS Main stderr] E0628 01:54:39.247795 301928 log.go:398] failed to check terminal shell support: internal: internal error

2026-06-28 01:54:40.891 [error] [LS Main stderr] E0628 01:54:40.889449 301928 log.go:398] failed to check terminal shell support: internal: internal error

2026-06-28 01:54:40.899 [error] [LS Main stderr] E0628 01:54:40.898480 301928 log.go:398] failed to check terminal shell support: internal: internal error

2026-06-28 01:54:42.312 [error] [LS Main stderr] I0628 01:54:42.311911 301928 http_helpers.go:183] URL: https://daily-cloudcode-pa.googleapis.com/v1internal:streamGenerateContent?alt=sse Trace: 0xf925397c854308e0

2026-06-28 01:54:43.209 [error] [LS Main stderr] E0628 01:54:43.208250 301928 log.go:398] failed to check terminal shell support: internal: internal error

2026-06-28 01:54:43.216 [error] [LS Main stderr] E0628 01:54:43.214435 301928 log.go:398] failed to check terminal shell support: internal: internal error

2026-06-28 01:54:43.769 [error] [LS Main stderr] E0628 01:54:43.769138 301928 log.go:398] failed to check terminal shell support: internal: internal error

2026-06-28 01:54:44.011 [error] [LS Main stderr] E0628 01:54:44.010463 301928 log.go:398] failed to check terminal shell support: internal: internal error

2026-06-28 01:54:45.741 [error] [LS Main stderr] E0628 01:54:45.740466 301928 log.go:398] failed to check terminal shell support: internal: internal error

2026-06-28 01:54:45.765 [error] [LS Main stderr] E0628 01:54:45.761446 301928 log.go:398] failed to check terminal shell support: internal: internal error

2026-06-28 01:54:50.371 [error] [LS Main stderr] I0628 01:54:50.370455 301928 http_helpers.go:183] URL: https://daily-cloudcode-pa.googleapis.com/v1internal:streamGenerateContent?alt=sse Trace: 0x584fcd9838d01712

2026-06-28 01:54:50.882 [error] [LS Main stderr] E0628 01:54:50.880901 301928 log.go:398] failed to check terminal shell support: internal: internal error

2026-06-28 01:54:50.904 [error] [LS Main stderr] E0628 01:54:50.901463 301928 log.go:398] failed to check terminal shell support: internal: internal error

2026-06-28 01:54:51.864 [error] [LS Main stderr] E0628 01:54:51.864398 301928 log.go:398] failed to check terminal shell support: internal: internal error

2026-06-28 01:54:51.867 [error] [LS Main stderr] E0628 01:54:51.867694 301928 log.go:398] failed to check terminal shell support: internal: internal error

2026-06-28 01:54:51.979 [error] [LS Main stderr] E0628 01:54:51.977364 301928 log.go:398] failed to check terminal shell support: internal: internal error

2026-06-28 01:54:51.986 [error] [LS Main stderr] E0628 01:54:51.986410 301928 log.go:398] failed to check terminal shell support: internal: internal error

2026-06-28 01:54:57.064 [error] [LS Main stderr] I0628 01:54:57.058462 301928 http_helpers.go:183] URL: https://daily-cloudcode-pa.googleapis.com/v1internal:streamGenerateContent?alt=sse Trace: 0x2d0ea19c3f01fc2f

2026-06-28 01:54:57.865 [error] [LS Main stderr] E0628 01:54:57.863736 301928 log.go:398] failed to check terminal shell support: internal: internal error

2026-06-28 01:54:57.873 [error] [LS Main stderr] E0628 01:54:57.869434 301928 log.go:398] failed to check terminal shell support: internal: internal error

2026-06-28 01:54:58.747 [error] [LS Main stderr] E0628 01:54:58.747484 301928 log.go:398] failed to check terminal shell support: internal: internal error

2026-06-28 01:54:58.752 [error] [LS Main stderr] E0628 01:54:58.752575 301928 log.go:398] failed to check terminal shell support: internal: internal error

2026-06-28 01:54:58.916 [error] [LS Main stderr] E0628 01:54:58.913459 301928 log.go:398] failed to check terminal shell support: internal: internal error

2026-06-28 01:54:58.923 [error] [LS Main stderr] E0628 01:54:58.920450 301928 log.go:398] failed to check terminal shell support: internal: internal error

2026-06-28 01:54:59.092 [error] [LS Main stderr] E0628 01:54:59.090597 301928 log.go:398] failed to check terminal shell support: internal: internal error

2026-06-28 01:54:59.103 [error] [LS Main stderr] E0628 01:54:59.102563 301928 log.go:398] failed to check terminal shell support: internal: internal error

2026-06-28 01:55:02.996 [error] [LS Main stderr] I0628 01:55:02.996763 301928 http_helpers.go:183] URL: https://daily-cloudcode-pa.googleapis.com/v1internal:streamGenerateContent?alt=sse Trace: 0xfecc0dd76674d802

2026-06-28 01:55:03.066 [error] [LS Main stderr] E0628 01:55:03.065619 301928 log.go:398] failed to check terminal shell support: internal: internal error

2026-06-28 01:55:03.069 [error] [LS Main stderr] E0628 01:55:03.067591 301928 log.go:398] failed to check terminal shell support: internal: internal error

2026-06-28 01:55:03.069 [error] [LS Main stderr] E0628 01:55:03.069897 301928 log.go:398] failed to check terminal shell support: internal: internal error

2026-06-28 01:55:03.072 [error] [LS Main stderr] E0628 01:55:03.072401 301928 log.go:398] failed to check terminal shell support: internal: internal error

2026-06-28 01:55:03.127 [error] [LS Main stderr] E0628 01:55:03.126804 301928 log.go:398] failed to check terminal shell support: internal: internal error

2026-06-28 01:55:03.129 [error] [LS Main stderr] E0628 01:55:03.128949 301928 log.go:398] failed to check terminal shell support: internal: internal error

2026-06-28 01:55:03.291 [error] [LS Main stderr] E0628 01:55:03.290109 301928 log.go:398] failed to check terminal shell support: internal: internal error

2026-06-28 01:55:03.297 [error] [LS Main stderr] E0628 01:55:03.297360 301928 log.go:398] failed to check terminal shell support: internal: internal error

2026-06-28 01:55:03.299 [error] [LS Main stderr] E0628 01:55:03.299098 301928 log.go:398] failed to check terminal shell support: internal: internal error

2026-06-28 01:55:03.302 [error] [LS Main stderr] E0628 01:55:03.302375 301928 log.go:398] failed to check terminal shell support: internal: internal error

2026-06-28 01:55:03.321 [error] [LS Main stderr] E0628 01:55:03.320724 301928 log.go:398] failed to check terminal shell support: internal: internal error

2026-06-28 01:55:03.323 [error] [LS Main stderr] E0628 01:55:03.323189 301928 log.go:398] failed to check terminal shell support: internal: internal error

2026-06-28 01:55:04.014 [error] [LS Main stderr] E0628 01:55:04.014174 301928 log.go:398] failed to check terminal shell support: internal: internal error

2026-06-28 01:55:04.015 [error] [LS Main stderr] E0628 01:55:04.015316 301928 log.go:398] failed to check terminal shell support: internal: internal error

2026-06-28 01:55:06.887 [error] [LS Main stderr] I0628 01:55:06.887080 301928 http_helpers.go:183] URL: https://daily-cloudcode-pa.googleapis.com/v1internal:streamGenerateContent?alt=sse Trace: 0xa14ff38f8b862e00

2026-06-28 01:55:08.323 [error] [LS Main stderr] I0628 01:55:08.323620 301928 http_helpers.go:183] URL: https://daily-cloudcode-pa.googleapis.com/v1internal:streamGenerateContent?alt=sse Trace: 0xc77d6382ee50ddd4

2026-06-28 01:55:08.395 [error] [LS Main stderr] E0628 01:55:08.395839 301928 log.go:398] failed to check terminal shell support: internal: internal error

2026-06-28 01:55:08.397 [error] [LS Main stderr] E0628 01:55:08.397622 301928 log.go:398] failed to check terminal shell support: internal: internal error

2026-06-28 01:55:08.428 [error] [LS Main stderr] E0628 01:55:08.428571 301928 log.go:398] failed to check terminal shell support: internal: internal error

2026-06-28 01:55:08.430 [error] [LS Main stderr] E0628 01:55:08.430411 301928 log.go:398] failed to check terminal shell support: internal: internal error

2026-06-28 01:55:08.525 [error] [LS Main stderr] E0628 01:55:08.525396 301928 log.go:398] failed to check terminal shell support: internal: internal error

2026-06-28 01:55:08.527 [error] [LS Main stderr] E0628 01:55:08.526942 301928 log.go:398] failed to check terminal shell support: internal: internal error

2026-06-28 01:55:12.622 [error] [LS Main stderr] I0628 01:55:12.622193 301928 http_helpers.go:183] URL: https://daily-cloudcode-pa.googleapis.com/v1internal:streamGenerateContent?alt=sse Trace: 0xa845618bc42a3513

2026-06-28 01:55:12.735 [error] [LS Main stderr] E0628 01:55:12.735273 301928 log.go:398] failed to check terminal shell support: internal: internal error

2026-06-28 01:55:12.738 [error] [LS Main stderr] E0628 01:55:12.737899 301928 log.go:398] failed to check terminal shell support: internal: internal error

2026-06-28 01:55:12.960 [error] [LS Main stderr] E0628 01:55:12.960897 301928 log.go:398] failed to check terminal shell support: internal: internal error

2026-06-28 01:55:12.969 [error] [LS Main stderr] E0628 01:55:12.969161 301928 log.go:398] failed to check terminal shell support: internal: internal error

2026-06-28 01:55:13.096 [error] [LS Main stderr] E0628 01:55:13.096047 301928 log.go:398] failed to check terminal shell support: internal: internal error

2026-06-28 01:55:13.099 [error] [LS Main stderr] E0628 01:55:13.098561 301928 log.go:398] failed to check terminal shell support: internal: internal error

2026-06-28 01:55:14.160 [error] [LS Main stderr] E0628 01:55:14.153460 301928 log.go:398] failed to check terminal shell support: internal: internal error

2026-06-28 01:55:14.161 [error] [LS Main stderr] E0628 01:55:14.160485 301928 log.go:398] failed to check terminal shell support: internal: internal error

2026-06-28 01:55:17.331 [error] [LS Main stderr] I0628 01:55:17.331175 301928 http_helpers.go:183] URL: https://daily-cloudcode-pa.googleapis.com/v1internal:streamGenerateContent?alt=sse Trace: 0xe0e33dade2859785

2026-06-28 01:55:17.384 [error] [LS Main stderr] E0628 01:55:17.384304 301928 log.go:398] failed to check terminal shell support: internal: internal error

2026-06-28 01:55:17.386 [error] [LS Main stderr] E0628 01:55:17.385829 301928 log.go:398] failed to check terminal shell support: internal: internal error

2026-06-28 01:55:17.519 [error] [LS Main stderr] E0628 01:55:17.519030 301928 log.go:398] failed to check terminal shell support: internal: internal error

2026-06-28 01:55:17.521 [error] [LS Main stderr] E0628 01:55:17.521054 301928 log.go:398] failed to check terminal shell support: internal: internal error

2026-06-28 01:55:17.587 [error] [LS Main stderr] E0628 01:55:17.585890 301928 log.go:398] failed to check terminal shell support: internal: internal error

2026-06-28 01:55:17.589 [error] [LS Main stderr] E0628 01:55:17.589599 301928 log.go:398] failed to check terminal shell support: internal: internal error

2026-06-28 01:55:21.837 [error] [LS Main stderr] I0628 01:55:21.837491 301928 http_helpers.go:183] URL: https://daily-cloudcode-pa.googleapis.com/v1internal:streamGenerateContent?alt=sse Trace: 0x15c4b53df3fc9ebb

2026-06-28 01:55:21.969 [error] [LS Main stderr] E0628 01:55:21.969350 301928 log.go:398] failed to check terminal shell support: internal: internal error

2026-06-28 01:55:21.971 [error] [LS Main stderr] E0628 01:55:21.971325 301928 log.go:398] failed to check terminal shell support: internal: internal error

2026-06-28 01:55:21.973 [error] [LS Main stderr] E0628 01:55:21.973413 301928 log.go:398] failed to check terminal shell support: internal: internal error

2026-06-28 01:55:21.975 [error] [LS Main stderr] E0628 01:55:21.975842 301928 log.go:398] failed to check terminal shell support: internal: internal error

2026-06-28 01:55:22.112 [error] [LS Main stderr] E0628 01:55:22.112327 301928 log.go:398] failed to check terminal shell support: internal: internal error

2026-06-28 01:55:22.113 [error] [LS Main stderr] E0628 01:55:22.113668 301928 log.go:398] failed to check terminal shell support: internal: internal error

2026-06-28 01:55:23.026 [error] [LS Main stderr] E0628 01:55:23.026185 301928 log.go:398] failed to check terminal shell support: internal: internal error

2026-06-28 01:55:23.028 [error] [LS Main stderr] E0628 01:55:23.027869 301928 log.go:398] failed to check terminal shell support: internal: internal error

2026-06-28 01:55:26.754 [error] [LS Main stderr] I0628 01:55:26.753985 301928 http_helpers.go:183] URL: https://daily-cloudcode-pa.googleapis.com/v1internal:streamGenerateContent?alt=sse Trace: 0x56b2a8e88c37d607

2026-06-28 01:55:26.824 [error] [LS Main stderr] E0628 01:55:26.824148 301928 log.go:398] failed to check terminal shell support: internal: internal error

2026-06-28 01:55:26.827 [error] [LS Main stderr] E0628 01:55:26.826356 301928 log.go:398] failed to check terminal shell support: internal: internal error

2026-06-28 01:55:27.076 [error] [LS Main stderr] E0628 01:55:27.076283 301928 log.go:398] failed to check terminal shell support: internal: internal error

2026-06-28 01:55:27.086 [error] [LS Main stderr] E0628 01:55:27.086205 301928 log.go:398] failed to check terminal shell support: internal: internal error

2026-06-28 01:55:27.105 [error] [LS Main stderr] E0628 01:55:27.105537 301928 log.go:398] failed to check terminal shell support: internal: internal error

2026-06-28 01:55:27.108 [error] [LS Main stderr] E0628 01:55:27.108357 301928 log.go:398] failed to check terminal shell support: internal: internal error

2026-06-28 01:55:27.118 [error] [LS Main stderr] E0628 01:55:27.117866 301928 log.go:398] failed to check terminal shell support: internal: internal error

2026-06-28 01:55:27.121 [error] [LS Main stderr] E0628 01:55:27.121405 301928 log.go:398] failed to check terminal shell support: internal: internal error

2026-06-28 01:55:27.131 [error] [LS Main stderr] E0628 01:55:27.131360 301928 log.go:398] failed to check terminal shell support: internal: internal error

2026-06-28 01:55:27.132 [error] [LS Main stderr] E0628 01:55:27.132885 301928 log.go:398] failed to check terminal shell support: internal: internal error

2026-06-28 01:55:27.166 [error] [LS Main stderr] E0628 01:55:27.166506 301928 log.go:398] failed to check terminal shell support: internal: internal error

2026-06-28 01:55:27.168 [error] [LS Main stderr] E0628 01:55:27.168444 301928 log.go:398] failed to check terminal shell support: internal: internal error

2026-06-28 01:55:28.020 [error] [LS Main stderr] E0628 01:55:28.019776 301928 log.go:398] failed to check terminal shell support: internal: internal error

2026-06-28 01:55:28.021 [error] [LS Main stderr] E0628 01:55:28.021316 301928 log.go:398] failed to check terminal shell support: internal: internal error

2026-06-28 01:55:32.283 [error] [LS Main stderr] I0628 01:55:32.282730 301928 http_helpers.go:183] URL: https://daily-cloudcode-pa.googleapis.com/v1internal:streamGenerateContent?alt=sse Trace: 0x5f1b57a18932ac0d

2026-06-28 01:55:32.349 [error] [LS Main stderr] E0628 01:55:32.349301 301928 log.go:398] failed to check terminal shell support: internal: internal error

2026-06-28 01:55:32.350 [error] [LS Main stderr] E0628 01:55:32.350892 301928 log.go:398] failed to check terminal shell support: internal: internal error

2026-06-28 01:55:32.823 [error] [LS Main stderr] E0628 01:55:32.823202 301928 log.go:398] failed to check terminal shell support: internal: internal error

2026-06-28 01:55:32.825 [error] [LS Main stderr] E0628 01:55:32.825404 301928 log.go:398] failed to check terminal shell support: internal: internal error

2026-06-28 01:55:32.877 [error] [LS Main stderr] E0628 01:55:32.876198 301928 log.go:398] failed to check terminal shell support: internal: internal error

2026-06-28 01:55:32.878 [error] [LS Main stderr] E0628 01:55:32.878336 301928 log.go:398] failed to check terminal shell support: internal: internal error

2026-06-28 01:55:38.939 [error] [LS Main stderr] I0628 01:55:38.938650 301928 http_helpers.go:183] URL: https://daily-cloudcode-pa.googleapis.com/v1internal:streamGenerateContent?alt=sse Trace: 0x4ba000b00ad36f44

2026-06-28 01:55:38.999 [error] [LS Main stderr] E0628 01:55:38.997065 301928 log.go:398] failed to check terminal shell support: internal: internal error

2026-06-28 01:55:38.999 [error] [LS Main stderr] E0628 01:55:38.999133 301928 log.go:398] failed to check terminal shell support: internal: internal error

2026-06-28 01:55:41.981 [error] [LS Main stderr] E0628 01:55:41.981349 301928 log.go:398] failed to check terminal shell support: internal: internal error

2026-06-28 01:55:41.983 [error] [LS Main stderr] E0628 01:55:41.983388 301928 log.go:398] failed to check terminal shell support: internal: internal error

2026-06-28 01:55:42.049 [error] [LS Main stderr] E0628 01:55:42.049222 301928 log.go:398] failed to check terminal shell support: internal: internal error

2026-06-28 01:55:42.052 [error] [LS Main stderr] E0628 01:55:42.052200 301928 log.go:398] failed to check terminal shell support: internal: internal error

2026-06-28 01:55:46.921 [error] [LS Main stderr] I0628 01:55:46.921144 301928 http_helpers.go:183] URL: https://daily-cloudcode-pa.googleapis.com/v1internal:streamGenerateContent?alt=sse Trace: 0xebed6e5da7879935

2026-06-28 01:55:47.001 [error] [LS Main stderr] E0628 01:55:47.001208 301928 log.go:398] failed to check terminal shell support: internal: internal error

2026-06-28 01:55:47.003 [error] [LS Main stderr] E0628 01:55:47.002899 301928 log.go:398] failed to check terminal shell support: internal: internal error

2026-06-28 01:55:47.042 [error] [LS Main stderr] E0628 01:55:47.042356 301928 log.go:398] failed to check terminal shell support: internal: internal error

2026-06-28 01:55:47.047 [error] [LS Main stderr] E0628 01:55:47.046367 301928 log.go:398] failed to check terminal shell support: internal: internal error

2026-06-28 01:55:47.077 [error] [LS Main stderr] E0628 01:55:47.075447 301928 log.go:398] failed to check terminal shell support: internal: internal error

2026-06-28 01:55:47.077 [error] [LS Main stderr] E0628 01:55:47.077360 301928 log.go:398] failed to check terminal shell support: internal: internal error

2026-06-28 01:55:52.254 [error] [LS Main stderr] I0628 01:55:52.253898 301928 http_helpers.go:183] URL: https://daily-cloudcode-pa.googleapis.com/v1internal:streamGenerateContent?alt=sse Trace: 0xeb8500805575f3e6

2026-06-28 01:55:52.325 [error] [LS Main stderr] E0628 01:55:52.325070 301928 log.go:398] failed to check terminal shell support: internal: internal error

2026-06-28 01:55:52.327 [error] [LS Main stderr] E0628 01:55:52.327106 301928 log.go:398] failed to check terminal shell support: internal: internal error

2026-06-28 01:55:52.743 [error] [LS Main stderr] E0628 01:55:52.742977 301928 log.go:398] failed to check terminal shell support: internal: internal error

2026-06-28 01:55:52.746 [error] [LS Main stderr] E0628 01:55:52.746081 301928 log.go:398] failed to check terminal shell support: internal: internal error

2026-06-28 01:55:52.872 [error] [LS Main stderr] E0628 01:55:52.872165 301928 log.go:398] failed to check terminal shell support: internal: internal error

2026-06-28 01:55:52.873 [error] [LS Main stderr] E0628 01:55:52.873796 301928 log.go:398] failed to check terminal shell support: internal: internal error

2026-06-28 01:55:58.087 [error] [LS Main stderr] I0628 01:55:58.087374 301928 http_helpers.go:183] URL: https://daily-cloudcode-pa.googleapis.com/v1internal:streamGenerateContent?alt=sse Trace: 0xcbab73a1dd4d9960

2026-06-28 01:55:58.198 [error] [LS Main stderr] E0628 01:55:58.197206 301928 log.go:398] failed to check terminal shell support: internal: internal error

2026-06-28 01:55:58.202 [error] [LS Main stderr] E0628 01:55:58.200369 301928 log.go:398] failed to check terminal shell support: internal: internal error

2026-06-28 01:55:58.233 [error] [LS Main stderr] E0628 01:55:58.233360 301928 log.go:398] failed to check terminal shell support: internal: internal error

2026-06-28 01:55:58.235 [error] [LS Main stderr] E0628 01:55:58.235399 301928 log.go:398] failed to check terminal shell support: internal: internal error

2026-06-28 01:55:58.343 [error] [LS Main stderr] E0628 01:55:58.343033 301928 log.go:398] failed to check terminal shell support: internal: internal error

2026-06-28 01:55:58.345 [error] [LS Main stderr] E0628 01:55:58.345023 301928 log.go:398] failed to check terminal shell support: internal: internal error

2026-06-28 01:56:02.840 [error] [LS Main stderr] I0628 01:56:02.840529 301928 http_helpers.go:183] URL: https://daily-cloudcode-pa.googleapis.com/v1internal:streamGenerateContent?alt=sse Trace: 0x36282ea565e213dd

2026-06-28 01:56:02.905 [error] [LS Main stderr] E0628 01:56:02.905386 301928 log.go:398] failed to check terminal shell support: internal: internal error

2026-06-28 01:56:02.907 [error] [LS Main stderr] E0628 01:56:02.907252 301928 log.go:398] failed to check terminal shell support: internal: internal error

2026-06-28 01:56:03.123 [error] [LS Main stderr] E0628 01:56:03.123897 301928 log.go:398] failed to check terminal shell support: internal: internal error

2026-06-28 01:56:03.126 [error] [LS Main stderr] E0628 01:56:03.125340 301928 log.go:398] failed to check terminal shell support: internal: internal error

2026-06-28 01:56:03.149 [error] [LS Main stderr] E0628 01:56:03.148514 301928 log.go:398] failed to check terminal shell support: internal: internal error

2026-06-28 01:56:03.151 [error] [LS Main stderr] E0628 01:56:03.150798 301928 log.go:398] failed to check terminal shell support: internal: internal error

2026-06-28 01:56:08.638 [error] [LS Main stderr] I0628 01:56:08.637876 301928 http_helpers.go:183] URL: https://daily-cloudcode-pa.googleapis.com/v1internal:streamGenerateContent?alt=sse Trace: 0xc0a46e3c85a3c4ea

2026-06-28 01:56:08.687 [error] [LS Main stderr] E0628 01:56:08.687417 301928 log.go:398] failed to check terminal shell support: internal: internal error

2026-06-28 01:56:08.689 [error] [LS Main stderr] E0628 01:56:08.689105 301928 log.go:398] failed to check terminal shell support: internal: internal error

2026-06-28 01:56:13.117 [error] [LS Main stderr] E0628 01:56:13.116507 301928 log.go:398] failed to check terminal shell support: internal: internal error

2026-06-28 01:56:13.118 [error] [LS Main stderr] E0628 01:56:13.118540 301928 log.go:398] failed to check terminal shell support: internal: internal error

2026-06-28 01:56:15.251 [error] [LS Main stderr] E0628 01:56:15.251138 301928 log.go:398] failed to check terminal shell support: internal: internal error

2026-06-28 01:56:15.252 [error] [LS Main stderr] E0628 01:56:15.252636 301928 log.go:398] failed to check terminal shell support: internal: internal error

2026-06-28 01:56:21.340 [error] [LS Main stderr] I0628 01:56:21.339484 301928 http_helpers.go:183] URL: https://daily-cloudcode-pa.googleapis.com/v1internal:streamGenerateContent?alt=sse Trace: 0xf597baea1e9f2c4f

2026-06-28 01:56:21.418 [error] [LS Main stderr] E0628 01:56:21.418338 301928 log.go:398] failed to check terminal shell support: internal: internal error

2026-06-28 01:56:21.420 [error] [LS Main stderr] E0628 01:56:21.420433 301928 log.go:398] failed to check terminal shell support: internal: internal error

2026-06-28 01:56:21.452 [error] [LS Main stderr] E0628 01:56:21.452142 301928 log.go:398] failed to check terminal shell support: internal: internal error

2026-06-28 01:56:21.454 [error] [LS Main stderr] E0628 01:56:21.453998 301928 log.go:398] failed to check terminal shell support: internal: internal error

2026-06-28 01:56:23.586 [error] [LS Main stderr] E0628 01:56:23.586373 301928 log.go:398] failed to check terminal shell support: internal: internal error

2026-06-28 01:56:23.588 [error] [LS Main stderr] E0628 01:56:23.588356 301928 log.go:398] failed to check terminal shell support: internal: internal error

2026-06-28 01:56:29.422 [error] [LS Main stderr] I0628 01:56:29.421787 301928 http_helpers.go:183] URL: https://daily-cloudcode-pa.googleapis.com/v1internal:streamGenerateContent?alt=sse Trace: 0x2aeeafdbcf542421

2026-06-28 01:56:29.470 [error] [LS Main stderr] E0628 01:56:29.470353 301928 log.go:398] failed to check terminal shell support: internal: internal error

2026-06-28 01:56:29.477 [error] [LS Main stderr] E0628 01:56:29.477294 301928 log.go:398] failed to check terminal shell support: internal: internal error

2026-06-28 01:56:29.677 [error] [LS Main stderr] E0628 01:56:29.676433 301928 log.go:398] failed to check terminal shell support: internal: internal error

2026-06-28 01:56:29.679 [error] [LS Main stderr] E0628 01:56:29.678414 301928 log.go:398] failed to check terminal shell support: internal: internal error

2026-06-28 01:56:31.865 [error] [LS Main stderr] E0628 01:56:31.865340 301928 log.go:398] failed to check terminal shell support: internal: internal error

2026-06-28 01:56:31.867 [error] [LS Main stderr] E0628 01:56:31.867035 301928 log.go:398] failed to check terminal shell support: internal: internal error

2026-06-28 01:56:37.105 [error] [LS Main stderr] I0628 01:56:37.104985 301928 http_helpers.go:183] URL: https://daily-cloudcode-pa.googleapis.com/v1internal:streamGenerateContent?alt=sse Trace: 0x55bbba0951f711ce

2026-06-28 01:56:37.164 [error] [LS Main stderr] E0628 01:56:37.164197 301928 log.go:398] failed to check terminal shell support: internal: internal error

2026-06-28 01:56:37.166 [error] [LS Main stderr] E0628 01:56:37.166075 301928 log.go:398] failed to check terminal shell support: internal: internal error

2026-06-28 01:56:37.579 [error] [LS Main stderr] E0628 01:56:37.579470 301928 log.go:398] failed to check terminal shell support: internal: internal error

2026-06-28 01:56:37.582 [error] [LS Main stderr] E0628 01:56:37.582781 301928 log.go:398] failed to check terminal shell support: internal: internal error

2026-06-28 01:56:39.710 [error] [LS Main stderr] E0628 01:56:39.709942 301928 log.go:398] failed to check terminal shell support: internal: internal error

2026-06-28 01:56:39.712 [error] [LS Main stderr] E0628 01:56:39.712128 301928 log.go:398] failed to check terminal shell support: internal: internal error

2026-06-28 01:56:45.296 [error] [LS Main stderr] I0628 01:56:45.295421 301928 http_helpers.go:183] URL: https://daily-cloudcode-pa.googleapis.com/v1internal:streamGenerateContent?alt=sse Trace: 0xfc022847304d9ba5

2026-06-28 01:56:45.409 [error] [LS Main stderr] E0628 01:56:45.409408 301928 log.go:398] failed to check terminal shell support: internal: internal error

2026-06-28 01:56:45.412 [error] [LS Main stderr] E0628 01:56:45.412204 301928 log.go:398] failed to check terminal shell support: internal: internal error

2026-06-28 01:56:45.518 [error] [LS Main stderr] E0628 01:56:45.517366 301928 log.go:398] failed to check terminal shell support: internal: internal error

2026-06-28 01:56:45.520 [error] [LS Main stderr] E0628 01:56:45.520358 301928 log.go:398] failed to check terminal shell support: internal: internal error

2026-06-28 01:56:47.540 [error] [LS Main stderr] E0628 01:56:47.539429 301928 log.go:398] failed to check terminal shell support: internal: internal error

2026-06-28 01:56:47.542 [error] [LS Main stderr] E0628 01:56:47.542815 301928 log.go:398] failed to check terminal shell support: internal: internal error

2026-06-28 01:56:48.021 [error] [LS Main stderr] E0628 01:56:48.021104 301928 log.go:398] failed to check terminal shell support: internal: internal error

2026-06-28 01:56:48.024 [error] [LS Main stderr] E0628 01:56:48.023793 301928 log.go:398] failed to check terminal shell support: internal: internal error

2026-06-28 01:56:51.865 [error] [LS Main stderr] I0628 01:56:51.865495 301928 http_helpers.go:183] URL: https://daily-cloudcode-pa.googleapis.com/v1internal:streamGenerateContent?alt=sse Trace: 0xbf43749ad9028813

2026-06-28 01:56:54.563 [error] [LS Main stderr] E0628 01:56:54.561508 301928 log.go:398] failed to check terminal shell support: internal: internal error

2026-06-28 01:56:54.571 [error] [LS Main stderr] E0628 01:56:54.570498 301928 log.go:398] failed to check terminal shell support: internal: internal error

2026-06-28 01:56:54.975 [error] [LS Main stderr] E0628 01:56:54.974488 301928 log.go:398] failed to check terminal shell support: internal: internal error

2026-06-28 01:56:54.990 [error] [LS Main stderr] E0628 01:56:54.988484 301928 log.go:398] failed to check terminal shell support: internal: internal error

2026-06-28 01:56:55.354 [error] [LS Main stderr] E0628 01:56:55.353290 301928 log.go:398] failed to check terminal shell support: internal: internal error

2026-06-28 01:56:55.356 [error] [LS Main stderr] E0628 01:56:55.356391 301928 log.go:398] failed to check terminal shell support: internal: internal error

2026-06-28 01:56:55.772 [error] [LS Main stderr] E0628 01:56:55.772367 301928 log.go:398] failed to check terminal shell support: internal: internal error

2026-06-28 01:56:55.776 [error] [LS Main stderr] E0628 01:56:55.776489 301928 log.go:398] failed to check terminal shell support: internal: internal error

2026-06-28 01:56:56.969 [error] [LS Main stderr] I0628 01:56:56.968507 301928 http_helpers.go:183] URL: https://daily-cloudcode-pa.googleapis.com/v1internal:streamGenerateContent?alt=sse Trace: 0x25cd1f1499c00ad

2026-06-28 01:56:57.474 [error] [LS Main stderr] E0628 01:56:57.473418 301928 log.go:398] failed to check terminal shell support: internal: internal error

2026-06-28 01:56:57.480 [error] [LS Main stderr] E0628 01:56:57.479466 301928 log.go:398] failed to check terminal shell support: internal: internal error

2026-06-28 01:56:59.021 [error] [LS Main stderr] E0628 01:56:59.014715 301928 log.go:398] failed to check terminal shell support: internal: internal error
E0628 01:56:59.020484 301928 log.go:398] failed to check terminal shell support: internal: internal error

2026-06-28 01:56:59.181 [error] [LS Main stderr] E0628 01:56:59.179446 301928 log.go:398] failed to check terminal shell support: internal: internal error

2026-06-28 01:56:59.188 [error] [LS Main stderr] E0628 01:56:59.187474 301928 log.go:398] failed to check terminal shell support: internal: internal error

2026-06-28 01:57:03.523 [error] [LS Main stderr] I0628 01:57:03.521518 301928 http_helpers.go:183] URL: https://daily-cloudcode-pa.googleapis.com/v1internal:streamGenerateContent?alt=sse Trace: 0x1a5e419f01222cac

2026-06-28 01:57:03.631 [error] [LS Main stderr] I0628 01:57:03.629385 301928 http_helpers.go:183] URL: https://daily-cloudcode-pa.googleapis.com/v1internal:streamGenerateContent?alt=sse Trace: 0xef9a234b5191d3e

2026-06-28 01:57:04.037 [error] [LS Main stderr] I0628 01:57:04.034486 301928 http_helpers.go:183] URL: https://daily-cloudcode-pa.googleapis.com/v1internal:streamGenerateContent?alt=sse Trace: 0x8b47d32a877e38b2

2026-06-28 01:57:04.664 [error] [LS Main stderr] E0628 01:57:04.663725 301928 log.go:398] failed to check terminal shell support: internal: internal error

2026-06-28 01:57:04.692 [error] [LS Main stderr] E0628 01:57:04.691528 301928 log.go:398] failed to check terminal shell support: internal: internal error

2026-06-28 01:57:05.261 [error] [LS Main stderr] E0628 01:57:05.260459 301928 log.go:398] failed to check terminal shell support: internal: internal error

2026-06-28 01:57:05.279 [error] [LS Main stderr] E0628 01:57:05.277479 301928 log.go:398] failed to check terminal shell support: internal: internal error

2026-06-28 01:57:05.552 [error] [LS Main stderr] E0628 01:57:05.546469 301928 log.go:398] failed to check terminal shell support: internal: internal error

2026-06-28 01:57:05.569 [error] [LS Main stderr] E0628 01:57:05.567646 301928 log.go:398] failed to check terminal shell support: internal: internal error

2026-06-28 01:57:06.043 [error] [LS Main stderr] E0628 01:57:06.041464 301928 log.go:398] failed to check terminal shell support: internal: internal error

2026-06-28 01:57:06.046 [error] [LS Main stderr] E0628 01:57:06.045518 301928 log.go:398] failed to check terminal shell support: internal: internal error

2026-06-28 01:57:08.092 [error] [LS Main stderr] E0628 01:57:08.092635 301928 log.go:398] invalid offset 8888

2026-06-28 01:57:09.463 [error] [LS Main stderr] I0628 01:57:09.462696 301928 http_helpers.go:183] URL: https://daily-cloudcode-pa.googleapis.com/v1internal:streamGenerateContent?alt=sse Trace: 0xaa67d68ac749e990

2026-06-28 01:57:10.079 [error] [LS Main stderr] E0628 01:57:10.078497 301928 log.go:398] failed to check terminal shell support: internal: internal error

2026-06-28 01:57:10.089 [error] [LS Main stderr] E0628 01:57:10.086428 301928 log.go:398] failed to check terminal shell support: internal: internal error

2026-06-28 01:57:11.114 [error] [LS Main stderr] E0628 01:57:11.113503 301928 log.go:398] failed to check terminal shell support: internal: internal error

2026-06-28 01:57:11.136 [error] [LS Main stderr] E0628 01:57:11.132463 301928 log.go:398] failed to check terminal shell support: internal: internal error

2026-06-28 01:57:11.858 [error] [LS Main stderr] E0628 01:57:11.857464 301928 log.go:398] failed to check terminal shell support: internal: internal error

2026-06-28 01:57:11.869 [error] [LS Main stderr] E0628 01:57:11.868460 301928 log.go:398] failed to check terminal shell support: internal: internal error

2026-06-28 01:57:12.607 [error] [LS Main stderr] E0628 01:57:12.606267 301928 log.go:398] invalid offset 14898

2026-06-28 01:57:13.218 [error] [LS Main stderr] E0628 01:57:13.216391 301928 log.go:398] invalid offset 14898

2026-06-28 01:57:14.119 [error] [LS Main stderr] E0628 01:57:14.118536 301928 log.go:398] invalid offset 14898

2026-06-28 01:57:16.016 [error] [LS Main stderr] I0628 01:57:16.016444 301928 http_helpers.go:183] URL: https://daily-cloudcode-pa.googleapis.com/v1internal:streamGenerateContent?alt=sse Trace: 0xfefe14e6e1eb4819

2026-06-28 01:57:16.033 [error] [LS Main stderr] E0628 01:57:16.032395 301928 log.go:398] failed to check terminal shell support: internal: internal error

2026-06-28 01:57:16.040 [error] [LS Main stderr] E0628 01:57:16.039924 301928 log.go:398] failed to check terminal shell support: internal: internal error

2026-06-28 01:57:16.130 [error] [LS Main stderr] E0628 01:57:16.129968 301928 log.go:398] failed to check terminal shell support: internal: internal error

2026-06-28 01:57:16.132 [error] [LS Main stderr] E0628 01:57:16.131967 301928 log.go:398] failed to check terminal shell support: internal: internal error

2026-06-28 01:57:16.517 [error] [LS Main stderr] E0628 01:57:16.517000 301928 log.go:398] failed to check terminal shell support: internal: internal error

2026-06-28 01:57:16.519 [error] [LS Main stderr] E0628 01:57:16.519150 301928 log.go:398] failed to check terminal shell support: internal: internal error

2026-06-28 01:57:16.650 [error] [LS Main stderr] E0628 01:57:16.649372 301928 log.go:398] failed to check terminal shell support: internal: internal error

2026-06-28 01:57:16.659 [error] [LS Main stderr] E0628 01:57:16.658939 301928 log.go:398] failed to check terminal shell support: internal: internal error

2026-06-28 01:57:16.678 [error] [LS Main stderr] E0628 01:57:16.678373 301928 log.go:398] failed to check terminal shell support: internal: internal error

2026-06-28 01:57:16.680 [error] [LS Main stderr] E0628 01:57:16.680396 301928 log.go:398] failed to check terminal shell support: internal: internal error

2026-06-28 01:57:16.737 [error] [LS Main stderr] E0628 01:57:16.737203 301928 log.go:398] failed to check terminal shell support: internal: internal error

2026-06-28 01:57:16.739 [error] [LS Main stderr] E0628 01:57:16.739210 301928 log.go:398] failed to check terminal shell support: internal: internal error

2026-06-28 01:57:17.015 [error] [LS Main stderr] E0628 01:57:17.015003 301928 log.go:398] failed to check terminal shell support: internal: internal error

2026-06-28 01:57:17.017 [error] [LS Main stderr] E0628 01:57:17.017093 301928 log.go:398] failed to check terminal shell support: internal: internal error

2026-06-28 01:57:17.390 [error] [LS Main stderr] E0628 01:57:17.389891 301928 log.go:398] invalid offset 19315

2026-06-28 01:57:18.004 [error] [LS Main stderr] E0628 01:57:18.004628 301928 log.go:398] invalid offset 19315

2026-06-28 01:57:20.993 [error] [LS Main stderr] I0628 01:57:20.993708 301928 http_helpers.go:183] URL: https://daily-cloudcode-pa.googleapis.com/v1internal:streamGenerateContent?alt=sse Trace: 0x28d2cb5575f22891

2026-06-28 01:57:21.055 [error] [LS Main stderr] E0628 01:57:21.054460 301928 log.go:398] failed to check terminal shell support: internal: internal error

2026-06-28 01:57:21.057 [error] [LS Main stderr] E0628 01:57:21.057259 301928 log.go:398] failed to check terminal shell support: internal: internal error

2026-06-28 01:57:21.257 [error] [LS Main stderr] E0628 01:57:21.257264 301928 log.go:398] failed to check terminal shell support: internal: internal error

2026-06-28 01:57:21.263 [error] [LS Main stderr] E0628 01:57:21.263309 301928 log.go:398] failed to check terminal shell support: internal: internal error

2026-06-28 01:57:21.267 [error] [LS Main stderr] E0628 01:57:21.267633 301928 log.go:398] failed to check terminal shell support: internal: internal error

2026-06-28 01:57:21.270 [error] [LS Main stderr] E0628 01:57:21.270192 301928 log.go:398] failed to check terminal shell support: internal: internal error

2026-06-28 01:57:21.314 [error] [LS Main stderr] E0628 01:57:21.314051 301928 log.go:398] failed to check terminal shell support: internal: internal error

2026-06-28 01:57:21.317 [error] [LS Main stderr] E0628 01:57:21.317355 301928 log.go:398] failed to check terminal shell support: internal: internal error

2026-06-28 01:57:21.832 [error] [LS Main stderr] I0628 01:57:21.832559 301928 http_helpers.go:183] URL: https://daily-cloudcode-pa.googleapis.com/v1internal:streamGenerateContent?alt=sse Trace: 0xb0a630c402062977

2026-06-28 01:57:22.708 [error] [LS Main stderr] I0628 01:57:22.707645 301928 http_helpers.go:183] URL: https://daily-cloudcode-pa.googleapis.com/v1internal:streamGenerateContent?alt=sse Trace: 0x1dba8f26fd25abdc

2026-06-28 01:57:25.435 [error] [LS Main stderr] I0628 01:57:25.435428 301928 http_helpers.go:183] URL: https://daily-cloudcode-pa.googleapis.com/v1internal:streamGenerateContent?alt=sse Trace: 0x97d18632c77e9585

2026-06-28 01:57:25.649 [error] [LS Main stderr] E0628 01:57:25.649447 301928 log.go:398] failed to check terminal shell support: internal: internal error

2026-06-28 01:57:25.653 [error] [LS Main stderr] E0628 01:57:25.653872 301928 log.go:398] failed to check terminal shell support: internal: internal error

2026-06-28 01:57:25.769 [error] [LS Main stderr] E0628 01:57:25.768744 301928 log.go:398] failed to check terminal shell support: internal: internal error

2026-06-28 01:57:25.772 [error] [LS Main stderr] E0628 01:57:25.772153 301928 log.go:398] failed to check terminal shell support: internal: internal error

2026-06-28 01:57:25.822 [error] [LS Main stderr] E0628 01:57:25.820384 301928 log.go:398] failed to check terminal shell support: internal: internal error

2026-06-28 01:57:25.824 [error] [LS Main stderr] E0628 01:57:25.824397 301928 log.go:398] failed to check terminal shell support: internal: internal error

2026-06-28 01:57:26.016 [error] [LS Main stderr] E0628 01:57:26.015931 301928 log.go:398] failed to check terminal shell support: internal: internal error

2026-06-28 01:57:26.019 [error] [LS Main stderr] E0628 01:57:26.019284 301928 log.go:398] failed to check terminal shell support: internal: internal error

2026-06-28 01:57:27.125 [error] [LS Main stderr] E0628 01:57:27.125352 301928 log.go:398] failed to check terminal shell support: internal: internal error

2026-06-28 01:57:27.128 [error] [LS Main stderr] E0628 01:57:27.127604 301928 log.go:398] failed to check terminal shell support: internal: internal error

2026-06-28 01:57:30.147 [error] [LS Main stderr] I0628 01:57:30.147470 301928 http_helpers.go:183] URL: https://daily-cloudcode-pa.googleapis.com/v1internal:streamGenerateContent?alt=sse Trace: 0x5b01e3b67e7f155

2026-06-28 01:57:30.472 [error] [LS Main stderr] E0628 01:57:30.471474 301928 log.go:398] failed to check terminal shell support: internal: internal error

2026-06-28 01:57:30.550 [error] [LS Main stderr] E0628 01:57:30.548470 301928 log.go:398] failed to check terminal shell support: internal: internal error

2026-06-28 01:57:30.845 [error] [LS Main stderr] E0628 01:57:30.844964 301928 log.go:398] failed to check terminal shell support: internal: internal error

2026-06-28 01:57:30.852 [error] [LS Main stderr] E0628 01:57:30.851099 301928 log.go:398] failed to check terminal shell support: internal: internal error

2026-06-28 01:57:30.982 [error] [LS Main stderr] E0628 01:57:30.981461 301928 log.go:398] failed to check terminal shell support: internal: internal error

2026-06-28 01:57:31.003 [error] [LS Main stderr] E0628 01:57:31.001334 301928 log.go:398] failed to check terminal shell support: internal: internal error

2026-06-28 01:57:31.165 [error] [LS Main stderr] E0628 01:57:31.164416 301928 log.go:398] failed to check terminal shell support: internal: internal error

2026-06-28 01:57:31.177 [error] [LS Main stderr] E0628 01:57:31.175318 301928 log.go:398] failed to check terminal shell support: internal: internal error

2026-06-28 01:57:31.530 [error] [LS Main stderr] E0628 01:57:31.530444 301928 log.go:398] failed to check terminal shell support: internal: internal error

2026-06-28 01:57:31.535 [error] [LS Main stderr] E0628 01:57:31.534300 301928 log.go:398] failed to check terminal shell support: internal: internal error

2026-06-28 01:57:34.653 [error] [LS Main stderr] I0628 01:57:34.653168 301928 http_helpers.go:183] URL: https://daily-cloudcode-pa.googleapis.com/v1internal:streamGenerateContent?alt=sse Trace: 0x2ece1b6d5a73dc96

2026-06-28 01:57:34.698 [error] [LS Main stderr] E0628 01:57:34.697870 301928 log.go:398] failed to check terminal shell support: internal: internal error

2026-06-28 01:57:34.703 [error] [LS Main stderr] E0628 01:57:34.703203 301928 log.go:398] failed to check terminal shell support: internal: internal error

2026-06-28 01:57:35.075 [error] [LS Main stderr] E0628 01:57:35.075247 301928 log.go:398] failed to check terminal shell support: internal: internal error

2026-06-28 01:57:35.079 [error] [LS Main stderr] E0628 01:57:35.079092 301928 log.go:398] failed to check terminal shell support: internal: internal error

2026-06-28 01:57:35.198 [error] [LS Main stderr] E0628 01:57:35.198202 301928 log.go:398] failed to check terminal shell support: internal: internal error

2026-06-28 01:57:35.200 [error] [LS Main stderr] E0628 01:57:35.199450 301928 log.go:398] failed to check terminal shell support: internal: internal error

2026-06-28 01:57:36.019 [error] [LS Main stderr] E0628 01:57:36.017466 301928 log.go:398] failed to check terminal shell support: internal: internal error

2026-06-28 01:57:36.022 [error] [LS Main stderr] E0628 01:57:36.022315 301928 log.go:398] failed to check terminal shell support: internal: internal error

2026-06-28 01:57:39.774 [error] [LS Main stderr] I0628 01:57:39.773768 301928 http_helpers.go:183] URL: https://daily-cloudcode-pa.googleapis.com/v1internal:streamGenerateContent?alt=sse Trace: 0x845a555db555f698

2026-06-28 01:57:39.841 [error] [LS Main stderr] E0628 01:57:39.840849 301928 log.go:398] failed to check terminal shell support: internal: internal error

2026-06-28 01:57:39.842 [error] [LS Main stderr] E0628 01:57:39.842211 301928 log.go:398] failed to check terminal shell support: internal: internal error

2026-06-28 01:57:40.074 [error] [LS Main stderr] E0628 01:57:40.071352 301928 log.go:398] failed to check terminal shell support: internal: internal error

2026-06-28 01:57:40.075 [error] [LS Main stderr] E0628 01:57:40.075463 301928 log.go:398] failed to check terminal shell support: internal: internal error

2026-06-28 01:57:40.139 [error] [LS Main stderr] E0628 01:57:40.139435 301928 log.go:398] failed to check terminal shell support: internal: internal error

2026-06-28 01:57:40.141 [error] [LS Main stderr] E0628 01:57:40.140792 301928 log.go:398] failed to check terminal shell support: internal: internal error

2026-06-28 01:57:42.434 [error] [LS Main stderr] I0628 01:57:42.434433 301928 http_helpers.go:183] URL: https://daily-cloudcode-pa.googleapis.com/v1internal:streamGenerateContent?alt=sse Trace: 0x152941b6618f32e0

2026-06-28 01:57:45.099 [error] [LS Main stderr] I0628 01:57:45.099580 301928 http_helpers.go:183] URL: https://daily-cloudcode-pa.googleapis.com/v1internal:streamGenerateContent?alt=sse Trace: 0x1c26337884acb09a

2026-06-28 01:57:45.153 [error] [LS Main stderr] E0628 01:57:45.153373 301928 log.go:398] failed to check terminal shell support: internal: internal error

2026-06-28 01:57:45.155 [error] [LS Main stderr] E0628 01:57:45.155336 301928 log.go:398] failed to check terminal shell support: internal: internal error

2026-06-28 01:57:45.572 [error] [LS Main stderr] E0628 01:57:45.572133 301928 log.go:398] failed to check terminal shell support: internal: internal error

2026-06-28 01:57:45.575 [error] [LS Main stderr] E0628 01:57:45.575179 301928 log.go:398] failed to check terminal shell support: internal: internal error

2026-06-28 01:57:45.627 [error] [LS Main stderr] E0628 01:57:45.626811 301928 log.go:398] failed to check terminal shell support: internal: internal error

2026-06-28 01:57:45.629 [error] [LS Main stderr] E0628 01:57:45.629396 301928 log.go:398] failed to check terminal shell support: internal: internal error

2026-06-28 01:57:46.019 [error] [LS Main stderr] E0628 01:57:46.018508 301928 log.go:398] failed to check terminal shell support: internal: internal error

2026-06-28 01:57:46.021 [error] [LS Main stderr] E0628 01:57:46.020986 301928 log.go:398] failed to check terminal shell support: internal: internal error

2026-06-28 01:57:49.811 [error] [LS Main stderr] I0628 01:57:49.810912 301928 http_helpers.go:183] URL: https://daily-cloudcode-pa.googleapis.com/v1internal:streamGenerateContent?alt=sse Trace: 0x74d6f042f0bff948

2026-06-28 01:57:49.856 [error] [LS Main stderr] E0628 01:57:49.856062 301928 log.go:398] failed to check terminal shell support: internal: internal error

2026-06-28 01:57:49.858 [error] [LS Main stderr] E0628 01:57:49.858346 301928 log.go:398] failed to check terminal shell support: internal: internal error

2026-06-28 01:57:50.148 [error] [LS Main stderr] E0628 01:57:50.148774 301928 log.go:398] failed to check terminal shell support: internal: internal error

2026-06-28 01:57:50.150 [error] [LS Main stderr] E0628 01:57:50.150812 301928 log.go:398] failed to check terminal shell support: internal: internal error

2026-06-28 01:57:50.374 [error] [LS Main stderr] E0628 01:57:50.373633 301928 log.go:398] failed to check terminal shell support: internal: internal error

2026-06-28 01:57:50.384 [error] [LS Main stderr] E0628 01:57:50.384444 301928 log.go:398] failed to check terminal shell support: internal: internal error

2026-06-28 01:57:50.393 [error] [LS Main stderr] E0628 01:57:50.387804 301928 log.go:398] failed to check terminal shell support: internal: internal error

2026-06-28 01:57:50.396 [error] [LS Main stderr] E0628 01:57:50.395618 301928 log.go:398] failed to check terminal shell support: internal: internal error

2026-06-28 01:57:50.405 [error] [LS Main stderr] E0628 01:57:50.404962 301928 log.go:398] failed to check terminal shell support: internal: internal error

2026-06-28 01:57:50.407 [error] [LS Main stderr] E0628 01:57:50.407533 301928 log.go:398] failed to check terminal shell support: internal: internal error

2026-06-28 01:57:50.412 [error] [LS Main stderr] E0628 01:57:50.412809 301928 log.go:398] failed to check terminal shell support: internal: internal error

2026-06-28 01:57:50.417 [error] [LS Main stderr] E0628 01:57:50.417096 301928 log.go:398] failed to check terminal shell support: internal: internal error

2026-06-28 01:57:50.435 [error] [LS Main stderr] E0628 01:57:50.435224 301928 log.go:398] failed to check terminal shell support: internal: internal error

2026-06-28 01:57:50.439 [error] [LS Main stderr] E0628 01:57:50.438123 301928 log.go:398] failed to check terminal shell support: internal: internal error

2026-06-28 01:57:51.025 [error] [LS Main stderr] E0628 01:57:51.024827 301928 log.go:398] failed to check terminal shell support: internal: internal error

2026-06-28 01:57:51.026 [error] [LS Main stderr] E0628 01:57:51.026171 301928 log.go:398] failed to check terminal shell support: internal: internal error

2026-06-28 01:57:55.135 [error] [LS Main stderr] I0628 01:57:55.134741 301928 http_helpers.go:183] URL: https://daily-cloudcode-pa.googleapis.com/v1internal:streamGenerateContent?alt=sse Trace: 0x31da2daec290b527

2026-06-28 01:57:55.210 [error] [LS Main stderr] E0628 01:57:55.210131 301928 log.go:398] failed to check terminal shell support: internal: internal error

2026-06-28 01:57:55.215 [error] [LS Main stderr] E0628 01:57:55.213591 301928 log.go:398] failed to check terminal shell support: internal: internal error

2026-06-28 01:57:55.348 [error] [LS Main stderr] E0628 01:57:55.348156 301928 log.go:398] failed to check terminal shell support: internal: internal error

2026-06-28 01:57:55.349 [error] [LS Main stderr] E0628 01:57:55.349643 301928 log.go:398] failed to check terminal shell support: internal: internal error

2026-06-28 01:57:55.402 [error] [LS Main stderr] E0628 01:57:55.402090 301928 log.go:398] failed to check terminal shell support: internal: internal error

2026-06-28 01:57:55.405 [error] [LS Main stderr] E0628 01:57:55.405384 301928 log.go:398] failed to check terminal shell support: internal: internal error

2026-06-28 01:58:00.357 [error] [LS Main stderr] I0628 01:58:00.356780 301928 http_helpers.go:183] URL: https://daily-cloudcode-pa.googleapis.com/v1internal:streamGenerateContent?alt=sse Trace: 0xc39dd0f1808e781a

2026-06-28 01:58:00.415 [error] [LS Main stderr] E0628 01:58:00.414773 301928 log.go:398] failed to check terminal shell support: internal: internal error

2026-06-28 01:58:00.417 [error] [LS Main stderr] E0628 01:58:00.417066 301928 log.go:398] failed to check terminal shell support: internal: internal error

2026-06-28 01:58:02.418 [error] [LS Main stderr] E0628 01:58:02.418331 301928 log.go:398] failed to check terminal shell support: internal: internal error

2026-06-28 01:58:02.420 [error] [LS Main stderr] E0628 01:58:02.420336 301928 log.go:398] failed to check terminal shell support: internal: internal error

2026-06-28 01:58:02.484 [error] [LS Main stderr] E0628 01:58:02.484191 301928 log.go:398] failed to check terminal shell support: internal: internal error

2026-06-28 01:58:02.485 [error] [LS Main stderr] E0628 01:58:02.485686 301928 log.go:398] failed to check terminal shell support: internal: internal error

2026-06-28 01:58:06.602 [error] [LS Main stderr] I0628 01:58:06.602709 301928 http_helpers.go:183] URL: https://daily-cloudcode-pa.googleapis.com/v1internal:streamGenerateContent?alt=sse Trace: 0x2ff94cb79481318d

2026-06-28 01:58:06.696 [error] [LS Main stderr] E0628 01:58:06.695303 301928 log.go:398] failed to check terminal shell support: internal: internal error

2026-06-28 01:58:06.698 [error] [LS Main stderr] E0628 01:58:06.698465 301928 log.go:398] failed to check terminal shell support: internal: internal error

2026-06-28 01:58:08.696 [error] [LS Main stderr] E0628 01:58:08.696733 301928 log.go:398] failed to check terminal shell support: internal: internal error

2026-06-28 01:58:08.704 [error] [LS Main stderr] E0628 01:58:08.704746 301928 log.go:398] failed to check terminal shell support: internal: internal error

2026-06-28 01:58:08.721 [error] [LS Main stderr] E0628 01:58:08.720585 301928 log.go:398] failed to check terminal shell support: internal: internal error

2026-06-28 01:58:08.722 [error] [LS Main stderr] E0628 01:58:08.722802 301928 log.go:398] failed to check terminal shell support: internal: internal error

2026-06-28 01:58:08.733 [error] [LS Main stderr] E0628 01:58:08.733388 301928 log.go:398] failed to check terminal shell support: internal: internal error

2026-06-28 01:58:08.738 [error] [LS Main stderr] E0628 01:58:08.738398 301928 log.go:398] failed to check terminal shell support: internal: internal error

2026-06-28 01:58:09.208 [error] [LS Main stderr] E0628 01:58:09.208367 301928 log.go:398] failed to check terminal shell support: internal: internal error

2026-06-28 01:58:09.210 [error] [LS Main stderr] E0628 01:58:09.210424 301928 log.go:398] failed to check terminal shell support: internal: internal error

2026-06-28 01:58:26.899 [error] [LS Main stderr] I0628 01:58:26.899275 301928 http_helpers.go:183] URL: https://daily-cloudcode-pa.googleapis.com/v1internal:loadCodeAssist Trace: 0xb51c80ed2f0d9f30

2026-06-28 01:58:27.864 [error] [LS Main stderr] I0628 01:58:27.864528 301928 http_helpers.go:183] URL: https://daily-cloudcode-pa.googleapis.com/v1internal:fetchAvailableModels Trace: 0x6e8fd2097bc09209

2026-06-28 01:58:27.868 [error] [LS Main stderr] E0628 01:58:27.868402 301928 log.go:398] failed to check terminal shell support: internal: internal error

2026-06-28 01:58:27.870 [error] [LS Main stderr] E0628 01:58:27.869953 301928 log.go:398] failed to check terminal shell support: internal: internal error

2026-06-28 01:58:53.260 [error] [LS Main stderr] E0628 01:58:53.260404 301928 log.go:398] failed to check terminal shell support: internal: internal error

2026-06-28 01:58:53.264 [error] [LS Main stderr] E0628 01:58:53.262407 301928 log.go:398] failed to check terminal shell support: internal: internal error

2026-06-28 01:58:53.268 [error] [LS Main stderr] E0628 01:58:53.267811 301928 log.go:398] failed to check terminal shell support: internal: internal error

2026-06-28 01:58:53.274 [error] [LS Main stderr] E0628 01:58:53.274467 301928 log.go:398] failed to check terminal shell support: internal: internal error

2026-06-28 01:59:14.781 [error] [LS Main stderr] E0628 01:59:14.781386 301928 log.go:398] failed to check terminal shell support: internal: internal error

2026-06-28 01:59:14.784 [error] [LS Main stderr] E0628 01:59:14.783546 301928 log.go:398] failed to check terminal shell support: internal: internal error

2026-06-28 01:59:14.786 [error] [LS Main stderr] E0628 01:59:14.786060 301928 log.go:398] failed to check terminal shell support: internal: internal error

2026-06-28 01:59:14.818 [error] [LS Main stderr] E0628 01:59:14.818432 301928 log.go:398] failed to check terminal shell support: internal: internal error

2026-06-28 01:59:14.821 [error] [LS Main stderr] E0628 01:59:14.821337 301928 log.go:398] failed to check terminal shell support: internal: internal error

2026-06-28 01:59:14.829 [error] [LS Main stderr] E0628 01:59:14.829376 301928 log.go:398] failed to check terminal shell support: internal: internal error

2026-06-28 01:59:14.832 [error] [LS Main stderr] E0628 01:59:14.831920 301928 log.go:398] failed to check terminal shell support: internal: internal error

2026-06-28 01:59:14.944 [error] [LS Main stderr] E0628 01:59:14.943345 301928 log.go:398] failed to check terminal shell support: internal: internal error

2026-06-28 01:59:14.946 [error] [LS Main stderr] E0628 01:59:14.946414 301928 log.go:398] failed to check terminal shell support: internal: internal error

2026-06-28 01:59:14.953 [error] [LS Main stderr] E0628 01:59:14.952949 301928 log.go:398] failed to check terminal shell support: internal: internal error

2026-06-28 01:59:14.954 [error] [LS Main stderr] E0628 01:59:14.954349 301928 log.go:398] failed to check terminal shell support: internal: internal error

2026-06-28 01:59:14.992 [error] [LS Main stderr] E0628 01:59:14.992137 301928 log.go:398] failed to check terminal shell support: internal: internal error

2026-06-28 01:59:14.993 [error] [LS Main stderr] E0628 01:59:14.993343 301928 log.go:398] failed to check terminal shell support: internal: internal error

2026-06-28 01:59:15.013 [error] [LS Main stderr] E0628 01:59:15.013180 301928 log.go:398] failed to check terminal shell support: internal: internal error

2026-06-28 01:59:15.014 [error] [LS Main stderr] E0628 01:59:15.014225 301928 log.go:398] failed to check terminal shell support: internal: internal error

2026-06-28 01:59:19.925 [error] [LS Main stderr] I0628 01:59:19.925074 301928 http_helpers.go:183] URL: https://daily-cloudcode-pa.googleapis.com/v1internal:streamGenerateContent?alt=sse Trace: 0xd66d9c76434bf9e0

2026-06-28 01:59:19.976 [error] [LS Main stderr] E0628 01:59:19.976419 301928 log.go:398] failed to check terminal shell support: internal: internal error

2026-06-28 01:59:19.979 [error] [LS Main stderr] E0628 01:59:19.978983 301928 log.go:398] failed to check terminal shell support: internal: internal error

2026-06-28 01:59:20.195 [error] [LS Main stderr] E0628 01:59:20.195785 301928 log.go:398] failed to check terminal shell support: internal: internal error

2026-06-28 01:59:20.198 [error] [LS Main stderr] E0628 01:59:20.197364 301928 log.go:398] failed to check terminal shell support: internal: internal error

2026-06-28 01:59:20.240 [error] [LS Main stderr] E0628 01:59:20.239944 301928 log.go:398] failed to check terminal shell support: internal: internal error

2026-06-28 01:59:20.241 [error] [LS Main stderr] E0628 01:59:20.241057 301928 log.go:398] failed to check terminal shell support: internal: internal error

2026-06-28 01:59:25.031 [error] [LS Main stderr] I0628 01:59:25.031181 301928 http_helpers.go:183] URL: https://daily-cloudcode-pa.googleapis.com/v1internal:streamGenerateContent?alt=sse Trace: 0x3cca8428d80a5d48

2026-06-28 01:59:25.079 [error] [LS Main stderr] E0628 01:59:25.079281 301928 log.go:398] failed to check terminal shell support: internal: internal error

2026-06-28 01:59:25.087 [error] [LS Main stderr] E0628 01:59:25.087187 301928 log.go:398] failed to check terminal shell support: internal: internal error

2026-06-28 01:59:26.254 [error] [LS Main stderr] E0628 01:59:26.253714 301928 log.go:398] failed to check terminal shell support: internal: internal error

2026-06-28 01:59:26.257 [error] [LS Main stderr] E0628 01:59:26.256390 301928 log.go:398] failed to check terminal shell support: internal: internal error

2026-06-28 01:59:26.297 [error] [LS Main stderr] E0628 01:59:26.297575 301928 log.go:398] failed to check terminal shell support: internal: internal error

2026-06-28 01:59:26.299 [error] [LS Main stderr] E0628 01:59:26.298881 301928 log.go:398] failed to check terminal shell support: internal: internal error

2026-06-28 01:59:31.599 [error] [LS Main stderr] I0628 01:59:31.598959 301928 http_helpers.go:183] URL: https://daily-cloudcode-pa.googleapis.com/v1internal:streamGenerateContent?alt=sse Trace: 0xfc69c69e56b49501

2026-06-28 01:59:31.655 [error] [LS Main stderr] E0628 01:59:31.655809 301928 log.go:398] failed to check terminal shell support: internal: internal error

2026-06-28 01:59:31.657 [error] [LS Main stderr] E0628 01:59:31.657081 301928 log.go:398] failed to check terminal shell support: internal: internal error

2026-06-28 01:59:33.339 [error] [LS Main stderr] E0628 01:59:33.339138 301928 log.go:398] failed to check terminal shell support: internal: internal error

2026-06-28 01:59:33.341 [error] [LS Main stderr] E0628 01:59:33.340825 301928 log.go:398] failed to check terminal shell support: internal: internal error

2026-06-28 01:59:33.398 [error] [LS Main stderr] E0628 01:59:33.398171 301928 log.go:398] failed to check terminal shell support: internal: internal error

2026-06-28 01:59:33.401 [error] [LS Main stderr] E0628 01:59:33.400922 301928 log.go:398] failed to check terminal shell support: internal: internal error

2026-06-28 01:59:33.409 [error] [LS Main stderr] E0628 01:59:33.408419 301928 log.go:398] failed to check terminal shell support: internal: internal error

2026-06-28 01:59:33.411 [error] [LS Main stderr] E0628 01:59:33.411377 301928 log.go:398] failed to check terminal shell support: internal: internal error

2026-06-28 01:59:35.449 [error] [LS Main stderr] E0628 01:59:35.448886 301928 log.go:398] failed to check terminal shell support: internal: internal error

2026-06-28 01:59:35.450 [error] [LS Main stderr] E0628 01:59:35.450113 301928 log.go:398] failed to check terminal shell support: internal: internal error

2026-06-28 01:59:40.913 [error] [LS Main stderr] I0628 01:59:40.913199 301928 http_helpers.go:183] URL: https://daily-cloudcode-pa.googleapis.com/v1internal:streamGenerateContent?alt=sse Trace: 0xb254307fb46b41fb

2026-06-28 01:59:40.974 [error] [LS Main stderr] E0628 01:59:40.974871 301928 log.go:398] failed to check terminal shell support: internal: internal error

2026-06-28 01:59:40.975 [error] [LS Main stderr] E0628 01:59:40.975921 301928 log.go:398] failed to check terminal shell support: internal: internal error

2026-06-28 01:59:41.717 [error] [LS Main stderr] E0628 01:59:41.717038 301928 log.go:398] failed to check terminal shell support: internal: internal error

2026-06-28 01:59:41.719 [error] [LS Main stderr] E0628 01:59:41.719272 301928 log.go:398] failed to check terminal shell support: internal: internal error

2026-06-28 01:59:43.969 [error] [LS Main stderr] E0628 01:59:43.968414 301928 log.go:398] failed to check terminal shell support: internal: internal error

2026-06-28 01:59:43.971 [error] [LS Main stderr] E0628 01:59:43.970926 301928 log.go:398] failed to check terminal shell support: internal: internal error

2026-06-28 01:59:48.903 [error] [LS Main stderr] I0628 01:59:48.903156 301928 http_helpers.go:183] URL: https://daily-cloudcode-pa.googleapis.com/v1internal:streamGenerateContent?alt=sse Trace: 0x302c3722f75c8dd5

2026-06-28 01:59:48.974 [error] [LS Main stderr] E0628 01:59:48.974339 301928 log.go:398] failed to check terminal shell support: internal: internal error

2026-06-28 01:59:48.976 [error] [LS Main stderr] E0628 01:59:48.975630 301928 log.go:398] failed to check terminal shell support: internal: internal error

2026-06-28 01:59:49.080 [error] [LS Main stderr] E0628 01:59:49.080010 301928 log.go:398] failed to check terminal shell support: internal: internal error

2026-06-28 01:59:49.098 [error] [LS Main stderr] E0628 01:59:49.098788 301928 log.go:398] failed to check terminal shell support: internal: internal error

2026-06-28 01:59:49.272 [error] [LS Main stderr] E0628 01:59:49.272361 301928 log.go:398] failed to check terminal shell support: internal: internal error

2026-06-28 01:59:49.273 [error] [LS Main stderr] E0628 01:59:49.273530 301928 log.go:398] failed to check terminal shell support: internal: internal error

2026-06-28 01:59:54.332 [error] [LS Main stderr] I0628 01:59:54.332444 301928 http_helpers.go:183] URL: https://daily-cloudcode-pa.googleapis.com/v1internal:streamGenerateContent?alt=sse Trace: 0xeee061041886b4b5

2026-06-28 01:59:54.397 [error] [LS Main stderr] E0628 01:59:54.397439 301928 log.go:398] failed to check terminal shell support: internal: internal error

2026-06-28 01:59:54.399 [error] [LS Main stderr] E0628 01:59:54.398963 301928 log.go:398] failed to check terminal shell support: internal: internal error

2026-06-28 01:59:54.995 [error] [LS Main stderr] E0628 01:59:54.994145 301928 log.go:398] failed to check terminal shell support: internal: internal error

2026-06-28 01:59:54.997 [error] [LS Main stderr] E0628 01:59:54.997415 301928 log.go:398] failed to check terminal shell support: internal: internal error

2026-06-28 01:59:55.065 [error] [LS Main stderr] E0628 01:59:55.064405 301928 log.go:398] failed to check terminal shell support: internal: internal error

2026-06-28 01:59:55.067 [error] [LS Main stderr] E0628 01:59:55.067039 301928 log.go:398] failed to check terminal shell support: internal: internal error

2026-06-28 01:59:59.761 [error] [LS Main stderr] I0628 01:59:59.761477 301928 http_helpers.go:183] URL: https://daily-cloudcode-pa.googleapis.com/v1internal:streamGenerateContent?alt=sse Trace: 0x3d06668f5e1b7ef5

2026-06-28 01:59:59.819 [error] [LS Main stderr] E0628 01:59:59.819426 301928 log.go:398] failed to check terminal shell support: internal: internal error

2026-06-28 01:59:59.821 [error] [LS Main stderr] E0628 01:59:59.821624 301928 log.go:398] failed to check terminal shell support: internal: internal error

2026-06-28 02:00:01.856 [error] [LS Main stderr] E0628 02:00:01.855568 301928 log.go:398] failed to check terminal shell support: internal: internal error

2026-06-28 02:00:01.858 [error] [LS Main stderr] E0628 02:00:01.857927 301928 log.go:398] failed to check terminal shell support: internal: internal error

2026-06-28 02:00:02.113 [error] [LS Main stderr] E0628 02:00:02.113136 301928 log.go:398] failed to check terminal shell support: internal: internal error

2026-06-28 02:00:02.115 [error] [LS Main stderr] E0628 02:00:02.114923 301928 log.go:398] failed to check terminal shell support: internal: internal error

2026-06-28 02:00:06.638 [error] [LS Main stderr] I0628 02:00:06.637952 301928 http_helpers.go:183] URL: https://daily-cloudcode-pa.googleapis.com/v1internal:streamGenerateContent?alt=sse Trace: 0xdea658618169a264

2026-06-28 02:00:06.701 [error] [LS Main stderr] E0628 02:00:06.701278 301928 log.go:398] failed to check terminal shell support: internal: internal error

2026-06-28 02:00:06.706 [error] [LS Main stderr] E0628 02:00:06.705213 301928 log.go:398] failed to check terminal shell support: internal: internal error

2026-06-28 02:00:06.840 [error] [LS Main stderr] E0628 02:00:06.839488 301928 log.go:398] failed to check terminal shell support: internal: internal error

2026-06-28 02:00:06.842 [error] [LS Main stderr] E0628 02:00:06.842399 301928 log.go:398] failed to check terminal shell support: internal: internal error

2026-06-28 02:00:11.922 [error] [LS Main stderr] E0628 02:00:11.921980 301928 log.go:398] failed to check terminal shell support: internal: internal error

2026-06-28 02:00:11.924 [error] [LS Main stderr] E0628 02:00:11.923368 301928 log.go:398] failed to check terminal shell support: internal: internal error

2026-06-28 02:00:12.024 [error] [LS Main stderr] E0628 02:00:12.023924 301928 log.go:398] failed to check terminal shell support: internal: internal error

2026-06-28 02:00:12.026 [error] [LS Main stderr] E0628 02:00:12.025711 301928 log.go:398] failed to check terminal shell support: internal: internal error

2026-06-28 02:00:16.950 [error] [LS Main stderr] I0628 02:00:16.949995 301928 http_helpers.go:183] URL: https://daily-cloudcode-pa.googleapis.com/v1internal:streamGenerateContent?alt=sse Trace: 0xdb8df8b23da07076

2026-06-28 02:00:17.039 [error] [LS Main stderr] E0628 02:00:17.039498 301928 log.go:398] failed to check terminal shell support: internal: internal error

2026-06-28 02:00:17.043 [error] [LS Main stderr] E0628 02:00:17.042685 301928 log.go:398] failed to check terminal shell support: internal: internal error

2026-06-28 02:00:17.476 [error] [LS Main stderr] E0628 02:00:17.475389 301928 log.go:398] failed to check terminal shell support: internal: internal error

2026-06-28 02:00:17.477 [error] [LS Main stderr] E0628 02:00:17.477754 301928 log.go:398] failed to check terminal shell support: internal: internal error

2026-06-28 02:00:17.535 [error] [LS Main stderr] E0628 02:00:17.535710 301928 log.go:398] failed to check terminal shell support: internal: internal error

2026-06-28 02:00:17.539 [error] [LS Main stderr] E0628 02:00:17.539560 301928 log.go:398] failed to check terminal shell support: internal: internal error

2026-06-28 02:00:22.487 [error] [LS Main stderr] I0628 02:00:22.487048 301928 http_helpers.go:183] URL: https://daily-cloudcode-pa.googleapis.com/v1internal:streamGenerateContent?alt=sse Trace: 0x6771dd44b9c9a88f

2026-06-28 02:00:22.551 [error] [LS Main stderr] E0628 02:00:22.551009 301928 log.go:398] failed to check terminal shell support: internal: internal error

2026-06-28 02:00:22.556 [error] [LS Main stderr] E0628 02:00:22.556554 301928 log.go:398] failed to check terminal shell support: internal: internal error

2026-06-28 02:00:22.668 [error] [LS Main stderr] E0628 02:00:22.665905 301928 log.go:398] failed to check terminal shell support: internal: internal error

2026-06-28 02:00:22.676 [error] [LS Main stderr] E0628 02:00:22.675772 301928 log.go:398] failed to check terminal shell support: internal: internal error

2026-06-28 02:00:22.792 [error] [LS Main stderr] E0628 02:00:22.791884 301928 log.go:398] failed to check terminal shell support: internal: internal error

2026-06-28 02:00:22.794 [error] [LS Main stderr] E0628 02:00:22.794267 301928 log.go:398] failed to check terminal shell support: internal: internal error

2026-06-28 02:00:22.829 [error] [LS Main stderr] E0628 02:00:22.829382 301928 log.go:398] failed to check terminal shell support: internal: internal error

2026-06-28 02:00:22.831 [error] [LS Main stderr] E0628 02:00:22.831329 301928 log.go:398] failed to check terminal shell support: internal: internal error

2026-06-28 02:00:23.015 [error] [LS Main stderr] E0628 02:00:23.015794 301928 log.go:398] failed to check terminal shell support: internal: internal error

2026-06-28 02:00:23.017 [error] [LS Main stderr] E0628 02:00:23.016814 301928 log.go:398] failed to check terminal shell support: internal: internal error

2026-06-28 02:00:27.558 [error] [LS Main stderr] I0628 02:00:27.557836 301928 http_helpers.go:183] URL: https://daily-cloudcode-pa.googleapis.com/v1internal:streamGenerateContent?alt=sse Trace: 0xf42f36dc2baaa880

2026-06-28 02:00:27.624 [error] [LS Main stderr] E0628 02:00:27.623442 301928 log.go:398] failed to check terminal shell support: internal: internal error

2026-06-28 02:00:27.626 [error] [LS Main stderr] E0628 02:00:27.626144 301928 log.go:398] failed to check terminal shell support: internal: internal error

2026-06-28 02:00:28.743 [error] [LS Main stderr] E0628 02:00:28.742959 301928 log.go:398] failed to check terminal shell support: internal: internal error

2026-06-28 02:00:28.749 [error] [LS Main stderr] E0628 02:00:28.749263 301928 log.go:398] failed to check terminal shell support: internal: internal error

2026-06-28 02:00:29.031 [error] [LS Main stderr] E0628 02:00:29.030864 301928 log.go:398] failed to check terminal shell support: internal: internal error

2026-06-28 02:00:29.037 [error] [LS Main stderr] E0628 02:00:29.035466 301928 log.go:398] failed to check terminal shell support: internal: internal error

2026-06-28 02:00:37.394 [error] [LS Main stderr] E0628 02:00:37.391580 301928 log.go:398] failed to check terminal shell support: internal: internal error

2026-06-28 02:00:37.395 [error] [LS Main stderr] E0628 02:00:37.394276 301928 log.go:398] failed to check terminal shell support: internal: internal error

2026-06-28 02:00:37.404 [error] [LS Main stderr] E0628 02:00:37.404429 301928 log.go:398] failed to check terminal shell support: internal: internal error

2026-06-28 02:00:37.407 [error] [LS Main stderr] E0628 02:00:37.407211 301928 log.go:398] failed to check terminal shell support: internal: internal error

2026-06-28 02:02:10.905 [error] [LS Main stderr] E0628 02:02:10.905408 301928 log.go:398] failed to check terminal shell support: internal: internal error

2026-06-28 02:02:10.907 [error] [LS Main stderr] E0628 02:02:10.907007 301928 log.go:398] failed to check terminal shell support: internal: internal error

2026-06-28 02:02:10.908 [error] [LS Main stderr] E0628 02:02:10.908544 301928 log.go:398] failed to check terminal shell support: internal: internal error

2026-06-28 02:02:10.946 [error] [LS Main stderr] E0628 02:02:10.946838 301928 log.go:398] failed to check terminal shell support: internal: internal error

2026-06-28 02:02:10.952 [error] [LS Main stderr] E0628 02:02:10.952543 301928 log.go:398] failed to check terminal shell support: internal: internal error

2026-06-28 02:02:10.955 [error] [LS Main stderr] E0628 02:02:10.955409 301928 log.go:398] failed to check terminal shell support: internal: internal error

2026-06-28 02:02:10.962 [error] [LS Main stderr] E0628 02:02:10.961511 301928 log.go:398] failed to check terminal shell support: internal: internal error

2026-06-28 02:02:11.034 [error] [LS Main stderr] E0628 02:02:11.034394 301928 log.go:398] failed to check terminal shell support: internal: internal error

2026-06-28 02:02:11.036 [error] [LS Main stderr] E0628 02:02:11.035660 301928 log.go:398] failed to check terminal shell support: internal: internal error

2026-06-28 02:02:11.125 [error] [LS Main stderr] E0628 02:02:11.125115 301928 log.go:398] failed to check terminal shell support: internal: internal error

2026-06-28 02:02:11.127 [error] [LS Main stderr] E0628 02:02:11.126951 301928 log.go:398] failed to check terminal shell support: internal: internal error

2026-06-28 02:02:11.135 [error] [LS Main stderr] E0628 02:02:11.135271 301928 log.go:398] failed to check terminal shell support: internal: internal error

2026-06-28 02:02:11.137 [error] [LS Main stderr] E0628 02:02:11.136954 301928 log.go:398] failed to check terminal shell support: internal: internal error

2026-06-28 02:02:11.160 [error] [LS Main stderr] E0628 02:02:11.160361 301928 log.go:398] failed to check terminal shell support: internal: internal error

2026-06-28 02:02:11.162 [error] [LS Main stderr] E0628 02:02:11.162386 301928 log.go:398] failed to check terminal shell support: internal: internal error

2026-06-28 02:02:11.178 [error] [LS Main stderr] E0628 02:02:11.178378 301928 log.go:398] failed to check terminal shell support: internal: internal error

2026-06-28 02:02:11.183 [error] [LS Main stderr] E0628 02:02:11.183100 301928 log.go:398] failed to check terminal shell support: internal: internal error

2026-06-28 02:02:11.190 [error] [LS Main stderr] E0628 02:02:11.190339 301928 log.go:398] failed to check terminal shell support: internal: internal error

2026-06-28 02:02:11.192 [error] [LS Main stderr] E0628 02:02:11.192283 301928 log.go:398] failed to check terminal shell support: internal: internal error

2026-06-28 02:02:12.019 [error] [LS Main stderr] E0628 02:02:12.019000 301928 log.go:398] failed to check terminal shell support: internal: internal error

2026-06-28 02:02:12.020 [error] [LS Main stderr] E0628 02:02:12.020865 301928 log.go:398] failed to check terminal shell support: internal: internal error

2026-06-28 02:02:16.468 [error] [LS Main stderr] I0628 02:02:16.467962 301928 http_helpers.go:183] URL: https://daily-cloudcode-pa.googleapis.com/v1internal:streamGenerateContent?alt=sse Trace: 0xf75b15575d6f766d

2026-06-28 02:02:16.524 [error] [LS Main stderr] E0628 02:02:16.523845 301928 log.go:398] failed to check terminal shell support: internal: internal error

2026-06-28 02:02:16.529 [error] [LS Main stderr] E0628 02:02:16.529468 301928 log.go:398] failed to check terminal shell support: internal: internal error

2026-06-28 02:02:18.881 [error] [LS Main stderr] E0628 02:02:18.880353 301928 log.go:398] failed to check terminal shell support: internal: internal error

2026-06-28 02:02:18.883 [error] [LS Main stderr] E0628 02:02:18.882975 301928 log.go:398] failed to check terminal shell support: internal: internal error

2026-06-28 02:02:24.470 [error] [LS Main stderr] I0628 02:02:24.469913 301928 http_helpers.go:183] URL: https://daily-cloudcode-pa.googleapis.com/v1internal:generateContent Trace: 0xb286da84b9d278a8

2026-06-28 02:02:24.625 [error] [LS Main stderr] E0628 02:02:24.625257 301928 log.go:398] failed to check terminal shell support: internal: internal error

2026-06-28 02:02:24.627 [error] [LS Main stderr] E0628 02:02:24.627001 301928 log.go:398] failed to check terminal shell support: internal: internal error

2026-06-28 02:02:39.199 [error] [LS Main stderr] I0628 02:02:39.199098 301928 http_helpers.go:183] URL: https://daily-cloudcode-pa.googleapis.com/v1internal:streamGenerateContent?alt=sse Trace: 0x58a2a751e34a7de4

2026-06-28 02:02:39.343 [error] [LS Main stderr] E0628 02:02:39.342015 301928 log.go:398] failed to check terminal shell support: internal: internal error

2026-06-28 02:02:39.344 [error] [LS Main stderr] E0628 02:02:39.344339 301928 log.go:398] failed to check terminal shell support: internal: internal error

2026-06-28 02:02:39.554 [error] [LS Main stderr] E0628 02:02:39.553878 301928 log.go:398] failed to check terminal shell support: internal: internal error

2026-06-28 02:02:39.556 [error] [LS Main stderr] E0628 02:02:39.555995 301928 log.go:398] failed to check terminal shell support: internal: internal error

2026-06-28 02:02:39.578 [error] [LS Main stderr] E0628 02:02:39.577336 301928 log.go:398] failed to check terminal shell support: internal: internal error

2026-06-28 02:02:39.579 [error] [LS Main stderr] E0628 02:02:39.579776 301928 log.go:398] failed to check terminal shell support: internal: internal error

2026-06-28 02:02:45.037 [error] [LS Main stderr] I0628 02:02:45.037098 301928 http_helpers.go:183] URL: https://daily-cloudcode-pa.googleapis.com/v1internal:streamGenerateContent?alt=sse Trace: 0x6bdaad209fce2dbc

2026-06-28 02:02:45.087 [error] [LS Main stderr] E0628 02:02:45.087335 301928 log.go:398] failed to check terminal shell support: internal: internal error

2026-06-28 02:02:45.089 [error] [LS Main stderr] E0628 02:02:45.089556 301928 log.go:398] failed to check terminal shell support: internal: internal error

2026-06-28 02:02:45.405 [error] [LS Main stderr] E0628 02:02:45.405010 301928 log.go:398] failed to check terminal shell support: internal: internal error

2026-06-28 02:02:45.408 [error] [LS Main stderr] E0628 02:02:45.408495 301928 log.go:398] failed to check terminal shell support: internal: internal error

2026-06-28 02:02:45.531 [error] [LS Main stderr] E0628 02:02:45.530108 301928 log.go:398] failed to check terminal shell support: internal: internal error

2026-06-28 02:02:45.534 [error] [LS Main stderr] E0628 02:02:45.532969 301928 log.go:398] failed to check terminal shell support: internal: internal error

2026-06-28 02:02:50.566 [error] [LS Main stderr] I0628 02:02:50.566047 301928 http_helpers.go:183] URL: https://daily-cloudcode-pa.googleapis.com/v1internal:streamGenerateContent?alt=sse Trace: 0x9dec4bd013152bbf

2026-06-28 02:02:50.614 [error] [LS Main stderr] E0628 02:02:50.614438 301928 log.go:398] failed to check terminal shell support: internal: internal error

2026-06-28 02:02:50.616 [error] [LS Main stderr] E0628 02:02:50.616156 301928 log.go:398] failed to check terminal shell support: internal: internal error

2026-06-28 02:02:52.941 [error] [LS Main stderr] E0628 02:02:52.941638 301928 log.go:398] failed to check terminal shell support: internal: internal error

2026-06-28 02:02:52.944 [error] [LS Main stderr] E0628 02:02:52.944307 301928 log.go:398] failed to check terminal shell support: internal: internal error

2026-06-28 02:02:53.017 [error] [LS Main stderr] E0628 02:02:53.017470 301928 log.go:398] failed to check terminal shell support: internal: internal error

2026-06-28 02:02:53.020 [error] [LS Main stderr] E0628 02:02:53.019970 301928 log.go:398] failed to check terminal shell support: internal: internal error

2026-06-28 02:02:53.086 [error] [LS Main stderr] E0628 02:02:53.086060 301928 log.go:398] failed to check terminal shell support: internal: internal error

2026-06-28 02:02:53.089 [error] [LS Main stderr] E0628 02:02:53.089317 301928 log.go:398] failed to check terminal shell support: internal: internal error

2026-06-28 02:02:54.025 [error] [LS Main stderr] E0628 02:02:54.025446 301928 log.go:398] failed to check terminal shell support: internal: internal error

2026-06-28 02:02:54.027 [error] [LS Main stderr] E0628 02:02:54.027424 301928 log.go:398] failed to check terminal shell support: internal: internal error

2026-06-28 02:03:26.800 [error] [LS Main stderr] I0628 02:03:26.800274 301928 http_helpers.go:183] URL: https://daily-cloudcode-pa.googleapis.com/v1internal:loadCodeAssist Trace: 0x9db68f28a9f3adac

2026-06-28 02:03:27.710 [error] [LS Main stderr] I0628 02:03:27.709831 301928 http_helpers.go:183] URL: https://daily-cloudcode-pa.googleapis.com/v1internal:fetchAvailableModels Trace: 0x4fac1000e31077bd

2026-06-28 02:03:27.727 [error] [LS Main stderr] E0628 02:03:27.726881 301928 log.go:398] failed to check terminal shell support: internal: internal error

2026-06-28 02:03:27.730 [error] [LS Main stderr] E0628 02:03:27.730532 301928 log.go:398] failed to check terminal shell support: internal: internal error

2026-06-28 02:03:27.736 [error] [LS Main stderr] E0628 02:03:27.735761 301928 log.go:398] failed to check terminal shell support: internal: internal error

2026-06-28 02:03:27.741 [error] [LS Main stderr] E0628 02:03:27.740586 301928 log.go:398] failed to check terminal shell support: internal: internal error

2026-06-28 02:03:27.748 [error] [LS Main stderr] E0628 02:03:27.745538 301928 log.go:398] failed to check terminal shell support: internal: internal error

2026-06-28 02:03:27.804 [error] [LS Main stderr] E0628 02:03:27.802526 301928 log.go:398] failed to check terminal shell support: internal: internal error

2026-06-28 02:03:27.804 [error] [LS Main stderr] E0628 02:03:27.804384 301928 log.go:398] failed to check terminal shell support: internal: internal error

2026-06-28 02:03:27.841 [error] [LS Main stderr] E0628 02:03:27.841155 301928 log.go:398] failed to check terminal shell support: internal: internal error

2026-06-28 02:03:27.844 [error] [LS Main stderr] E0628 02:03:27.844518 301928 log.go:398] failed to check terminal shell support: internal: internal error

2026-06-28 02:03:28.033 [error] [LS Main stderr] E0628 02:03:28.033029 301928 log.go:398] failed to check terminal shell support: internal: internal error

2026-06-28 02:03:28.035 [error] [LS Main stderr] E0628 02:03:28.035335 301928 log.go:398] failed to check terminal shell support: internal: internal error

2026-06-28 02:03:28.045 [error] [LS Main stderr] E0628 02:03:28.045326 301928 log.go:398] failed to check terminal shell support: internal: internal error

2026-06-28 02:03:28.046 [error] [LS Main stderr] E0628 02:03:28.046375 301928 log.go:398] failed to check terminal shell support: internal: internal error

2026-06-28 02:03:33.679 [error] [LS Main stderr] I0628 02:03:33.679470 301928 http_helpers.go:183] URL: https://daily-cloudcode-pa.googleapis.com/v1internal:streamGenerateContent?alt=sse Trace: 0x7e3ea894c0cbda7e

2026-06-28 02:03:33.733 [error] [LS Main stderr] E0628 02:03:33.732918 301928 log.go:398] failed to check terminal shell support: internal: internal error

2026-06-28 02:03:33.735 [error] [LS Main stderr] E0628 02:03:33.735347 301928 log.go:398] failed to check terminal shell support: internal: internal error

2026-06-28 02:03:36.776 [error] [LS Main stderr] E0628 02:03:36.776076 301928 log.go:398] failed to check terminal shell support: internal: internal error

2026-06-28 02:03:36.781 [error] [LS Main stderr] E0628 02:03:36.781132 301928 log.go:398] failed to check terminal shell support: internal: internal error

2026-06-28 02:03:36.813 [error] [LS Main stderr] E0628 02:03:36.813485 301928 log.go:398] failed to check terminal shell support: internal: internal error

2026-06-28 02:03:36.815 [error] [LS Main stderr] E0628 02:03:36.815613 301928 log.go:398] failed to check terminal shell support: internal: internal error

2026-06-28 02:03:42.282 [error] [LS Main stderr] I0628 02:03:42.281992 301928 http_helpers.go:183] URL: https://daily-cloudcode-pa.googleapis.com/v1internal:streamGenerateContent?alt=sse Trace: 0x7a25aca2d590fd20

2026-06-28 02:03:42.348 [error] [LS Main stderr] E0628 02:03:42.347813 301928 log.go:398] failed to check terminal shell support: internal: internal error

2026-06-28 02:03:42.351 [error] [LS Main stderr] E0628 02:03:42.350923 301928 log.go:398] failed to check terminal shell support: internal: internal error

2026-06-28 02:03:43.011 [error] [LS Main stderr] E0628 02:03:43.010559 301928 log.go:398] failed to check terminal shell support: internal: internal error

2026-06-28 02:03:43.013 [error] [LS Main stderr] E0628 02:03:43.013216 301928 log.go:398] failed to check terminal shell support: internal: internal error

2026-06-28 02:03:48.061 [error] [LS Main stderr] E0628 02:03:48.061101 301928 log.go:398] failed to check terminal shell support: internal: internal error

2026-06-28 02:03:48.064 [error] [LS Main stderr] E0628 02:03:48.064373 301928 log.go:398] failed to check terminal shell support: internal: internal error

2026-06-28 02:03:49.020 [error] [LS Main stderr] E0628 02:03:49.020436 301928 log.go:398] failed to check terminal shell support: internal: internal error

2026-06-28 02:03:49.026 [error] [LS Main stderr] E0628 02:03:49.026563 301928 log.go:398] failed to check terminal shell support: internal: internal error

2026-06-28 02:03:51.025 [error] [LS Main stderr] E0628 02:03:51.025126 301928 log.go:398] failed to check terminal shell support: internal: internal error

2026-06-28 02:03:51.031 [error] [LS Main stderr] E0628 02:03:51.030203 301928 log.go:398] failed to check terminal shell support: internal: internal error

2026-06-28 02:03:53.317 [error] [LS Main stderr] I0628 02:03:53.317457 301928 http_helpers.go:183] URL: https://daily-cloudcode-pa.googleapis.com/v1internal:streamGenerateContent?alt=sse Trace: 0x7ffc121abd4d607e

2026-06-28 02:03:53.389 [error] [LS Main stderr] E0628 02:03:53.388550 301928 log.go:398] failed to check terminal shell support: internal: internal error

2026-06-28 02:03:53.391 [error] [LS Main stderr] E0628 02:03:53.391554 301928 log.go:398] failed to check terminal shell support: internal: internal error

2026-06-28 02:03:53.420 [error] [LS Main stderr] E0628 02:03:53.420048 301928 log.go:398] failed to check terminal shell support: internal: internal error

2026-06-28 02:03:53.422 [error] [LS Main stderr] E0628 02:03:53.422370 301928 log.go:398] failed to check terminal shell support: internal: internal error

2026-06-28 02:03:53.498 [error] [LS Main stderr] E0628 02:03:53.497539 301928 log.go:398] failed to check terminal shell support: internal: internal error

2026-06-28 02:03:53.501 [error] [LS Main stderr] E0628 02:03:53.500788 301928 log.go:398] failed to check terminal shell support: internal: internal error

2026-06-28 02:03:53.530 [error] [LS Main stderr] E0628 02:03:53.530473 301928 log.go:398] failed to check terminal shell support: internal: internal error

2026-06-28 02:03:53.532 [error] [LS Main stderr] E0628 02:03:53.532722 301928 log.go:398] failed to check terminal shell support: internal: internal error

2026-06-28 02:03:54.023 [error] [LS Main stderr] E0628 02:03:54.023337 301928 log.go:398] failed to check terminal shell support: internal: internal error

2026-06-28 02:03:54.025 [error] [LS Main stderr] E0628 02:03:54.025197 301928 log.go:398] failed to check terminal shell support: internal: internal error

2026-06-28 02:03:58.524 [error] [LS Main stderr] I0628 02:03:58.524637 301928 http_helpers.go:183] URL: https://daily-cloudcode-pa.googleapis.com/v1internal:streamGenerateContent?alt=sse Trace: 0xc07fdacd8f470d26

2026-06-28 02:03:58.603 [error] [LS Main stderr] E0628 02:03:58.603182 301928 log.go:398] failed to check terminal shell support: internal: internal error

2026-06-28 02:03:58.610 [error] [LS Main stderr] E0628 02:03:58.610375 301928 log.go:398] failed to check terminal shell support: internal: internal error

2026-06-28 02:03:58.802 [error] [LS Main stderr] E0628 02:03:58.802238 301928 log.go:398] failed to check terminal shell support: internal: internal error

2026-06-28 02:03:58.805 [error] [LS Main stderr] E0628 02:03:58.804358 301928 log.go:398] failed to check terminal shell support: internal: internal error

2026-06-28 02:03:58.841 [error] [LS Main stderr] E0628 02:03:58.840878 301928 log.go:398] failed to check terminal shell support: internal: internal error

2026-06-28 02:03:58.843 [error] [LS Main stderr] E0628 02:03:58.843093 301928 log.go:398] failed to check terminal shell support: internal: internal error

2026-06-28 02:04:04.004 [error] [LS Main stderr] I0628 02:04:04.003549 301928 http_helpers.go:183] URL: https://daily-cloudcode-pa.googleapis.com/v1internal:streamGenerateContent?alt=sse Trace: 0x22294c8382b2037f

2026-06-28 02:04:04.067 [error] [LS Main stderr] E0628 02:04:04.067785 301928 log.go:398] failed to check terminal shell support: internal: internal error

2026-06-28 02:04:04.069 [error] [LS Main stderr] E0628 02:04:04.069274 301928 log.go:398] failed to check terminal shell support: internal: internal error

2026-06-28 02:04:06.024 [error] [LS Main stderr] E0628 02:04:06.024087 301928 log.go:398] failed to check terminal shell support: internal: internal error

2026-06-28 02:04:06.025 [error] [LS Main stderr] E0628 02:04:06.025452 301928 log.go:398] failed to check terminal shell support: internal: internal error

2026-06-28 02:04:06.178 [error] [LS Main stderr] E0628 02:04:06.177950 301928 log.go:398] failed to check terminal shell support: internal: internal error

2026-06-28 02:04:06.179 [error] [LS Main stderr] E0628 02:04:06.179536 301928 log.go:398] failed to check terminal shell support: internal: internal error

2026-06-28 02:04:11.056 [error] [LS Main stderr] I0628 02:04:11.055454 301928 http_helpers.go:183] URL: https://daily-cloudcode-pa.googleapis.com/v1internal:streamGenerateContent?alt=sse Trace: 0x578f486dfc159077

2026-06-28 02:04:11.120 [error] [LS Main stderr] E0628 02:04:11.120520 301928 log.go:398] failed to check terminal shell support: internal: internal error

2026-06-28 02:04:11.122 [error] [LS Main stderr] E0628 02:04:11.122358 301928 log.go:398] failed to check terminal shell support: internal: internal error

2026-06-28 02:04:11.236 [error] [LS Main stderr] E0628 02:04:11.235191 301928 log.go:398] failed to check terminal shell support: internal: internal error

2026-06-28 02:04:11.238 [error] [LS Main stderr] E0628 02:04:11.237741 301928 log.go:398] failed to check terminal shell support: internal: internal error

2026-06-28 02:04:11.301 [error] [LS Main stderr] E0628 02:04:11.300902 301928 log.go:398] failed to check terminal shell support: internal: internal error

2026-06-28 02:04:11.303 [error] [LS Main stderr] E0628 02:04:11.303129 301928 log.go:398] failed to check terminal shell support: internal: internal error

2026-06-28 02:04:16.586 [error] [LS Main stderr] I0628 02:04:16.585841 301928 http_helpers.go:183] URL: https://daily-cloudcode-pa.googleapis.com/v1internal:streamGenerateContent?alt=sse Trace: 0x8c66eee0aa95f6b7

2026-06-28 02:04:16.632 [error] [LS Main stderr] E0628 02:04:16.632211 301928 log.go:398] failed to check terminal shell support: internal: internal error

2026-06-28 02:04:16.633 [error] [LS Main stderr] E0628 02:04:16.633405 301928 log.go:398] failed to check terminal shell support: internal: internal error

2026-06-28 02:04:17.704 [error] [LS Main stderr] E0628 02:04:17.704339 301928 log.go:398] failed to check terminal shell support: internal: internal error

2026-06-28 02:04:17.706 [error] [LS Main stderr] E0628 02:04:17.706202 301928 log.go:398] failed to check terminal shell support: internal: internal error

2026-06-28 02:04:17.748 [error] [LS Main stderr] E0628 02:04:17.748105 301928 log.go:398] failed to check terminal shell support: internal: internal error

2026-06-28 02:04:17.749 [error] [LS Main stderr] E0628 02:04:17.749838 301928 log.go:398] failed to check terminal shell support: internal: internal error

2026-06-28 02:04:22.832 [error] [LS Main stderr] I0628 02:04:22.831877 301928 http_helpers.go:183] URL: https://daily-cloudcode-pa.googleapis.com/v1internal:streamGenerateContent?alt=sse Trace: 0x2a92813a7f392a7c

2026-06-28 02:04:22.912 [error] [LS Main stderr] E0628 02:04:22.912332 301928 log.go:398] failed to check terminal shell support: internal: internal error

2026-06-28 02:04:22.914 [error] [LS Main stderr] E0628 02:04:22.913958 301928 log.go:398] failed to check terminal shell support: internal: internal error

2026-06-28 02:04:23.369 [error] [LS Main stderr] E0628 02:04:23.368951 301928 log.go:398] failed to check terminal shell support: internal: internal error

2026-06-28 02:04:23.371 [error] [LS Main stderr] E0628 02:04:23.371084 301928 log.go:398] failed to check terminal shell support: internal: internal error

2026-06-28 02:04:23.406 [error] [LS Main stderr] E0628 02:04:23.406746 301928 log.go:398] failed to check terminal shell support: internal: internal error

2026-06-28 02:04:23.408 [error] [LS Main stderr] E0628 02:04:23.408854 301928 log.go:398] failed to check terminal shell support: internal: internal error

2026-06-28 02:04:29.081 [error] [LS Main stderr] I0628 02:04:29.080628 301928 http_helpers.go:183] URL: https://daily-cloudcode-pa.googleapis.com/v1internal:streamGenerateContent?alt=sse Trace: 0x2de93c1f1bc02aa0

2026-06-28 02:04:29.131 [error] [LS Main stderr] E0628 02:04:29.131728 301928 log.go:398] failed to check terminal shell support: internal: internal error

2026-06-28 02:04:29.133 [error] [LS Main stderr] E0628 02:04:29.133258 301928 log.go:398] failed to check terminal shell support: internal: internal error

2026-06-28 02:04:36.791 [error] [LS Main stderr] E0628 02:04:36.791152 301928 log.go:398] failed to check terminal shell support: internal: internal error

2026-06-28 02:04:36.793 [error] [LS Main stderr] E0628 02:04:36.792864 301928 log.go:398] failed to check terminal shell support: internal: internal error

2026-06-28 02:04:36.826 [error] [LS Main stderr] E0628 02:04:36.826065 301928 log.go:398] failed to check terminal shell support: internal: internal error

2026-06-28 02:04:36.828 [error] [LS Main stderr] E0628 02:04:36.828270 301928 log.go:398] failed to check terminal shell support: internal: internal error

2026-06-28 02:04:41.365 [error] [LS Main stderr] I0628 02:04:41.365250 301928 http_helpers.go:183] URL: https://daily-cloudcode-pa.googleapis.com/v1internal:streamGenerateContent?alt=sse Trace: 0xaac18a65c724abfb

2026-06-28 02:04:41.426 [error] [LS Main stderr] E0628 02:04:41.426402 301928 log.go:398] failed to check terminal shell support: internal: internal error

2026-06-28 02:04:41.429 [error] [LS Main stderr] E0628 02:04:41.428195 301928 log.go:398] failed to check terminal shell support: internal: internal error

2026-06-28 02:04:41.495 [error] [LS Main stderr] E0628 02:04:41.494978 301928 log.go:398] failed to check terminal shell support: internal: internal error

2026-06-28 02:04:41.497 [error] [LS Main stderr] E0628 02:04:41.497179 301928 log.go:398] failed to check terminal shell support: internal: internal error

2026-06-28 02:04:41.650 [error] [LS Main stderr] E0628 02:04:41.649427 301928 log.go:398] failed to check terminal shell support: internal: internal error

2026-06-28 02:04:41.651 [error] [LS Main stderr] E0628 02:04:41.651701 301928 log.go:398] failed to check terminal shell support: internal: internal error

2026-06-28 02:04:47.566 [error] [LS Main stderr] I0628 02:04:47.565900 301928 http_helpers.go:183] URL: https://daily-cloudcode-pa.googleapis.com/v1internal:streamGenerateContent?alt=sse Trace: 0x9da4e6e0943fb7cf

2026-06-28 02:04:47.629 [error] [LS Main stderr] E0628 02:04:47.628957 301928 log.go:398] failed to check terminal shell support: internal: internal error

2026-06-28 02:04:47.631 [error] [LS Main stderr] E0628 02:04:47.630351 301928 log.go:398] failed to check terminal shell support: internal: internal error

2026-06-28 02:04:48.432 [error] [LS Main stderr] E0628 02:04:48.431959 301928 log.go:398] failed to check terminal shell support: internal: internal error

2026-06-28 02:04:48.435 [error] [LS Main stderr] E0628 02:04:48.433806 301928 log.go:398] failed to check terminal shell support: internal: internal error

2026-06-28 02:04:49.007 [error] [LS Main stderr] E0628 02:04:49.006657 301928 log.go:398] failed to check terminal shell support: internal: internal error

2026-06-28 02:04:49.008 [error] [LS Main stderr] E0628 02:04:49.008031 301928 log.go:398] failed to check terminal shell support: internal: internal error

2026-06-28 02:04:54.884 [error] [LS Main stderr] I0628 02:04:54.883990 301928 http_helpers.go:183] URL: https://daily-cloudcode-pa.googleapis.com/v1internal:streamGenerateContent?alt=sse Trace: 0x9032879173e55a3c

2026-06-28 02:04:54.966 [error] [LS Main stderr] E0628 02:04:54.966017 301928 log.go:398] failed to check terminal shell support: internal: internal error

2026-06-28 02:04:54.971 [error] [LS Main stderr] E0628 02:04:54.971008 301928 log.go:398] failed to check terminal shell support: internal: internal error

2026-06-28 02:04:55.023 [error] [LS Main stderr] E0628 02:04:55.023296 301928 log.go:398] failed to check terminal shell support: internal: internal error

2026-06-28 02:04:55.025 [error] [LS Main stderr] E0628 02:04:55.025818 301928 log.go:398] failed to check terminal shell support: internal: internal error

2026-06-28 02:04:55.063 [error] [LS Main stderr] E0628 02:04:55.063371 301928 log.go:398] failed to check terminal shell support: internal: internal error

2026-06-28 02:04:55.065 [error] [LS Main stderr] E0628 02:04:55.064979 301928 log.go:398] failed to check terminal shell support: internal: internal error

2026-06-28 02:05:00.404 [error] [LS Main stderr] I0628 02:05:00.404025 301928 http_helpers.go:183] URL: https://daily-cloudcode-pa.googleapis.com/v1internal:streamGenerateContent?alt=sse Trace: 0xe5fbeca0544fa7d0

2026-06-28 02:05:00.461 [error] [LS Main stderr] E0628 02:05:00.460694 301928 log.go:398] failed to check terminal shell support: internal: internal error

2026-06-28 02:05:00.466 [error] [LS Main stderr] E0628 02:05:00.466604 301928 log.go:398] failed to check terminal shell support: internal: internal error

2026-06-28 02:05:01.057 [error] [LS Main stderr] E0628 02:05:01.056908 301928 log.go:398] failed to check terminal shell support: internal: internal error

2026-06-28 02:05:01.060 [error] [LS Main stderr] E0628 02:05:01.059690 301928 log.go:398] failed to check terminal shell support: internal: internal error

2026-06-28 02:05:01.135 [error] [LS Main stderr] E0628 02:05:01.135346 301928 log.go:398] failed to check terminal shell support: internal: internal error

2026-06-28 02:05:01.137 [error] [LS Main stderr] E0628 02:05:01.137323 301928 log.go:398] failed to check terminal shell support: internal: internal error

2026-06-28 02:05:06.250 [error] [LS Main stderr] I0628 02:05:06.249601 301928 http_helpers.go:183] URL: https://daily-cloudcode-pa.googleapis.com/v1internal:streamGenerateContent?alt=sse Trace: 0x8550aad4834b4c75

2026-06-28 02:05:06.314 [error] [LS Main stderr] E0628 02:05:06.314074 301928 log.go:398] failed to check terminal shell support: internal: internal error

2026-06-28 02:05:06.318 [error] [LS Main stderr] E0628 02:05:06.317721 301928 log.go:398] failed to check terminal shell support: internal: internal error

2026-06-28 02:05:06.796 [error] [LS Main stderr] E0628 02:05:06.796090 301928 log.go:398] failed to check terminal shell support: internal: internal error

2026-06-28 02:05:06.797 [error] [LS Main stderr] E0628 02:05:06.797917 301928 log.go:398] failed to check terminal shell support: internal: internal error

2026-06-28 02:05:07.306 [error] [LS Main stderr] E0628 02:05:07.306356 301928 log.go:398] failed to check terminal shell support: internal: internal error

2026-06-28 02:05:07.308 [error] [LS Main stderr] E0628 02:05:07.308311 301928 log.go:398] failed to check terminal shell support: internal: internal error

2026-06-28 02:05:11.842 [error] [LS Main stderr] E0628 02:05:11.842344 301928 log.go:398] invalid offset 8690

2026-06-28 02:05:13.007 [error] [LS Main stderr] I0628 02:05:13.007580 301928 http_helpers.go:183] URL: https://daily-cloudcode-pa.googleapis.com/v1internal:streamGenerateContent?alt=sse Trace: 0xe344440ee1be98fb

2026-06-28 02:05:13.076 [error] [LS Main stderr] E0628 02:05:13.075984 301928 log.go:398] failed to check terminal shell support: internal: internal error

2026-06-28 02:05:13.078 [error] [LS Main stderr] E0628 02:05:13.077820 301928 log.go:398] failed to check terminal shell support: internal: internal error

2026-06-28 02:05:16.995 [error] [LS Main stderr] E0628 02:05:16.995789 301928 log.go:398] failed to check terminal shell support: internal: internal error

2026-06-28 02:05:16.997 [error] [LS Main stderr] E0628 02:05:16.997019 301928 log.go:398] failed to check terminal shell support: internal: internal error

2026-06-28 02:05:17.140 [error] [LS Main stderr] E0628 02:05:17.139941 301928 log.go:398] failed to check terminal shell support: internal: internal error

2026-06-28 02:05:17.142 [error] [LS Main stderr] E0628 02:05:17.141987 301928 log.go:398] failed to check terminal shell support: internal: internal error

2026-06-28 02:05:22.735 [error] [LS Main stderr] I0628 02:05:22.735634 301928 http_helpers.go:183] URL: https://daily-cloudcode-pa.googleapis.com/v1internal:streamGenerateContent?alt=sse Trace: 0x1255149c141a1573

2026-06-28 02:05:22.837 [error] [LS Main stderr] E0628 02:05:22.837410 301928 log.go:398] failed to check terminal shell support: internal: internal error

2026-06-28 02:05:22.844 [error] [LS Main stderr] E0628 02:05:22.843796 301928 log.go:398] failed to check terminal shell support: internal: internal error

2026-06-28 02:05:22.928 [error] [LS Main stderr] E0628 02:05:22.928436 301928 log.go:398] failed to check terminal shell support: internal: internal error

2026-06-28 02:05:22.931 [error] [LS Main stderr] E0628 02:05:22.931262 301928 log.go:398] failed to check terminal shell support: internal: internal error

2026-06-28 02:05:23.296 [error] [LS Main stderr] E0628 02:05:23.295978 301928 log.go:398] failed to check terminal shell support: internal: internal error

2026-06-28 02:05:23.297 [error] [LS Main stderr] E0628 02:05:23.297869 301928 log.go:398] failed to check terminal shell support: internal: internal error

2026-06-28 02:05:28.470 [error] [LS Main stderr] I0628 02:05:28.469961 301928 http_helpers.go:183] URL: https://daily-cloudcode-pa.googleapis.com/v1internal:streamGenerateContent?alt=sse Trace: 0x8be856578970dd11

2026-06-28 02:05:28.543 [error] [LS Main stderr] E0628 02:05:28.543588 301928 log.go:398] failed to check terminal shell support: internal: internal error

2026-06-28 02:05:28.546 [error] [LS Main stderr] E0628 02:05:28.546154 301928 log.go:398] failed to check terminal shell support: internal: internal error

2026-06-28 02:05:28.647 [error] [LS Main stderr] E0628 02:05:28.647178 301928 log.go:398] failed to check terminal shell support: internal: internal error

2026-06-28 02:05:28.649 [error] [LS Main stderr] E0628 02:05:28.649426 301928 log.go:398] failed to check terminal shell support: internal: internal error

2026-06-28 02:05:28.761 [error] [LS Main stderr] E0628 02:05:28.760546 301928 log.go:398] failed to check terminal shell support: internal: internal error

2026-06-28 02:05:28.762 [error] [LS Main stderr] E0628 02:05:28.762139 301928 log.go:398] failed to check terminal shell support: internal: internal error

2026-06-28 02:05:34.205 [error] [LS Main stderr] I0628 02:05:34.205536 301928 http_helpers.go:183] URL: https://daily-cloudcode-pa.googleapis.com/v1internal:streamGenerateContent?alt=sse Trace: 0xa6340dcee771b359

2026-06-28 02:05:34.274 [error] [LS Main stderr] E0628 02:05:34.274354 301928 log.go:398] failed to check terminal shell support: internal: internal error

2026-06-28 02:05:34.275 [error] [LS Main stderr] E0628 02:05:34.275780 301928 log.go:398] failed to check terminal shell support: internal: internal error

2026-06-28 02:05:34.374 [error] [LS Main stderr] E0628 02:05:34.374292 301928 log.go:398] failed to check terminal shell support: internal: internal error

2026-06-28 02:05:34.376 [error] [LS Main stderr] E0628 02:05:34.376372 301928 log.go:398] failed to check terminal shell support: internal: internal error

2026-06-28 02:05:34.439 [error] [LS Main stderr] E0628 02:05:34.439202 301928 log.go:398] failed to check terminal shell support: internal: internal error

2026-06-28 02:05:34.441 [error] [LS Main stderr] E0628 02:05:34.441321 301928 log.go:398] failed to check terminal shell support: internal: internal error

2026-06-28 02:05:39.530 [error] [LS Main stderr] I0628 02:05:39.530479 301928 http_helpers.go:183] URL: https://daily-cloudcode-pa.googleapis.com/v1internal:streamGenerateContent?alt=sse Trace: 0x4c736ff5c096a790

2026-06-28 02:05:39.625 [error] [LS Main stderr] E0628 02:05:39.625033 301928 log.go:398] failed to check terminal shell support: internal: internal error

2026-06-28 02:05:39.627 [error] [LS Main stderr] E0628 02:05:39.627293 301928 log.go:398] failed to check terminal shell support: internal: internal error

2026-06-28 02:05:39.661 [error] [LS Main stderr] E0628 02:05:39.660976 301928 log.go:398] failed to check terminal shell support: internal: internal error

2026-06-28 02:05:39.665 [error] [LS Main stderr] E0628 02:05:39.665391 301928 log.go:398] failed to check terminal shell support: internal: internal error

2026-06-28 02:05:39.765 [error] [LS Main stderr] E0628 02:05:39.765531 301928 log.go:398] failed to check terminal shell support: internal: internal error

2026-06-28 02:05:39.770 [error] [LS Main stderr] E0628 02:05:39.770182 301928 log.go:398] failed to check terminal shell support: internal: internal error

2026-06-28 02:05:45.457 [error] [LS Main stderr] I0628 02:05:45.457068 301928 http_helpers.go:183] URL: https://daily-cloudcode-pa.googleapis.com/v1internal:streamGenerateContent?alt=sse Trace: 0x37990abf550a493b

2026-06-28 02:05:45.515 [error] [LS Main stderr] E0628 02:05:45.515404 301928 log.go:398] failed to check terminal shell support: internal: internal error

2026-06-28 02:05:45.517 [error] [LS Main stderr] E0628 02:05:45.517323 301928 log.go:398] failed to check terminal shell support: internal: internal error

2026-06-28 02:05:47.843 [error] [LS Main stderr] E0628 02:05:47.842378 301928 log.go:398] failed to check terminal shell support: internal: internal error

2026-06-28 02:05:47.844 [error] [LS Main stderr] E0628 02:05:47.844444 301928 log.go:398] failed to check terminal shell support: internal: internal error

2026-06-28 02:05:47.872 [error] [LS Main stderr] E0628 02:05:47.872203 301928 log.go:398] failed to check terminal shell support: internal: internal error

2026-06-28 02:05:47.874 [error] [LS Main stderr] E0628 02:05:47.874157 301928 log.go:398] failed to check terminal shell support: internal: internal error

2026-06-28 02:05:53.458 [error] [LS Main stderr] I0628 02:05:53.458272 301928 http_helpers.go:183] URL: https://daily-cloudcode-pa.googleapis.com/v1internal:streamGenerateContent?alt=sse Trace: 0x4feb05168242eced

2026-06-28 02:05:53.517 [error] [LS Main stderr] E0628 02:05:53.516905 301928 log.go:398] failed to check terminal shell support: internal: internal error

2026-06-28 02:05:53.519 [error] [LS Main stderr] E0628 02:05:53.519164 301928 log.go:398] failed to check terminal shell support: internal: internal error

2026-06-28 02:05:55.231 [error] [LS Main stderr] E0628 02:05:55.230407 301928 log.go:398] failed to check terminal shell support: internal: internal error

2026-06-28 02:05:55.232 [error] [LS Main stderr] E0628 02:05:55.232181 301928 log.go:398] failed to check terminal shell support: internal: internal error

2026-06-28 02:05:55.278 [error] [LS Main stderr] E0628 02:05:55.278390 301928 log.go:398] failed to check terminal shell support: internal: internal error

2026-06-28 02:05:55.280 [error] [LS Main stderr] E0628 02:05:55.279901 301928 log.go:398] failed to check terminal shell support: internal: internal error

2026-06-28 02:06:00.806 [error] [LS Main stderr] I0628 02:06:00.805684 301928 http_helpers.go:183] URL: https://daily-cloudcode-pa.googleapis.com/v1internal:streamGenerateContent?alt=sse Trace: 0x3f6e7c649ca72685

2026-06-28 02:06:00.858 [error] [LS Main stderr] E0628 02:06:00.858462 301928 log.go:398] failed to check terminal shell support: internal: internal error

2026-06-28 02:06:00.860 [error] [LS Main stderr] E0628 02:06:00.860316 301928 log.go:398] failed to check terminal shell support: internal: internal error

2026-06-28 02:06:02.036 [error] [LS Main stderr] E0628 02:06:02.036345 301928 log.go:398] failed to check terminal shell support: internal: internal error

2026-06-28 02:06:02.038 [error] [LS Main stderr] E0628 02:06:02.038417 301928 log.go:398] failed to check terminal shell support: internal: internal error

2026-06-28 02:06:02.084 [error] [LS Main stderr] E0628 02:06:02.084280 301928 log.go:398] failed to check terminal shell support: internal: internal error

2026-06-28 02:06:02.085 [error] [LS Main stderr] E0628 02:06:02.085560 301928 log.go:398] failed to check terminal shell support: internal: internal error

2026-06-28 02:06:07.588 [error] [LS Main stderr] I0628 02:06:07.588190 301928 http_helpers.go:183] URL: https://daily-cloudcode-pa.googleapis.com/v1internal:streamGenerateContent?alt=sse Trace: 0xe383d435fc08488d

2026-06-28 02:06:07.648 [error] [LS Main stderr] E0628 02:06:07.648399 301928 log.go:398] failed to check terminal shell support: internal: internal error

2026-06-28 02:06:07.650 [error] [LS Main stderr] E0628 02:06:07.649899 301928 log.go:398] failed to check terminal shell support: internal: internal error

2026-06-28 02:06:09.193 [error] [LS Main stderr] E0628 02:06:09.192939 301928 log.go:398] failed to check terminal shell support: internal: internal error

2026-06-28 02:06:09.195 [error] [LS Main stderr] E0628 02:06:09.195069 301928 log.go:398] failed to check terminal shell support: internal: internal error

2026-06-28 02:06:09.211 [error] [LS Main stderr] E0628 02:06:09.211875 301928 log.go:398] failed to check terminal shell support: internal: internal error

2026-06-28 02:06:09.213 [error] [LS Main stderr] E0628 02:06:09.213328 301928 log.go:398] failed to check terminal shell support: internal: internal error

2026-06-28 02:06:09.244 [error] [LS Main stderr] E0628 02:06:09.244802 301928 log.go:398] failed to check terminal shell support: internal: internal error

2026-06-28 02:06:09.246 [error] [LS Main stderr] E0628 02:06:09.246364 301928 log.go:398] failed to check terminal shell support: internal: internal error

2026-06-28 02:06:10.660 [error] [LS Main stderr] I0628 02:06:10.660448 301928 http_helpers.go:183] URL: https://daily-cloudcode-pa.googleapis.com/v1internal:streamGenerateContent?alt=sse Trace: 0xa8f2b60d21a7dcec

2026-06-28 02:06:14.027 [error] [LS Main stderr] E0628 02:06:14.027750 301928 log.go:398] failed to check terminal shell support: internal: internal error

2026-06-28 02:06:14.030 [error] [LS Main stderr] E0628 02:06:14.029315 301928 log.go:398] failed to check terminal shell support: internal: internal error

2026-06-28 02:06:14.245 [error] [LS Main stderr] I0628 02:06:14.245031 301928 http_helpers.go:183] URL: https://daily-cloudcode-pa.googleapis.com/v1internal:streamGenerateContent?alt=sse Trace: 0x1aaeeb9e28b23d42

2026-06-28 02:06:14.301 [error] [LS Main stderr] E0628 02:06:14.301360 301928 log.go:398] failed to check terminal shell support: internal: internal error

2026-06-28 02:06:14.303 [error] [LS Main stderr] E0628 02:06:14.302956 301928 log.go:398] failed to check terminal shell support: internal: internal error

2026-06-28 02:06:26.603 [error] [LS Main stderr] E0628 02:06:26.603666 301928 log.go:398] failed to check terminal shell support: internal: internal error

2026-06-28 02:06:26.609 [error] [LS Main stderr] E0628 02:06:26.608547 301928 log.go:398] failed to check terminal shell support: internal: internal error

2026-06-28 02:06:26.739 [error] [LS Main stderr] E0628 02:06:26.738844 301928 log.go:398] failed to check terminal shell support: internal: internal error

2026-06-28 02:06:26.740 [error] [LS Main stderr] E0628 02:06:26.740918 301928 log.go:398] failed to check terminal shell support: internal: internal error

2026-06-28 02:06:26.769 [error] [LS Main stderr] E0628 02:06:26.769391 301928 log.go:398] failed to check terminal shell support: internal: internal error

2026-06-28 02:06:26.770 [error] [LS Main stderr] E0628 02:06:26.770786 301928 log.go:398] failed to check terminal shell support: internal: internal error

2026-06-28 02:06:26.816 [error] [LS Main stderr] E0628 02:06:26.816379 301928 log.go:398] failed to check terminal shell support: internal: internal error

2026-06-28 02:06:26.818 [error] [LS Main stderr] E0628 02:06:26.818196 301928 log.go:398] failed to check terminal shell support: internal: internal error

2026-06-28 02:06:31.311 [error] [LS Main stderr] I0628 02:06:31.310809 301928 http_helpers.go:183] URL: https://daily-cloudcode-pa.googleapis.com/v1internal:streamGenerateContent?alt=sse Trace: 0x4d4956293c0de620

2026-06-28 02:06:31.366 [error] [LS Main stderr] E0628 02:06:31.365807 301928 log.go:398] failed to check terminal shell support: internal: internal error

2026-06-28 02:06:31.367 [error] [LS Main stderr] E0628 02:06:31.367346 301928 log.go:398] failed to check terminal shell support: internal: internal error

2026-06-28 02:06:31.586 [error] [LS Main stderr] E0628 02:06:31.586251 301928 log.go:398] failed to check terminal shell support: internal: internal error

2026-06-28 02:06:31.587 [error] [LS Main stderr] E0628 02:06:31.587414 301928 log.go:398] failed to check terminal shell support: internal: internal error

2026-06-28 02:06:31.608 [error] [LS Main stderr] E0628 02:06:31.608004 301928 log.go:398] failed to check terminal shell support: internal: internal error

2026-06-28 02:06:31.610 [error] [LS Main stderr] E0628 02:06:31.610093 301928 log.go:398] failed to check terminal shell support: internal: internal error

2026-06-28 02:06:36.528 [error] [LS Main stderr] I0628 02:06:36.528310 301928 http_helpers.go:183] URL: https://daily-cloudcode-pa.googleapis.com/v1internal:streamGenerateContent?alt=sse Trace: 0xe70cdbc2ca983f2d

2026-06-28 02:06:36.581 [error] [LS Main stderr] E0628 02:06:36.581002 301928 log.go:398] failed to check terminal shell support: internal: internal error

2026-06-28 02:06:36.582 [error] [LS Main stderr] E0628 02:06:36.582311 301928 log.go:398] failed to check terminal shell support: internal: internal error

2026-06-28 02:06:41.027 [error] [LS Main stderr] E0628 02:06:41.027296 301928 log.go:398] failed to check terminal shell support: internal: internal error

2026-06-28 02:06:41.029 [error] [LS Main stderr] E0628 02:06:41.029384 301928 log.go:398] failed to check terminal shell support: internal: internal error

2026-06-28 02:06:41.229 [error] [LS Main stderr] E0628 02:06:41.228844 301928 log.go:398] failed to check terminal shell support: internal: internal error

2026-06-28 02:06:41.231 [error] [LS Main stderr] E0628 02:06:41.230922 301928 log.go:398] failed to check terminal shell support: internal: internal error

2026-06-28 02:06:45.507 [error] [LS Main stderr] I0628 02:06:45.506819 301928 http_helpers.go:183] URL: https://daily-cloudcode-pa.googleapis.com/v1internal:streamGenerateContent?alt=sse Trace: 0xb4f61888c6ac8106

2026-06-28 02:06:45.558 [error] [LS Main stderr] E0628 02:06:45.558583 301928 log.go:398] failed to check terminal shell support: internal: internal error

2026-06-28 02:06:45.561 [error] [LS Main stderr] E0628 02:06:45.560359 301928 log.go:398] failed to check terminal shell support: internal: internal error

2026-06-28 02:06:45.720 [error] [LS Main stderr] E0628 02:06:45.720619 301928 log.go:398] failed to check terminal shell support: internal: internal error

2026-06-28 02:06:45.722 [error] [LS Main stderr] E0628 02:06:45.722183 301928 log.go:398] failed to check terminal shell support: internal: internal error

2026-06-28 02:06:45.882 [error] [LS Main stderr] E0628 02:06:45.882344 301928 log.go:398] failed to check terminal shell support: internal: internal error

2026-06-28 02:06:45.884 [error] [LS Main stderr] E0628 02:06:45.884334 301928 log.go:398] failed to check terminal shell support: internal: internal error

2026-06-28 02:06:51.213 [error] [LS Main stderr] I0628 02:06:51.213139 301928 http_helpers.go:183] URL: https://daily-cloudcode-pa.googleapis.com/v1internal:streamGenerateContent?alt=sse Trace: 0x92a9253f79bc6820

2026-06-28 02:06:51.276 [error] [LS Main stderr] E0628 02:06:51.276326 301928 log.go:398] failed to check terminal shell support: internal: internal error

2026-06-28 02:06:51.281 [error] [LS Main stderr] E0628 02:06:51.280460 301928 log.go:398] failed to check terminal shell support: internal: internal error

2026-06-28 02:06:54.916 [error] [LS Main stderr] E0628 02:06:54.916322 301928 log.go:398] failed to check terminal shell support: internal: internal error

2026-06-28 02:06:54.918 [error] [LS Main stderr] E0628 02:06:54.917730 301928 log.go:398] failed to check terminal shell support: internal: internal error

2026-06-28 02:06:54.940 [error] [LS Main stderr] E0628 02:06:54.940350 301928 log.go:398] failed to check terminal shell support: internal: internal error

2026-06-28 02:06:54.942 [error] [LS Main stderr] E0628 02:06:54.942127 301928 log.go:398] failed to check terminal shell support: internal: internal error

2026-06-28 02:06:59.710 [error] [LS Main stderr] I0628 02:06:59.710486 301928 http_helpers.go:183] URL: https://daily-cloudcode-pa.googleapis.com/v1internal:streamGenerateContent?alt=sse Trace: 0x168336bcf9f86fa1

2026-06-28 02:06:59.781 [error] [LS Main stderr] E0628 02:06:59.781697 301928 log.go:398] failed to check terminal shell support: internal: internal error

2026-06-28 02:06:59.784 [error] [LS Main stderr] E0628 02:06:59.783360 301928 log.go:398] failed to check terminal shell support: internal: internal error

2026-06-28 02:06:59.915 [error] [LS Main stderr] E0628 02:06:59.915045 301928 log.go:398] failed to check terminal shell support: internal: internal error

2026-06-28 02:06:59.917 [error] [LS Main stderr] E0628 02:06:59.916929 301928 log.go:398] failed to check terminal shell support: internal: internal error

2026-06-28 02:07:00.057 [error] [LS Main stderr] E0628 02:07:00.056493 301928 log.go:398] failed to check terminal shell support: internal: internal error

2026-06-28 02:07:00.058 [error] [LS Main stderr] E0628 02:07:00.058370 301928 log.go:398] failed to check terminal shell support: internal: internal error

2026-06-28 02:07:05.243 [error] [LS Main stderr] I0628 02:07:05.242779 301928 http_helpers.go:183] URL: https://daily-cloudcode-pa.googleapis.com/v1internal:streamGenerateContent?alt=sse Trace: 0x45830889fb19af1b

2026-06-28 02:07:05.322 [error] [LS Main stderr] E0628 02:07:05.322236 301928 log.go:398] failed to check terminal shell support: internal: internal error

2026-06-28 02:07:05.325 [error] [LS Main stderr] E0628 02:07:05.324366 301928 log.go:398] failed to check terminal shell support: internal: internal error

2026-06-28 02:07:05.976 [error] [LS Main stderr] E0628 02:07:05.976354 301928 log.go:398] failed to check terminal shell support: internal: internal error

2026-06-28 02:07:05.980 [error] [LS Main stderr] E0628 02:07:05.979981 301928 log.go:398] failed to check terminal shell support: internal: internal error

2026-06-28 02:07:06.101 [error] [LS Main stderr] E0628 02:07:06.101114 301928 log.go:398] failed to check terminal shell support: internal: internal error

2026-06-28 02:07:06.102 [error] [LS Main stderr] E0628 02:07:06.102339 301928 log.go:398] failed to check terminal shell support: internal: internal error

2026-06-28 02:07:11.182 [error] [LS Main stderr] I0628 02:07:11.181751 301928 http_helpers.go:183] URL: https://daily-cloudcode-pa.googleapis.com/v1internal:streamGenerateContent?alt=sse Trace: 0x4b5a09dccc78464c

2026-06-28 02:07:11.237 [error] [LS Main stderr] E0628 02:07:11.237857 301928 log.go:398] failed to check terminal shell support: internal: internal error

2026-06-28 02:07:11.241 [error] [LS Main stderr] E0628 02:07:11.240977 301928 log.go:398] failed to check terminal shell support: internal: internal error

2026-06-28 02:07:12.376 [error] [LS Main stderr] E0628 02:07:12.376402 301928 log.go:398] failed to check terminal shell support: internal: internal error

2026-06-28 02:07:12.378 [error] [LS Main stderr] E0628 02:07:12.378000 301928 log.go:398] failed to check terminal shell support: internal: internal error

2026-06-28 02:07:12.419 [error] [LS Main stderr] E0628 02:07:12.419337 301928 log.go:398] failed to check terminal shell support: internal: internal error

2026-06-28 02:07:12.421 [error] [LS Main stderr] E0628 02:07:12.421366 301928 log.go:398] failed to check terminal shell support: internal: internal error

2026-06-28 02:07:17.528 [error] [LS Main stderr] I0628 02:07:17.528561 301928 http_helpers.go:183] URL: https://daily-cloudcode-pa.googleapis.com/v1internal:streamGenerateContent?alt=sse Trace: 0x9d118d22ee452327

2026-06-28 02:07:17.583 [error] [LS Main stderr] E0628 02:07:17.583517 301928 log.go:398] failed to check terminal shell support: internal: internal error

2026-06-28 02:07:17.586 [error] [LS Main stderr] E0628 02:07:17.586458 301928 log.go:398] failed to check terminal shell support: internal: internal error

2026-06-28 02:07:18.264 [error] [LS Main stderr] E0628 02:07:18.264098 301928 log.go:398] failed to check terminal shell support: internal: internal error

2026-06-28 02:07:18.266 [error] [LS Main stderr] E0628 02:07:18.266036 301928 log.go:398] failed to check terminal shell support: internal: internal error

2026-06-28 02:07:18.289 [error] [LS Main stderr] E0628 02:07:18.289695 301928 log.go:398] failed to check terminal shell support: internal: internal error

2026-06-28 02:07:18.291 [error] [LS Main stderr] E0628 02:07:18.291238 301928 log.go:398] failed to check terminal shell support: internal: internal error

2026-06-28 02:07:23.204 [error] [LS Main stderr] I0628 02:07:23.204069 301928 http_helpers.go:183] URL: https://daily-cloudcode-pa.googleapis.com/v1internal:streamGenerateContent?alt=sse Trace: 0xa5acff16984068c9

2026-06-28 02:07:23.271 [error] [LS Main stderr] E0628 02:07:23.271866 301928 log.go:398] failed to check terminal shell support: internal: internal error

2026-06-28 02:07:23.273 [error] [LS Main stderr] E0628 02:07:23.273670 301928 log.go:398] failed to check terminal shell support: internal: internal error

2026-06-28 02:07:23.440 [error] [LS Main stderr] E0628 02:07:23.439371 301928 log.go:398] failed to check terminal shell support: internal: internal error

2026-06-28 02:07:23.442 [error] [LS Main stderr] E0628 02:07:23.442416 301928 log.go:398] failed to check terminal shell support: internal: internal error

2026-06-28 02:07:23.485 [error] [LS Main stderr] E0628 02:07:23.484876 301928 log.go:398] failed to check terminal shell support: internal: internal error

2026-06-28 02:07:23.486 [error] [LS Main stderr] E0628 02:07:23.486114 301928 log.go:398] failed to check terminal shell support: internal: internal error

2026-06-28 02:07:29.000 [error] [LS Main stderr] I0628 02:07:28.999698 301928 http_helpers.go:183] URL: https://daily-cloudcode-pa.googleapis.com/v1internal:streamGenerateContent?alt=sse Trace: 0xb54fb5cbb779b287

2026-06-28 02:07:29.053 [error] [LS Main stderr] E0628 02:07:29.052840 301928 log.go:398] failed to check terminal shell support: internal: internal error

2026-06-28 02:07:29.054 [error] [LS Main stderr] E0628 02:07:29.054331 301928 log.go:398] failed to check terminal shell support: internal: internal error

2026-06-28 02:07:32.364 [error] [LS Main stderr] E0628 02:07:32.364490 301928 log.go:398] failed to check terminal shell support: internal: internal error

2026-06-28 02:07:32.366 [error] [LS Main stderr] E0628 02:07:32.366044 301928 log.go:398] failed to check terminal shell support: internal: internal error

2026-06-28 02:07:32.477 [error] [LS Main stderr] E0628 02:07:32.477364 301928 log.go:398] failed to check terminal shell support: internal: internal error

2026-06-28 02:07:32.480 [error] [LS Main stderr] E0628 02:07:32.479398 301928 log.go:398] failed to check terminal shell support: internal: internal error

2026-06-28 02:07:37.805 [error] [LS Main stderr] I0628 02:07:37.805170 301928 http_helpers.go:183] URL: https://daily-cloudcode-pa.googleapis.com/v1internal:streamGenerateContent?alt=sse Trace: 0x229a2524fefd4e72

2026-06-28 02:07:37.864 [error] [LS Main stderr] E0628 02:07:37.863924 301928 log.go:398] failed to check terminal shell support: internal: internal error

2026-06-28 02:07:37.865 [error] [LS Main stderr] E0628 02:07:37.865755 301928 log.go:398] failed to check terminal shell support: internal: internal error

2026-06-28 02:07:40.455 [error] [LS Main stderr] E0628 02:07:40.455342 301928 log.go:398] failed to check terminal shell support: internal: internal error

2026-06-28 02:07:40.457 [error] [LS Main stderr] E0628 02:07:40.457353 301928 log.go:398] failed to check terminal shell support: internal: internal error

2026-06-28 02:07:40.494 [error] [LS Main stderr] E0628 02:07:40.494055 301928 log.go:398] failed to check terminal shell support: internal: internal error

2026-06-28 02:07:40.496 [error] [LS Main stderr] E0628 02:07:40.495979 301928 log.go:398] failed to check terminal shell support: internal: internal error

2026-06-28 02:07:45.587 [error] [LS Main stderr] I0628 02:07:45.587576 301928 http_helpers.go:183] URL: https://daily-cloudcode-pa.googleapis.com/v1internal:streamGenerateContent?alt=sse Trace: 0xa9478446957a9654

2026-06-28 02:07:45.651 [error] [LS Main stderr] E0628 02:07:45.650909 301928 log.go:398] failed to check terminal shell support: internal: internal error

2026-06-28 02:07:45.652 [error] [LS Main stderr] E0628 02:07:45.652332 301928 log.go:398] failed to check terminal shell support: internal: internal error

2026-06-28 02:07:46.515 [error] [LS Main stderr] E0628 02:07:46.515389 301928 log.go:398] failed to check terminal shell support: internal: internal error

2026-06-28 02:07:46.516 [error] [LS Main stderr] E0628 02:07:46.516563 301928 log.go:398] failed to check terminal shell support: internal: internal error

2026-06-28 02:07:46.536 [error] [LS Main stderr] E0628 02:07:46.536808 301928 log.go:398] failed to check terminal shell support: internal: internal error

2026-06-28 02:07:46.538 [error] [LS Main stderr] E0628 02:07:46.537881 301928 log.go:398] failed to check terminal shell support: internal: internal error

2026-06-28 02:07:50.414 [error] [LS Main stderr] I0628 02:07:50.414399 301928 http_helpers.go:183] URL: https://daily-cloudcode-pa.googleapis.com/v1internal:streamGenerateContent?alt=sse Trace: 0x7433164c601a4012

2026-06-28 02:07:50.505 [error] [LS Main stderr] I0628 02:07:50.505368 301928 http_helpers.go:183] URL: https://daily-cloudcode-pa.googleapis.com/v1internal:streamGenerateContent?alt=sse Trace: 0x64e389afef755596

2026-06-28 02:07:51.591 [error] [LS Main stderr] I0628 02:07:51.591268 301928 http_helpers.go:183] URL: https://daily-cloudcode-pa.googleapis.com/v1internal:streamGenerateContent?alt=sse Trace: 0x42aa487e8b469438

2026-06-28 02:07:51.803 [error] [LS Main stderr] E0628 02:07:51.803427 301928 log.go:398] failed to check terminal shell support: internal: internal error

2026-06-28 02:07:51.807 [error] [LS Main stderr] E0628 02:07:51.805804 301928 log.go:398] failed to check terminal shell support: internal: internal error

2026-06-28 02:07:53.569 [error] [LS Main stderr] E0628 02:07:53.568928 301928 log.go:398] failed to check terminal shell support: internal: internal error

2026-06-28 02:07:53.571 [error] [LS Main stderr] E0628 02:07:53.571629 301928 log.go:398] failed to check terminal shell support: internal: internal error

2026-06-28 02:07:53.595 [error] [LS Main stderr] E0628 02:07:53.595163 301928 log.go:398] failed to check terminal shell support: internal: internal error

2026-06-28 02:07:53.597 [error] [LS Main stderr] E0628 02:07:53.597325 301928 log.go:398] failed to check terminal shell support: internal: internal error

2026-06-28 02:07:58.803 [error] [LS Main stderr] I0628 02:07:58.803458 301928 http_helpers.go:183] URL: https://daily-cloudcode-pa.googleapis.com/v1internal:streamGenerateContent?alt=sse Trace: 0xfc993c57d7cf05df

2026-06-28 02:07:58.863 [error] [LS Main stderr] E0628 02:07:58.862033 301928 log.go:398] failed to check terminal shell support: internal: internal error

2026-06-28 02:07:58.869 [error] [LS Main stderr] E0628 02:07:58.869569 301928 log.go:398] failed to check terminal shell support: internal: internal error

2026-06-28 02:08:04.500 [error] [LS Main stderr] E0628 02:08:04.500343 301928 log.go:398] failed to check terminal shell support: internal: internal error

2026-06-28 02:08:04.502 [error] [LS Main stderr] E0628 02:08:04.502160 301928 log.go:398] failed to check terminal shell support: internal: internal error

2026-06-28 02:08:05.133 [error] [LS Main stderr] E0628 02:08:05.133146 301928 log.go:398] failed to check terminal shell support: internal: internal error

2026-06-28 02:08:05.135 [error] [LS Main stderr] E0628 02:08:05.135729 301928 log.go:398] failed to check terminal shell support: internal: internal error

2026-06-28 02:08:10.165 [error] [LS Main stderr] I0628 02:08:10.165098 301928 http_helpers.go:183] URL: https://daily-cloudcode-pa.googleapis.com/v1internal:streamGenerateContent?alt=sse Trace: 0x81157774a794941b

2026-06-28 02:08:10.222 [error] [LS Main stderr] E0628 02:08:10.222270 301928 log.go:398] failed to check terminal shell support: internal: internal error

2026-06-28 02:08:10.224 [error] [LS Main stderr] E0628 02:08:10.224128 301928 log.go:398] failed to check terminal shell support: internal: internal error

2026-06-28 02:08:11.658 [error] [LS Main stderr] E0628 02:08:11.658275 301928 log.go:398] failed to check terminal shell support: internal: internal error

2026-06-28 02:08:11.660 [error] [LS Main stderr] E0628 02:08:11.660159 301928 log.go:398] failed to check terminal shell support: internal: internal error

2026-06-28 02:08:11.693 [error] [LS Main stderr] E0628 02:08:11.693319 301928 log.go:398] failed to check terminal shell support: internal: internal error

2026-06-28 02:08:11.694 [error] [LS Main stderr] E0628 02:08:11.694660 301928 log.go:398] failed to check terminal shell support: internal: internal error

2026-06-28 02:08:17.948 [error] [LS Main stderr] I0628 02:08:17.947986 301928 http_helpers.go:183] URL: https://daily-cloudcode-pa.googleapis.com/v1internal:streamGenerateContent?alt=sse Trace: 0x8ad29aaad351b50b

2026-06-28 02:08:18.015 [error] [LS Main stderr] E0628 02:08:18.014779 301928 log.go:398] failed to check terminal shell support: internal: internal error

2026-06-28 02:08:18.017 [error] [LS Main stderr] E0628 02:08:18.017300 301928 log.go:398] failed to check terminal shell support: internal: internal error

2026-06-28 02:08:20.888 [error] [LS Main stderr] E0628 02:08:20.888407 301928 log.go:398] failed to check terminal shell support: internal: internal error

2026-06-28 02:08:20.891 [error] [LS Main stderr] E0628 02:08:20.891410 301928 log.go:398] failed to check terminal shell support: internal: internal error

2026-06-28 02:08:21.376 [error] [LS Main stderr] E0628 02:08:21.375334 301928 log.go:398] failed to check terminal shell support: internal: internal error

2026-06-28 02:08:21.378 [error] [LS Main stderr] E0628 02:08:21.377952 301928 log.go:398] failed to check terminal shell support: internal: internal error

2026-06-28 02:08:25.991 [error] [LS Main stderr] I0628 02:08:25.991493 301928 http_helpers.go:183] URL: https://daily-cloudcode-pa.googleapis.com/v1internal:streamGenerateContent?alt=sse Trace: 0xd689143780807410

2026-06-28 02:08:26.932 [error] [LS Main stderr] I0628 02:08:26.931531 301928 http_helpers.go:183] URL: https://daily-cloudcode-pa.googleapis.com/v1internal:loadCodeAssist Trace: 0xb0c5156612343e25

2026-06-28 02:08:27.788 [error] [LS Main stderr] I0628 02:08:27.787808 301928 http_helpers.go:183] URL: https://daily-cloudcode-pa.googleapis.com/v1internal:fetchAvailableModels Trace: 0xcf03ed0743b876d7

2026-06-28 02:08:27.806 [error] [LS Main stderr] E0628 02:08:27.806502 301928 log.go:398] failed to check terminal shell support: internal: internal error

2026-06-28 02:08:27.809 [error] [LS Main stderr] E0628 02:08:27.809265 301928 log.go:398] failed to check terminal shell support: internal: internal error

2026-06-28 02:08:27.812 [error] [LS Main stderr] E0628 02:08:27.811746 301928 log.go:398] failed to check terminal shell support: internal: internal error

2026-06-28 02:08:27.816 [error] [LS Main stderr] E0628 02:08:27.815213 301928 log.go:398] failed to check terminal shell support: internal: internal error

2026-06-28 02:08:27.818 [error] [LS Main stderr] E0628 02:08:27.817756 301928 log.go:398] failed to check terminal shell support: internal: internal error

2026-06-28 02:08:27.820 [error] [LS Main stderr] E0628 02:08:27.820474 301928 log.go:398] failed to check terminal shell support: internal: internal error

2026-06-28 02:08:28.070 [error] [LS Main stderr] E0628 02:08:28.070368 301928 log.go:398] failed to check terminal shell support: internal: internal error

2026-06-28 02:08:28.072 [error] [LS Main stderr] E0628 02:08:28.072026 301928 log.go:398] failed to check terminal shell support: internal: internal error

2026-06-28 02:08:32.894 [error] [LS Main stderr] I0628 02:08:32.894331 301928 http_helpers.go:183] URL: https://daily-cloudcode-pa.googleapis.com/v1internal:streamGenerateContent?alt=sse Trace: 0x8db66b52a71bba8

2026-06-28 02:08:32.955 [error] [LS Main stderr] E0628 02:08:32.955745 301928 log.go:398] failed to check terminal shell support: internal: internal error

2026-06-28 02:08:32.957 [error] [LS Main stderr] E0628 02:08:32.956900 301928 log.go:398] failed to check terminal shell support: internal: internal error

2026-06-28 02:08:33.090 [error] [LS Main stderr] E0628 02:08:33.090029 301928 log.go:398] failed to check terminal shell support: internal: internal error

2026-06-28 02:08:33.091 [error] [LS Main stderr] E0628 02:08:33.091047 301928 log.go:398] failed to check terminal shell support: internal: internal error

2026-06-28 02:08:33.374 [error] [LS Main stderr] E0628 02:08:33.373627 301928 log.go:398] failed to check terminal shell support: internal: internal error

2026-06-28 02:08:33.376 [error] [LS Main stderr] E0628 02:08:33.376414 301928 log.go:398] failed to check terminal shell support: internal: internal error

2026-06-28 02:08:39.402 [error] [LS Main stderr] I0628 02:08:39.402502 301928 http_helpers.go:183] URL: https://daily-cloudcode-pa.googleapis.com/v1internal:streamGenerateContent?alt=sse Trace: 0x7690c83bd92aded9

2026-06-28 02:08:39.470 [error] [LS Main stderr] E0628 02:08:39.469362 301928 log.go:398] failed to check terminal shell support: internal: internal error

2026-06-28 02:08:39.471 [error] [LS Main stderr] E0628 02:08:39.471362 301928 log.go:398] failed to check terminal shell support: internal: internal error

2026-06-28 02:08:45.526 [error] [LS Main stderr] E0628 02:08:45.525143 301928 log.go:398] failed to check terminal shell support: internal: internal error

2026-06-28 02:08:45.527 [error] [LS Main stderr] E0628 02:08:45.527208 301928 log.go:398] failed to check terminal shell support: internal: internal error

2026-06-28 02:08:45.665 [error] [LS Main stderr] E0628 02:08:45.665081 301928 log.go:398] failed to check terminal shell support: internal: internal error

2026-06-28 02:08:45.667 [error] [LS Main stderr] E0628 02:08:45.667419 301928 log.go:398] failed to check terminal shell support: internal: internal error

2026-06-28 02:08:50.528 [error] [LS Main stderr] I0628 02:08:50.528374 301928 http_helpers.go:183] URL: https://daily-cloudcode-pa.googleapis.com/v1internal:streamGenerateContent?alt=sse Trace: 0x70711998033ba960

2026-06-28 02:08:50.591 [error] [LS Main stderr] E0628 02:08:50.589889 301928 log.go:398] failed to check terminal shell support: internal: internal error

2026-06-28 02:08:50.600 [error] [LS Main stderr] E0628 02:08:50.600434 301928 log.go:398] failed to check terminal shell support: internal: internal error

2026-06-28 02:08:51.494 [error] [LS Main stderr] E0628 02:08:51.494637 301928 log.go:398] failed to check terminal shell support: internal: internal error

2026-06-28 02:08:51.497 [error] [LS Main stderr] E0628 02:08:51.496485 301928 log.go:398] failed to check terminal shell support: internal: internal error

2026-06-28 02:08:52.158 [error] [LS Main stderr] E0628 02:08:52.158744 301928 log.go:398] failed to check terminal shell support: internal: internal error

2026-06-28 02:08:52.160 [error] [LS Main stderr] E0628 02:08:52.160325 301928 log.go:398] failed to check terminal shell support: internal: internal error

2026-06-28 02:08:57.269 [error] [LS Main stderr] I0628 02:08:57.269139 301928 http_helpers.go:183] URL: https://daily-cloudcode-pa.googleapis.com/v1internal:streamGenerateContent?alt=sse Trace: 0xfa506b4dffcef48d

2026-06-28 02:08:57.330 [error] [LS Main stderr] E0628 02:08:57.330116 301928 log.go:398] failed to check terminal shell support: internal: internal error

2026-06-28 02:08:57.332 [error] [LS Main stderr] E0628 02:08:57.332388 301928 log.go:398] failed to check terminal shell support: internal: internal error

2026-06-28 02:08:59.616 [error] [LS Main stderr] E0628 02:08:59.616324 301928 log.go:398] failed to check terminal shell support: internal: internal error

2026-06-28 02:08:59.618 [error] [LS Main stderr] E0628 02:08:59.617823 301928 log.go:398] failed to check terminal shell support: internal: internal error

2026-06-28 02:08:59.720 [error] [LS Main stderr] E0628 02:08:59.720099 301928 log.go:398] failed to check terminal shell support: internal: internal error

2026-06-28 02:08:59.721 [error] [LS Main stderr] E0628 02:08:59.721595 301928 log.go:398] failed to check terminal shell support: internal: internal error

2026-06-28 02:09:05.052 [error] [LS Main stderr] I0628 02:09:05.051959 301928 http_helpers.go:183] URL: https://daily-cloudcode-pa.googleapis.com/v1internal:streamGenerateContent?alt=sse Trace: 0x6aec7138fceeba5c

2026-06-28 02:09:05.110 [error] [LS Main stderr] E0628 02:09:05.110363 301928 log.go:398] failed to check terminal shell support: internal: internal error

2026-06-28 02:09:05.112 [error] [LS Main stderr] E0628 02:09:05.112240 301928 log.go:398] failed to check terminal shell support: internal: internal error

2026-06-28 02:09:08.428 [error] [LS Main stderr] I0628 02:09:08.428762 301928 http_helpers.go:183] URL: https://daily-cloudcode-pa.googleapis.com/v1internal:streamGenerateContent?alt=sse Trace: 0xd176aba90ed7ff1d

2026-06-28 02:09:09.044 [error] [LS Main stderr] I0628 02:09:09.044493 301928 http_helpers.go:183] URL: https://daily-cloudcode-pa.googleapis.com/v1internal:streamGenerateContent?alt=sse Trace: 0xdc372bdfaca5fc41

2026-06-28 02:09:10.364 [error] [LS Main stderr] I0628 02:09:10.364131 301928 http_helpers.go:183] URL: https://daily-cloudcode-pa.googleapis.com/v1internal:streamGenerateContent?alt=sse Trace: 0xbf8073919e73ce32

2026-06-28 02:09:11.507 [error] [LS Main stderr] E0628 02:09:11.506977 301928 log.go:398] failed to check terminal shell support: internal: internal error

2026-06-28 02:09:11.509 [error] [LS Main stderr] E0628 02:09:11.509399 301928 log.go:398] failed to check terminal shell support: internal: internal error

2026-06-28 02:09:11.532 [error] [LS Main stderr] E0628 02:09:11.531717 301928 log.go:398] failed to check terminal shell support: internal: internal error

2026-06-28 02:09:11.533 [error] [LS Main stderr] E0628 02:09:11.533048 301928 log.go:398] failed to check terminal shell support: internal: internal error

2026-06-28 02:09:16.828 [error] [LS Main stderr] I0628 02:09:16.827576 301928 http_helpers.go:183] URL: https://daily-cloudcode-pa.googleapis.com/v1internal:streamGenerateContent?alt=sse Trace: 0x5344859c2a2fe4c7

2026-06-28 02:09:16.887 [error] [LS Main stderr] E0628 02:09:16.887084 301928 log.go:398] failed to check terminal shell support: internal: internal error

2026-06-28 02:09:16.888 [error] [LS Main stderr] E0628 02:09:16.888431 301928 log.go:398] failed to check terminal shell support: internal: internal error

2026-06-28 02:09:17.284 [error] [LS Main stderr] I0628 02:09:17.284507 301928 http_helpers.go:183] URL: https://daily-cloudcode-pa.googleapis.com/v1internal:streamGenerateContent?alt=sse Trace: 0xbd901260bc13009e

2026-06-28 02:09:17.463 [error] [LS Main stderr] I0628 02:09:17.463267 301928 http_helpers.go:183] URL: https://daily-cloudcode-pa.googleapis.com/v1internal:streamGenerateContent?alt=sse Trace: 0x5df2e8e3599bfa79

2026-06-28 02:09:18.949 [error] [LS Main stderr] I0628 02:09:18.949511 301928 http_helpers.go:183] URL: https://daily-cloudcode-pa.googleapis.com/v1internal:streamGenerateContent?alt=sse Trace: 0x1e81c11da86cbf25

2026-06-28 02:09:19.490 [error] [LS Main stderr] I0628 02:09:19.490385 301928 http_helpers.go:183] URL: https://daily-cloudcode-pa.googleapis.com/v1internal:streamGenerateContent?alt=sse Trace: 0x82e7e42727d9c0ff

2026-06-28 02:09:22.852 [error] [LS Main stderr] E0628 02:09:22.852098 301928 log.go:398] failed to check terminal shell support: internal: internal error

2026-06-28 02:09:22.854 [error] [LS Main stderr] E0628 02:09:22.854198 301928 log.go:398] failed to check terminal shell support: internal: internal error

2026-06-28 02:09:22.889 [error] [LS Main stderr] E0628 02:09:22.889182 301928 log.go:398] failed to check terminal shell support: internal: internal error

2026-06-28 02:09:22.891 [error] [LS Main stderr] E0628 02:09:22.891371 301928 log.go:398] failed to check terminal shell support: internal: internal error

2026-06-28 02:09:26.060 [error] [LS Main stderr] I0628 02:09:26.060345 301928 http_helpers.go:183] URL: https://daily-cloudcode-pa.googleapis.com/v1internal:streamGenerateContent?alt=sse Trace: 0x5e588412e32906ad

2026-06-28 02:09:26.408 [error] [LS Main stderr] I0628 02:09:26.408448 301928 http_helpers.go:183] URL: https://daily-cloudcode-pa.googleapis.com/v1internal:streamGenerateContent?alt=sse Trace: 0xd6026c1e9965500c

2026-06-28 02:09:27.944 [error] [LS Main stderr] I0628 02:09:27.944555 301928 http_helpers.go:183] URL: https://daily-cloudcode-pa.googleapis.com/v1internal:streamGenerateContent?alt=sse Trace: 0x9271ab791051f0b3

2026-06-28 02:09:28.009 [error] [LS Main stderr] E0628 02:09:28.009347 301928 log.go:398] failed to check terminal shell support: internal: internal error

2026-06-28 02:09:28.011 [error] [LS Main stderr] E0628 02:09:28.011048 301928 log.go:398] failed to check terminal shell support: internal: internal error

2026-06-28 02:09:28.862 [error] [LS Main stderr] I0628 02:09:28.862353 301928 http_helpers.go:183] URL: https://daily-cloudcode-pa.googleapis.com/v1internal:streamGenerateContent?alt=sse Trace: 0x7483b0fa0c79a155

2026-06-28 02:09:28.871 [error] [LS Main stderr] I0628 02:09:28.871649 301928 http_helpers.go:183] URL: https://daily-cloudcode-pa.googleapis.com/v1internal:streamGenerateContent?alt=sse Trace: 0x6c8cd21ab02ed223

2026-06-28 02:09:29.932 [error] [LS Main stderr] E0628 02:09:29.932312 301928 log.go:398] failed to check terminal shell support: internal: internal error

2026-06-28 02:09:29.933 [error] [LS Main stderr] E0628 02:09:29.933871 301928 log.go:398] failed to check terminal shell support: internal: internal error

2026-06-28 02:09:30.182 [error] [LS Main stderr] I0628 02:09:30.182804 301928 http_helpers.go:183] URL: https://daily-cloudcode-pa.googleapis.com/v1internal:streamGenerateContent?alt=sse Trace: 0x54b4f34709f7b525

2026-06-28 02:09:30.426 [error] [LS Main stderr] E0628 02:09:30.426307 301928 log.go:398] failed to check terminal shell support: internal: internal error

2026-06-28 02:09:30.428 [error] [LS Main stderr] E0628 02:09:30.428349 301928 log.go:398] failed to check terminal shell support: internal: internal error

2026-06-28 02:09:30.533 [error] [LS Main stderr] I0628 02:09:30.533527 301928 http_helpers.go:183] URL: https://daily-cloudcode-pa.googleapis.com/v1internal:streamGenerateContent?alt=sse Trace: 0x2d09e44d478adcd4

2026-06-28 02:09:30.958 [error] [LS Main stderr] I0628 02:09:30.957951 301928 http_helpers.go:183] URL: https://daily-cloudcode-pa.googleapis.com/v1internal:streamGenerateContent?alt=sse Trace: 0xb85590253489cec3

2026-06-28 02:09:31.064 [error] [LS Main stderr] I0628 02:09:31.064264 301928 http_helpers.go:183] URL: https://daily-cloudcode-pa.googleapis.com/v1internal:streamGenerateContent?alt=sse Trace: 0xc40d6a088d130f88

2026-06-28 02:09:31.158 [error] [LS Main stderr] I0628 02:09:31.158502 301928 http_helpers.go:183] URL: https://daily-cloudcode-pa.googleapis.com/v1internal:streamGenerateContent?alt=sse Trace: 0xfee8dbed1782ac69

2026-06-28 02:09:32.933 [error] [LS Main stderr] I0628 02:09:32.932584 301928 http_helpers.go:183] URL: https://daily-cloudcode-pa.googleapis.com/v1internal:streamGenerateContent?alt=sse Trace: 0xf0ec29cf38072c32

2026-06-28 02:09:33.194 [error] [LS Main stderr] I0628 02:09:33.194245 301928 http_helpers.go:183] URL: https://daily-cloudcode-pa.googleapis.com/v1internal:streamGenerateContent?alt=sse Trace: 0xd4980ee73e89cafd

2026-06-28 02:09:34.527 [error] [LS Main stderr] I0628 02:09:34.526998 301928 http_helpers.go:183] URL: https://daily-cloudcode-pa.googleapis.com/v1internal:streamGenerateContent?alt=sse Trace: 0x6ada96b435e67d84

2026-06-28 02:09:35.570 [error] [LS Main stderr] I0628 02:09:35.570643 301928 http_helpers.go:183] URL: https://daily-cloudcode-pa.googleapis.com/v1internal:streamGenerateContent?alt=sse Trace: 0x98617556244f29af

2026-06-28 02:09:35.645 [error] [LS Main stderr] E0628 02:09:35.645061 301928 log.go:398] failed to check terminal shell support: internal: internal error

2026-06-28 02:09:35.647 [error] [LS Main stderr] E0628 02:09:35.647366 301928 log.go:398] failed to check terminal shell support: internal: internal error

2026-06-28 02:09:35.936 [error] [LS Main stderr] I0628 02:09:35.936883 301928 http_helpers.go:183] URL: https://daily-cloudcode-pa.googleapis.com/v1internal:streamGenerateContent?alt=sse Trace: 0xdcb5c02215971eb4

2026-06-28 02:09:36.399 [error] [LS Main stderr] I0628 02:09:36.399001 301928 http_helpers.go:183] URL: https://daily-cloudcode-pa.googleapis.com/v1internal:streamGenerateContent?alt=sse Trace: 0xeb820fd9995255ce

2026-06-28 02:09:37.924 [error] [LS Main stderr] I0628 02:09:37.924437 301928 http_helpers.go:183] URL: https://daily-cloudcode-pa.googleapis.com/v1internal:streamGenerateContent?alt=sse Trace: 0xcca16e9d70cca999

2026-06-28 02:09:38.268 [error] [LS Main stderr] I0628 02:09:38.267824 301928 http_helpers.go:183] URL: https://daily-cloudcode-pa.googleapis.com/v1internal:streamGenerateContent?alt=sse Trace: 0x8a5c36d0f0617518

2026-06-28 02:09:38.315 [error] [LS Main stderr] E0628 02:09:38.314872 301928 interceptor.go:74] /exa.language_server_pb.LanguageServerService/HandleStreamingCommand (unknown): invalid position offset 4381: invalid offset 4381
E0628 02:09:38.314869 301928 interceptor.go:74] /exa.language_server_pb.LanguageServerService/HandleStreamingCommand (unknown): invalid position offset 4381: invalid offset 4381

2026-06-28 02:09:39.861 [error] [LS Main stderr] E0628 02:09:39.860344 301928 log.go:398] failed to check terminal shell support: internal: internal error

2026-06-28 02:09:39.863 [error] [LS Main stderr] E0628 02:09:39.863547 301928 log.go:398] failed to check terminal shell support: internal: internal error

2026-06-28 02:09:40.063 [error] [LS Main stderr] E0628 02:09:40.063389 301928 log.go:398] failed to check terminal shell support: internal: internal error

2026-06-28 02:09:40.065 [error] [LS Main stderr] E0628 02:09:40.064940 301928 log.go:398] failed to check terminal shell support: internal: internal error

2026-06-28 02:09:40.964 [error] [LS Main stderr] I0628 02:09:40.964639 301928 http_helpers.go:183] URL: https://daily-cloudcode-pa.googleapis.com/v1internal:streamGenerateContent?alt=sse Trace: 0xd671d13873abc00b

2026-06-28 02:09:41.299 [error] [LS Main stderr] I0628 02:09:41.299006 301928 http_helpers.go:183] URL: https://daily-cloudcode-pa.googleapis.com/v1internal:streamGenerateContent?alt=sse Trace: 0xa37e61e8777016ce

2026-06-28 02:09:42.258 [error] [LS Main stderr] I0628 02:09:42.258437 301928 http_helpers.go:183] URL: https://daily-cloudcode-pa.googleapis.com/v1internal:streamGenerateContent?alt=sse Trace: 0x98dfe714feaa2981

2026-06-28 02:09:45.110 [error] [LS Main stderr] I0628 02:09:45.110241 301928 http_helpers.go:183] URL: https://daily-cloudcode-pa.googleapis.com/v1internal:streamGenerateContent?alt=sse Trace: 0x1aa99c1eea87bf3e

2026-06-28 02:09:45.175 [error] [LS Main stderr] E0628 02:09:45.175076 301928 log.go:398] failed to check terminal shell support: internal: internal error

2026-06-28 02:09:45.178 [error] [LS Main stderr] E0628 02:09:45.177419 301928 log.go:398] failed to check terminal shell support: internal: internal error

2026-06-28 02:09:45.305 [error] [LS Main stderr] E0628 02:09:45.305170 301928 log.go:398] failed to check terminal shell support: internal: internal error

2026-06-28 02:09:45.307 [error] [LS Main stderr] E0628 02:09:45.307281 301928 log.go:398] failed to check terminal shell support: internal: internal error

2026-06-28 02:09:45.467 [error] [LS Main stderr] E0628 02:09:45.466948 301928 log.go:398] failed to check terminal shell support: internal: internal error

2026-06-28 02:09:45.470 [error] [LS Main stderr] E0628 02:09:45.469416 301928 log.go:398] failed to check terminal shell support: internal: internal error

2026-06-28 02:09:49.528 [error] [LS Main stderr] I0628 02:09:49.527966 301928 http_helpers.go:183] URL: https://daily-cloudcode-pa.googleapis.com/v1internal:streamGenerateContent?alt=sse Trace: 0x4dfacd6c355d6e53

2026-06-28 02:09:50.005 [error] [LS Main stderr] I0628 02:09:50.005375 301928 http_helpers.go:183] URL: https://daily-cloudcode-pa.googleapis.com/v1internal:streamGenerateContent?alt=sse Trace: 0x84815a9541b6b7f0

2026-06-28 02:09:50.163 [error] [LS Main stderr] I0628 02:09:50.163484 301928 http_helpers.go:183] URL: https://daily-cloudcode-pa.googleapis.com/v1internal:streamGenerateContent?alt=sse Trace: 0x6455d2bee45d2811

2026-06-28 02:09:50.211 [error] [LS Main stderr] E0628 02:09:50.211182 301928 log.go:398] failed to check terminal shell support: internal: internal error

2026-06-28 02:09:50.219 [error] [LS Main stderr] E0628 02:09:50.219335 301928 log.go:398] failed to check terminal shell support: internal: internal error

2026-06-28 02:09:51.751 [error] [LS Main stderr] I0628 02:09:51.751207 301928 http_helpers.go:183] URL: https://daily-cloudcode-pa.googleapis.com/v1internal:streamGenerateContent?alt=sse Trace: 0x15049b22843fb96f

2026-06-28 02:09:51.990 [error] [LS Main stderr] I0628 02:09:51.990358 301928 http_helpers.go:183] URL: https://daily-cloudcode-pa.googleapis.com/v1internal:streamGenerateContent?alt=sse Trace: 0x921adcf91a9f4dce

2026-06-28 02:09:54.411 [error] [LS Main stderr] I0628 02:09:54.411349 301928 http_helpers.go:183] URL: https://daily-cloudcode-pa.googleapis.com/v1internal:streamGenerateContent?alt=sse Trace: 0x215d7c412046c07d

2026-06-28 02:09:54.543 [error] [LS Main stderr] I0628 02:09:54.542640 301928 http_helpers.go:183] URL: https://daily-cloudcode-pa.googleapis.com/v1internal:streamGenerateContent?alt=sse Trace: 0x20d9864ac7b89b1f

2026-06-28 02:09:55.687 [error] [LS Main stderr] I0628 02:09:55.686978 301928 http_helpers.go:183] URL: https://daily-cloudcode-pa.googleapis.com/v1internal:streamGenerateContent?alt=sse Trace: 0x144de8d236aa96d

2026-06-28 02:09:57.549 [error] [LS Main stderr] E0628 02:09:57.548992 301928 log.go:398] failed to check terminal shell support: internal: internal error

2026-06-28 02:09:57.551 [error] [LS Main stderr] E0628 02:09:57.551124 301928 log.go:398] failed to check terminal shell support: internal: internal error

2026-06-28 02:10:02.690 [error] [LS Main stderr] E0628 02:10:02.690110 301928 log.go:398] failed to check terminal shell support: internal: internal error

2026-06-28 02:10:02.693 [error] [LS Main stderr] E0628 02:10:02.693413 301928 log.go:398] failed to check terminal shell support: internal: internal error

2026-06-28 02:10:03.024 [error] [LS Main stderr] E0628 02:10:03.024033 301928 log.go:398] failed to check terminal shell support: internal: internal error

2026-06-28 02:10:03.027 [error] [LS Main stderr] E0628 02:10:03.027497 301928 log.go:398] failed to check terminal shell support: internal: internal error

2026-06-28 02:10:07.293 [error] [LS Main stderr] I0628 02:10:07.293442 301928 http_helpers.go:183] URL: https://daily-cloudcode-pa.googleapis.com/v1internal:streamGenerateContent?alt=sse Trace: 0x23878d085a04e520

2026-06-28 02:10:07.335 [error] [LS Main stderr] I0628 02:10:07.335188 301928 http_helpers.go:183] URL: https://daily-cloudcode-pa.googleapis.com/v1internal:streamGenerateContent?alt=sse Trace: 0x5a98c382f692a157

2026-06-28 02:10:07.381 [error] [LS Main stderr] E0628 02:10:07.381765 301928 log.go:398] failed to check terminal shell support: internal: internal error

2026-06-28 02:10:07.383 [error] [LS Main stderr] E0628 02:10:07.383098 301928 log.go:398] failed to check terminal shell support: internal: internal error

2026-06-28 02:10:07.598 [error] [LS Main stderr] I0628 02:10:07.598499 301928 http_helpers.go:183] URL: https://daily-cloudcode-pa.googleapis.com/v1internal:streamGenerateContent?alt=sse Trace: 0x52bec8085df4ca2

2026-06-28 02:10:07.603 [error] [LS Main stderr] E0628 02:10:07.603650 301928 log.go:398] failed to check terminal shell support: internal: internal error

2026-06-28 02:10:07.611 [error] [LS Main stderr] E0628 02:10:07.611740 301928 log.go:398] failed to check terminal shell support: internal: internal error

2026-06-28 02:10:07.614 [error] [LS Main stderr] E0628 02:10:07.613385 301928 log.go:398] failed to check terminal shell support: internal: internal error

2026-06-28 02:10:07.617 [error] [LS Main stderr] E0628 02:10:07.616439 301928 log.go:398] failed to check terminal shell support: internal: internal error

2026-06-28 02:10:08.393 [error] [LS Main stderr] I0628 02:10:08.393639 301928 http_helpers.go:183] URL: https://daily-cloudcode-pa.googleapis.com/v1internal:streamGenerateContent?alt=sse Trace: 0x843c1f45d968267

2026-06-28 02:10:11.108 [error] [LS Main stderr] I0628 02:10:11.108452 301928 http_helpers.go:183] URL: https://daily-cloudcode-pa.googleapis.com/v1internal:streamGenerateContent?alt=sse Trace: 0xf30a033dae6a2747

2026-06-28 02:10:11.286 [error] [LS Main stderr] I0628 02:10:11.286151 301928 http_helpers.go:183] URL: https://daily-cloudcode-pa.googleapis.com/v1internal:streamGenerateContent?alt=sse Trace: 0xde95d9c69a885664

2026-06-28 02:10:12.533 [error] [LS Main stderr] I0628 02:10:12.533484 301928 http_helpers.go:183] URL: https://daily-cloudcode-pa.googleapis.com/v1internal:streamGenerateContent?alt=sse Trace: 0x9c21b08703629017

2026-06-28 02:10:12.617 [error] [LS Main stderr] E0628 02:10:12.617498 301928 log.go:398] failed to check terminal shell support: internal: internal error

2026-06-28 02:10:12.619 [error] [LS Main stderr] E0628 02:10:12.618968 301928 log.go:398] failed to check terminal shell support: internal: internal error

2026-06-28 02:10:12.806 [error] [LS Main stderr] E0628 02:10:12.806422 301928 log.go:398] failed to check terminal shell support: internal: internal error

2026-06-28 02:10:12.809 [error] [LS Main stderr] E0628 02:10:12.808940 301928 log.go:398] failed to check terminal shell support: internal: internal error

2026-06-28 02:10:12.830 [error] [LS Main stderr] E0628 02:10:12.829694 301928 log.go:398] failed to check terminal shell support: internal: internal error

2026-06-28 02:10:12.834 [error] [LS Main stderr] E0628 02:10:12.834006 301928 log.go:398] failed to check terminal shell support: internal: internal error

2026-06-28 02:10:12.882 [error] [LS Main stderr] E0628 02:10:12.881452 301928 log.go:398] failed to check terminal shell support: internal: internal error

2026-06-28 02:10:12.883 [error] [LS Main stderr] E0628 02:10:12.883355 301928 log.go:398] failed to check terminal shell support: internal: internal error

2026-06-28 02:10:12.937 [error] [LS Main stderr] I0628 02:10:12.936933 301928 http_helpers.go:183] URL: https://daily-cloudcode-pa.googleapis.com/v1internal:streamGenerateContent?alt=sse Trace: 0xbb5d2c3b35b738d2

2026-06-28 02:10:12.942 [error] [LS Main stderr] I0628 02:10:12.942569 301928 http_helpers.go:183] URL: https://daily-cloudcode-pa.googleapis.com/v1internal:streamGenerateContent?alt=sse Trace: 0x691111f6a0b9f57a

2026-06-28 02:10:12.984 [error] [LS Main stderr] E0628 02:10:12.983871 301928 interceptor.go:74] /exa.language_server_pb.LanguageServerService/HandleStreamingCommand (unknown): invalid position offset 4362: invalid offset 4362
E0628 02:10:12.983871 301928 interceptor.go:74] /exa.language_server_pb.LanguageServerService/HandleStreamingCommand (unknown): invalid position offset 4362: invalid offset 4362

2026-06-28 02:10:13.020 [error] [LS Main stderr] E0628 02:10:13.020373 301928 log.go:398] failed to check terminal shell support: internal: internal error

2026-06-28 02:10:13.022 [error] [LS Main stderr] E0628 02:10:13.022785 301928 log.go:398] failed to check terminal shell support: internal: internal error

2026-06-28 02:10:18.372 [error] [LS Main stderr] I0628 02:10:18.371915 301928 http_helpers.go:183] URL: https://daily-cloudcode-pa.googleapis.com/v1internal:streamGenerateContent?alt=sse Trace: 0x9d29a14afb300262

2026-06-28 02:10:18.424 [error] [LS Main stderr] E0628 02:10:18.424297 301928 log.go:398] failed to check terminal shell support: internal: internal error

2026-06-28 02:10:18.425 [error] [LS Main stderr] E0628 02:10:18.425477 301928 log.go:398] failed to check terminal shell support: internal: internal error

2026-06-28 02:10:26.870 [error] [LS Main stderr] E0628 02:10:26.870723 301928 log.go:398] failed to check terminal shell support: internal: internal error

2026-06-28 02:10:26.873 [error] [LS Main stderr] E0628 02:10:26.873086 301928 log.go:398] failed to check terminal shell support: internal: internal error

2026-06-28 02:10:26.933 [error] [LS Main stderr] E0628 02:10:26.932866 301928 log.go:398] failed to check terminal shell support: internal: internal error

2026-06-28 02:10:26.937 [error] [LS Main stderr] E0628 02:10:26.936409 301928 log.go:398] failed to check terminal shell support: internal: internal error

2026-06-28 02:10:29.943 [error] [LS Main stderr] I0628 02:10:29.942819 301928 http_helpers.go:183] URL: https://daily-cloudcode-pa.googleapis.com/v1internal:streamGenerateContent?alt=sse Trace: 0x6d5560723099b25b

2026-06-28 02:10:29.954 [error] [LS Main stderr] I0628 02:10:29.954473 301928 http_helpers.go:183] URL: https://daily-cloudcode-pa.googleapis.com/v1internal:streamGenerateContent?alt=sse Trace: 0xd9093f815e52d5b

2026-06-28 02:10:31.786 [error] [LS Main stderr] I0628 02:10:31.786239 301928 http_helpers.go:183] URL: https://daily-cloudcode-pa.googleapis.com/v1internal:streamGenerateContent?alt=sse Trace: 0x55ac8114d4921384

2026-06-28 02:10:31.892 [error] [LS Main stderr] E0628 02:10:31.892338 301928 log.go:398] failed to check terminal shell support: internal: internal error

2026-06-28 02:10:31.893 [error] [LS Main stderr] E0628 02:10:31.893629 301928 log.go:398] failed to check terminal shell support: internal: internal error

2026-06-28 02:10:31.936 [error] [LS Main stderr] E0628 02:10:31.936380 301928 log.go:398] failed to check terminal shell support: internal: internal error

2026-06-28 02:10:31.938 [error] [LS Main stderr] E0628 02:10:31.938626 301928 log.go:398] failed to check terminal shell support: internal: internal error

2026-06-28 02:10:32.008 [error] [LS Main stderr] E0628 02:10:32.008189 301928 log.go:398] failed to check terminal shell support: internal: internal error

2026-06-28 02:10:32.009 [error] [LS Main stderr] E0628 02:10:32.009532 301928 log.go:398] failed to check terminal shell support: internal: internal error

2026-06-28 02:10:32.075 [error] [LS Main stderr] I0628 02:10:32.074841 301928 http_helpers.go:183] URL: https://daily-cloudcode-pa.googleapis.com/v1internal:streamGenerateContent?alt=sse Trace: 0x17bcabeaccba691

2026-06-28 02:10:32.166 [error] [LS Main stderr] I0628 02:10:32.166746 301928 http_helpers.go:183] URL: https://daily-cloudcode-pa.googleapis.com/v1internal:streamGenerateContent?alt=sse Trace: 0xf9f4189f282206f2

2026-06-28 02:10:33.527 [error] [LS Main stderr] I0628 02:10:33.527289 301928 http_helpers.go:183] URL: https://daily-cloudcode-pa.googleapis.com/v1internal:streamGenerateContent?alt=sse Trace: 0xc85c0e001d4cdeb3
I0628 02:10:33.527361 301928 http_helpers.go:183] URL: https://daily-cloudcode-pa.googleapis.com/v1internal:streamGenerateContent?alt=sse Trace: 0x49f41f3cbd6db621

2026-06-28 02:10:33.935 [error] [LS Main stderr] I0628 02:10:33.935560 301928 http_helpers.go:183] URL: https://daily-cloudcode-pa.googleapis.com/v1internal:streamGenerateContent?alt=sse Trace: 0xce2df55fc09f5bef

2026-06-28 02:10:35.062 [error] [LS Main stderr] I0628 02:10:35.062615 301928 http_helpers.go:183] URL: https://daily-cloudcode-pa.googleapis.com/v1internal:streamGenerateContent?alt=sse Trace: 0x4ce4d0dfa7329924

2026-06-28 02:10:37.110 [error] [LS Main stderr] I0628 02:10:37.110240 301928 http_helpers.go:183] URL: https://daily-cloudcode-pa.googleapis.com/v1internal:streamGenerateContent?alt=sse Trace: 0x8a01b629294c4952

2026-06-28 02:10:37.159 [error] [LS Main stderr] E0628 02:10:37.159287 301928 log.go:398] failed to check terminal shell support: internal: internal error

2026-06-28 02:10:37.166 [error] [LS Main stderr] E0628 02:10:37.166579 301928 log.go:398] failed to check terminal shell support: internal: internal error

2026-06-28 02:10:37.912 [error] [LS Main stderr] E0628 02:10:37.911380 301928 log.go:398] failed to check terminal shell support: internal: internal error

2026-06-28 02:10:37.915 [error] [LS Main stderr] E0628 02:10:37.915399 301928 log.go:398] failed to check terminal shell support: internal: internal error

2026-06-28 02:10:38.087 [error] [LS Main stderr] E0628 02:10:38.087204 301928 log.go:398] failed to check terminal shell support: internal: internal error

2026-06-28 02:10:38.088 [error] [LS Main stderr] E0628 02:10:38.088520 301928 log.go:398] failed to check terminal shell support: internal: internal error

2026-06-28 02:10:43.318 [error] [LS Main stderr] I0628 02:10:43.318404 301928 http_helpers.go:183] URL: https://daily-cloudcode-pa.googleapis.com/v1internal:streamGenerateContent?alt=sse Trace: 0x42aa681609c4d509

2026-06-28 02:10:43.385 [error] [LS Main stderr] E0628 02:10:43.385733 301928 log.go:398] failed to check terminal shell support: internal: internal error

2026-06-28 02:10:43.388 [error] [LS Main stderr] E0628 02:10:43.388417 301928 log.go:398] failed to check terminal shell support: internal: internal error

2026-06-28 02:10:45.097 [error] [LS Main stderr] I0628 02:10:45.096655 301928 http_helpers.go:183] URL: https://daily-cloudcode-pa.googleapis.com/v1internal:streamGenerateContent?alt=sse Trace: 0x3bea44747507fa5a

2026-06-28 02:10:45.611 [error] [LS Main stderr] I0628 02:10:45.611134 301928 http_helpers.go:183] URL: https://daily-cloudcode-pa.googleapis.com/v1internal:streamGenerateContent?alt=sse Trace: 0xe468208b2bf96831

2026-06-28 02:10:47.044 [error] [LS Main stderr] I0628 02:10:47.044227 301928 http_helpers.go:183] URL: https://daily-cloudcode-pa.googleapis.com/v1internal:streamGenerateContent?alt=sse Trace: 0xdae699d1b1d5ef67

2026-06-28 02:10:47.764 [error] [LS Main stderr] E0628 02:10:47.764360 301928 log.go:398] failed to check terminal shell support: internal: internal error

2026-06-28 02:10:47.765 [error] [LS Main stderr] E0628 02:10:47.765805 301928 log.go:398] failed to check terminal shell support: internal: internal error

2026-06-28 02:10:53.005 [error] [LS Main stderr] E0628 02:10:53.004704 301928 log.go:398] failed to check terminal shell support: internal: internal error

2026-06-28 02:10:53.008 [error] [LS Main stderr] E0628 02:10:53.007603 301928 log.go:398] failed to check terminal shell support: internal: internal error

2026-06-28 02:10:53.044 [error] [LS Main stderr] E0628 02:10:53.044770 301928 log.go:398] failed to check terminal shell support: internal: internal error

2026-06-28 02:10:53.046 [error] [LS Main stderr] E0628 02:10:53.046370 301928 log.go:398] failed to check terminal shell support: internal: internal error

2026-06-28 02:10:53.069 [error] [LS Main stderr] E0628 02:10:53.069365 301928 log.go:398] failed to check terminal shell support: internal: internal error

2026-06-28 02:10:53.072 [error] [LS Main stderr] E0628 02:10:53.072384 301928 log.go:398] failed to check terminal shell support: internal: internal error

2026-06-28 02:10:54.027 [error] [LS Main stderr] E0628 02:10:54.027351 301928 log.go:398] failed to check terminal shell support: internal: internal error

2026-06-28 02:10:54.034 [error] [LS Main stderr] E0628 02:10:54.034362 301928 log.go:398] failed to check terminal shell support: internal: internal error

2026-06-28 02:10:55.268 [error] [LS Main stderr] I0628 02:10:55.268243 301928 http_helpers.go:183] URL: https://daily-cloudcode-pa.googleapis.com/v1internal:streamGenerateContent?alt=sse Trace: 0x80cc8d76d458f255

2026-06-28 02:10:55.748 [error] [LS Main stderr] I0628 02:10:55.748010 301928 http_helpers.go:183] URL: https://daily-cloudcode-pa.googleapis.com/v1internal:streamGenerateContent?alt=sse Trace: 0x503f386a883ac3d0

2026-06-28 02:10:57.693 [error] [LS Main stderr] I0628 02:10:57.693517 301928 http_helpers.go:183] URL: https://daily-cloudcode-pa.googleapis.com/v1internal:streamGenerateContent?alt=sse Trace: 0x8fabd8687bcf0fb7

2026-06-28 02:10:57.749 [error] [LS Main stderr] E0628 02:10:57.749423 301928 log.go:398] failed to check terminal shell support: internal: internal error

2026-06-28 02:10:57.751 [error] [LS Main stderr] E0628 02:10:57.751342 301928 log.go:398] failed to check terminal shell support: internal: internal error

2026-06-28 02:10:57.917 [error] [LS Main stderr] E0628 02:10:57.917179 301928 log.go:398] failed to check terminal shell support: internal: internal error

2026-06-28 02:10:57.920 [error] [LS Main stderr] E0628 02:10:57.919949 301928 log.go:398] failed to check terminal shell support: internal: internal error

2026-06-28 02:10:58.028 [error] [LS Main stderr] E0628 02:10:58.028118 301928 log.go:398] failed to check terminal shell support: internal: internal error

2026-06-28 02:10:58.036 [error] [LS Main stderr] E0628 02:10:58.035728 301928 log.go:398] failed to check terminal shell support: internal: internal error

2026-06-28 02:11:03.632 [error] [LS Main stderr] I0628 02:11:03.632712 301928 http_helpers.go:183] URL: https://daily-cloudcode-pa.googleapis.com/v1internal:streamGenerateContent?alt=sse Trace: 0x73330d2ebf20d9a8

2026-06-28 02:11:03.698 [error] [LS Main stderr] E0628 02:11:03.698119 301928 log.go:398] failed to check terminal shell support: internal: internal error

2026-06-28 02:11:03.700 [error] [LS Main stderr] E0628 02:11:03.700366 301928 log.go:398] failed to check terminal shell support: internal: internal error

2026-06-28 02:11:06.108 [error] [LS Main stderr] E0628 02:11:06.107842 301928 log.go:398] failed to check terminal shell support: internal: internal error

2026-06-28 02:11:06.110 [error] [LS Main stderr] E0628 02:11:06.110274 301928 log.go:398] failed to check terminal shell support: internal: internal error

2026-06-28 02:11:06.141 [error] [LS Main stderr] E0628 02:11:06.141112 301928 log.go:398] failed to check terminal shell support: internal: internal error

2026-06-28 02:11:06.143 [error] [LS Main stderr] E0628 02:11:06.143111 301928 log.go:398] failed to check terminal shell support: internal: internal error

2026-06-28 02:11:11.973 [error] [LS Main stderr] I0628 02:11:11.973172 301928 http_helpers.go:183] URL: https://daily-cloudcode-pa.googleapis.com/v1internal:streamGenerateContent?alt=sse Trace: 0xcc625cb36313aa0b

2026-06-28 02:11:12.044 [error] [LS Main stderr] E0628 02:11:12.043428 301928 log.go:398] failed to check terminal shell support: internal: internal error

2026-06-28 02:11:12.046 [error] [LS Main stderr] E0628 02:11:12.046075 301928 log.go:398] failed to check terminal shell support: internal: internal error

2026-06-28 02:11:15.866 [error] [LS Main stderr] E0628 02:11:15.866620 301928 log.go:398] failed to check terminal shell support: internal: internal error

2026-06-28 02:11:15.870 [error] [LS Main stderr] E0628 02:11:15.870652 301928 log.go:398] failed to check terminal shell support: internal: internal error

2026-06-28 02:11:15.991 [error] [LS Main stderr] E0628 02:11:15.991336 301928 log.go:398] failed to check terminal shell support: internal: internal error

2026-06-28 02:11:16.000 [error] [LS Main stderr] E0628 02:11:16.000159 301928 log.go:398] failed to check terminal shell support: internal: internal error

2026-06-28 02:11:16.637 [error] [LS Main stderr] I0628 02:11:16.637644 301928 http_helpers.go:183] URL: https://daily-cloudcode-pa.googleapis.com/v1internal:streamGenerateContent?alt=sse Trace: 0xfb46fac1a8004fe

2026-06-28 02:11:19.377 [error] [LS Main stderr] I0628 02:11:19.377443 301928 http_helpers.go:183] URL: https://daily-cloudcode-pa.googleapis.com/v1internal:streamGenerateContent?alt=sse Trace: 0x9ed4a1f4fed27e03
I0628 02:11:19.377528 301928 http_helpers.go:183] URL: https://daily-cloudcode-pa.googleapis.com/v1internal:streamGenerateContent?alt=sse Trace: 0xe1e9ed0e60b4ac8e

2026-06-28 02:11:20.836 [error] [LS Main stderr] I0628 02:11:20.835779 301928 http_helpers.go:183] URL: https://daily-cloudcode-pa.googleapis.com/v1internal:streamGenerateContent?alt=sse Trace: 0x2ae3fe3122355a8b

2026-06-28 02:11:21.450 [error] [LS Main stderr] I0628 02:11:21.449744 301928 http_helpers.go:183] URL: https://daily-cloudcode-pa.googleapis.com/v1internal:streamGenerateContent?alt=sse Trace: 0x56b5156e4048574f

2026-06-28 02:11:21.516 [error] [LS Main stderr] E0628 02:11:21.516753 301928 log.go:398] failed to check terminal shell support: internal: internal error

2026-06-28 02:11:21.519 [error] [LS Main stderr] E0628 02:11:21.518631 301928 log.go:398] failed to check terminal shell support: internal: internal error

2026-06-28 02:11:27.117 [error] [LS Main stderr] E0628 02:11:27.117483 301928 log.go:398] failed to check terminal shell support: internal: internal error

2026-06-28 02:11:27.118 [error] [LS Main stderr] E0628 02:11:27.118920 301928 log.go:398] failed to check terminal shell support: internal: internal error

2026-06-28 02:11:27.120 [error] [LS Main stderr] E0628 02:11:27.120322 301928 log.go:398] failed to check terminal shell support: internal: internal error

2026-06-28 02:11:27.123 [error] [LS Main stderr] E0628 02:11:27.122727 301928 log.go:398] failed to check terminal shell support: internal: internal error

2026-06-28 02:11:31.975 [error] [LS Main stderr] I0628 02:11:31.974780 301928 http_helpers.go:183] URL: https://daily-cloudcode-pa.googleapis.com/v1internal:streamGenerateContent?alt=sse Trace: 0xb1775a47a0ddd231

2026-06-28 02:11:32.062 [error] [LS Main stderr] I0628 02:11:32.062459 301928 http_helpers.go:183] URL: https://daily-cloudcode-pa.googleapis.com/v1internal:streamGenerateContent?alt=sse Trace: 0xbae051693e31ec93

2026-06-28 02:11:32.404 [error] [LS Main stderr] I0628 02:11:32.404273 301928 http_helpers.go:183] URL: https://daily-cloudcode-pa.googleapis.com/v1internal:streamGenerateContent?alt=sse Trace: 0x19f1d3a5616f8945

2026-06-28 02:11:32.473 [error] [LS Main stderr] E0628 02:11:32.472352 301928 log.go:398] failed to check terminal shell support: internal: internal error

2026-06-28 02:11:32.477 [error] [LS Main stderr] E0628 02:11:32.477284 301928 log.go:398] failed to check terminal shell support: internal: internal error

2026-06-28 02:11:33.226 [error] [LS Main stderr] I0628 02:11:33.225964 301928 http_helpers.go:183] URL: https://daily-cloudcode-pa.googleapis.com/v1internal:streamGenerateContent?alt=sse Trace: 0xc3a648ed8bc5e61d

2026-06-28 02:11:35.573 [error] [LS Main stderr] E0628 02:11:35.573071 301928 log.go:398] failed to check terminal shell support: internal: internal error

2026-06-28 02:11:35.575 [error] [LS Main stderr] E0628 02:11:35.575393 301928 log.go:398] failed to check terminal shell support: internal: internal error

2026-06-28 02:11:37.677 [error] [LS Main stderr] E0628 02:11:37.677327 301928 log.go:398] failed to check terminal shell support: internal: internal error

2026-06-28 02:11:37.679 [error] [LS Main stderr] E0628 02:11:37.679239 301928 log.go:398] failed to check terminal shell support: internal: internal error

2026-06-28 02:11:42.955 [error] [LS Main stderr] I0628 02:11:42.954961 301928 http_helpers.go:183] URL: https://daily-cloudcode-pa.googleapis.com/v1internal:streamGenerateContent?alt=sse Trace: 0x5387f1d43003b1a1

2026-06-28 02:11:43.050 [error] [LS Main stderr] E0628 02:11:43.050363 301928 log.go:398] failed to check terminal shell support: internal: internal error

2026-06-28 02:11:43.053 [error] [LS Main stderr] E0628 02:11:43.052944 301928 log.go:398] failed to check terminal shell support: internal: internal error

2026-06-28 02:11:43.251 [error] [LS Main stderr] E0628 02:11:43.251426 301928 log.go:398] failed to check terminal shell support: internal: internal error

2026-06-28 02:11:43.254 [error] [LS Main stderr] E0628 02:11:43.254234 301928 log.go:398] failed to check terminal shell support: internal: internal error

2026-06-28 02:11:45.320 [error] [LS Main stderr] E0628 02:11:45.319739 301928 log.go:398] failed to check terminal shell support: internal: internal error

2026-06-28 02:11:45.323 [error] [LS Main stderr] E0628 02:11:45.322832 301928 log.go:398] failed to check terminal shell support: internal: internal error

2026-06-28 02:11:45.406 [error] [LS Main stderr] E0628 02:11:45.405169 301928 log.go:398] failed to check terminal shell support: internal: internal error

2026-06-28 02:11:45.408 [error] [LS Main stderr] E0628 02:11:45.408344 301928 log.go:398] failed to check terminal shell support: internal: internal error

2026-06-28 02:11:46.641 [error] [LS Main stderr] I0628 02:11:46.641510 301928 http_helpers.go:183] URL: https://daily-cloudcode-pa.googleapis.com/v1internal:streamGenerateContent?alt=sse Trace: 0x8ec2ef771d25d1b6

2026-06-28 02:11:49.124 [error] [LS Main stderr] I0628 02:11:49.124121 301928 http_helpers.go:183] URL: https://daily-cloudcode-pa.googleapis.com/v1internal:streamGenerateContent?alt=sse Trace: 0x5a779e9aa8aee3c4

2026-06-28 02:11:49.209 [error] [LS Main stderr] I0628 02:11:49.209647 301928 http_helpers.go:183] URL: https://daily-cloudcode-pa.googleapis.com/v1internal:streamGenerateContent?alt=sse Trace: 0x46dbbcea18e7dfff

2026-06-28 02:11:51.024 [error] [LS Main stderr] E0628 02:11:51.024230 301928 log.go:398] failed to check terminal shell support: internal: internal error

2026-06-28 02:11:51.031 [error] [LS Main stderr] E0628 02:11:51.031052 301928 log.go:398] failed to check terminal shell support: internal: internal error

2026-06-28 02:11:51.043 [error] [LS Main stderr] I0628 02:11:51.043781 301928 http_helpers.go:183] URL: https://daily-cloudcode-pa.googleapis.com/v1internal:streamGenerateContent?alt=sse Trace: 0x7975bb913b201d2a

2026-06-28 02:11:51.317 [error] [LS Main stderr] I0628 02:11:51.317502 301928 http_helpers.go:183] URL: https://daily-cloudcode-pa.googleapis.com/v1internal:streamGenerateContent?alt=sse Trace: 0x11cff20b49a7d34e

2026-06-28 02:11:51.529 [error] [LS Main stderr] I0628 02:11:51.529138 301928 http_helpers.go:183] URL: https://daily-cloudcode-pa.googleapis.com/v1internal:streamGenerateContent?alt=sse Trace: 0xe09116d70843b7bd

2026-06-28 02:11:51.601 [error] [LS Main stderr] E0628 02:11:51.601384 301928 log.go:398] failed to check terminal shell support: internal: internal error

2026-06-28 02:11:51.604 [error] [LS Main stderr] E0628 02:11:51.604534 301928 log.go:398] failed to check terminal shell support: internal: internal error

2026-06-28 02:11:52.287 [error] [LS Main stderr] I0628 02:11:52.287013 301928 http_helpers.go:183] URL: https://daily-cloudcode-pa.googleapis.com/v1internal:streamGenerateContent?alt=sse Trace: 0x1478e6f09fedb09d

2026-06-28 02:11:54.122 [error] [LS Main stderr] I0628 02:11:54.121888 301928 http_helpers.go:183] URL: https://daily-cloudcode-pa.googleapis.com/v1internal:streamGenerateContent?alt=sse Trace: 0xbf66943165eade20

2026-06-28 02:11:54.527 [error] [LS Main stderr] I0628 02:11:54.526804 301928 http_helpers.go:183] URL: https://daily-cloudcode-pa.googleapis.com/v1internal:streamGenerateContent?alt=sse Trace: 0xcea3c59c018d83ea

2026-06-28 02:11:55.755 [error] [LS Main stderr] I0628 02:11:55.755020 301928 http_helpers.go:183] URL: https://daily-cloudcode-pa.googleapis.com/v1internal:streamGenerateContent?alt=sse Trace: 0x71ff2f5c4b19e55b

2026-06-28 02:11:59.273 [error] [LS Main stderr] E0628 02:11:59.273406 301928 log.go:398] failed to check terminal shell support: internal: internal error

2026-06-28 02:11:59.275 [error] [LS Main stderr] E0628 02:11:59.275340 301928 log.go:398] failed to check terminal shell support: internal: internal error

2026-06-28 02:11:59.331 [error] [LS Main stderr] E0628 02:11:59.330310 301928 log.go:398] failed to check terminal shell support: internal: internal error

2026-06-28 02:11:59.333 [error] [LS Main stderr] E0628 02:11:59.333276 301928 log.go:398] failed to check terminal shell support: internal: internal error

2026-06-28 02:11:59.375 [error] [LS Main stderr] E0628 02:11:59.374930 301928 log.go:398] failed to check terminal shell support: internal: internal error

2026-06-28 02:11:59.377 [error] [LS Main stderr] E0628 02:11:59.377355 301928 log.go:398] failed to check terminal shell support: internal: internal error

2026-06-28 02:11:59.442 [error] [LS Main stderr] E0628 02:11:59.441995 301928 log.go:398] failed to check terminal shell support: internal: internal error

2026-06-28 02:11:59.446 [error] [LS Main stderr] E0628 02:11:59.446125 301928 log.go:398] failed to check terminal shell support: internal: internal error

2026-06-28 02:12:02.616 [error] [LS Main stderr] I0628 02:12:02.616787 301928 http_helpers.go:183] URL: https://daily-cloudcode-pa.googleapis.com/v1internal:streamGenerateContent?alt=sse Trace: 0x35d1ac9714e3689f

2026-06-28 02:12:02.743 [error] [LS Main stderr] I0628 02:12:02.743399 301928 http_helpers.go:183] URL: https://daily-cloudcode-pa.googleapis.com/v1internal:streamGenerateContent?alt=sse Trace: 0xb2d39bb7762556fe

2026-06-28 02:12:03.804 [error] [LS Main stderr] I0628 02:12:03.804405 301928 http_helpers.go:183] URL: https://daily-cloudcode-pa.googleapis.com/v1internal:streamGenerateContent?alt=sse Trace: 0xf091262f849d364e

2026-06-28 02:12:03.827 [error] [LS Main stderr] I0628 02:12:03.827511 301928 http_helpers.go:183] URL: https://daily-cloudcode-pa.googleapis.com/v1internal:streamGenerateContent?alt=sse Trace: 0x89f1f40fec0c4949

2026-06-28 02:12:03.901 [error] [LS Main stderr] E0628 02:12:03.901360 301928 log.go:398] failed to check terminal shell support: internal: internal error

2026-06-28 02:12:03.903 [error] [LS Main stderr] E0628 02:12:03.903352 301928 log.go:398] failed to check terminal shell support: internal: internal error

2026-06-28 02:12:04.111 [error] [LS Main stderr] E0628 02:12:04.110366 301928 log.go:398] failed to check terminal shell support: internal: internal error

2026-06-28 02:12:04.113 [error] [LS Main stderr] E0628 02:12:04.113322 301928 log.go:398] failed to check terminal shell support: internal: internal error

2026-06-28 02:12:04.145 [error] [LS Main stderr] E0628 02:12:04.145042 301928 log.go:398] failed to check terminal shell support: internal: internal error

2026-06-28 02:12:04.151 [error] [LS Main stderr] E0628 02:12:04.151213 301928 log.go:398] failed to check terminal shell support: internal: internal error

2026-06-28 02:12:04.163 [error] [LS Main stderr] I0628 02:12:04.163791 301928 http_helpers.go:183] URL: https://daily-cloudcode-pa.googleapis.com/v1internal:streamGenerateContent?alt=sse Trace: 0x9329f0b1aba79b4d

2026-06-28 02:12:04.332 [error] [LS Main stderr] I0628 02:12:04.332478 301928 http_helpers.go:183] URL: https://daily-cloudcode-pa.googleapis.com/v1internal:streamGenerateContent?alt=sse Trace: 0xef0a6d846ae35b8d

2026-06-28 02:12:05.585 [error] [LS Main stderr] I0628 02:12:05.585404 301928 http_helpers.go:183] URL: https://daily-cloudcode-pa.googleapis.com/v1internal:streamGenerateContent?alt=sse Trace: 0x5779cd215fa0831

2026-06-28 02:12:08.352 [error] [LS Main stderr] I0628 02:12:08.352294 301928 http_helpers.go:183] URL: https://daily-cloudcode-pa.googleapis.com/v1internal:streamGenerateContent?alt=sse Trace: 0x7ae61045161f6525

2026-06-28 02:12:08.458 [error] [LS Main stderr] E0628 02:12:08.458323 301928 log.go:398] failed to check terminal shell support: internal: internal error

2026-06-28 02:12:08.460 [error] [LS Main stderr] E0628 02:12:08.459998 301928 log.go:398] failed to check terminal shell support: internal: internal error

2026-06-28 02:12:08.471 [error] [LS Main stderr] E0628 02:12:08.470215 301928 log.go:398] failed to check terminal shell support: internal: internal error

2026-06-28 02:12:08.475 [error] [LS Main stderr] E0628 02:12:08.474480 301928 log.go:398] failed to check terminal shell support: internal: internal error

2026-06-28 02:12:08.547 [error] [LS Main stderr] I0628 02:12:08.547053 301928 http_helpers.go:183] URL: https://daily-cloudcode-pa.googleapis.com/v1internal:streamGenerateContent?alt=sse Trace: 0x6fac04c274597b2f

2026-06-28 02:12:08.613 [error] [LS Main stderr] E0628 02:12:08.613131 301928 log.go:398] failed to check terminal shell support: internal: internal error

2026-06-28 02:12:08.614 [error] [LS Main stderr] E0628 02:12:08.614727 301928 log.go:398] failed to check terminal shell support: internal: internal error

2026-06-28 02:12:08.723 [error] [LS Main stderr] I0628 02:12:08.723572 301928 http_helpers.go:183] URL: https://daily-cloudcode-pa.googleapis.com/v1internal:streamGenerateContent?alt=sse Trace: 0x37129d335f36383c

2026-06-28 02:12:13.497 [error] [LS Main stderr] I0628 02:12:13.497549 301928 http_helpers.go:183] URL: https://daily-cloudcode-pa.googleapis.com/v1internal:streamGenerateContent?alt=sse Trace: 0x6af79feef636861b

2026-06-28 02:12:13.575 [error] [LS Main stderr] E0628 02:12:13.575526 301928 log.go:398] failed to check terminal shell support: internal: internal error

2026-06-28 02:12:13.578 [error] [LS Main stderr] E0628 02:12:13.578453 301928 log.go:398] failed to check terminal shell support: internal: internal error

2026-06-28 02:12:13.781 [error] [LS Main stderr] E0628 02:12:13.780327 301928 log.go:398] failed to check terminal shell support: internal: internal error

2026-06-28 02:12:13.785 [error] [LS Main stderr] E0628 02:12:13.784542 301928 log.go:398] failed to check terminal shell support: internal: internal error

2026-06-28 02:12:13.818 [error] [LS Main stderr] E0628 02:12:13.818408 301928 log.go:398] failed to check terminal shell support: internal: internal error

2026-06-28 02:12:13.821 [error] [LS Main stderr] E0628 02:12:13.821414 301928 log.go:398] failed to check terminal shell support: internal: internal error

2026-06-28 02:12:18.502 [error] [LS Main stderr] I0628 02:12:18.502595 301928 http_helpers.go:183] URL: https://daily-cloudcode-pa.googleapis.com/v1internal:streamGenerateContent?alt=sse Trace: 0x55f1d5ea1c3d93ae

2026-06-28 02:12:18.559 [error] [LS Main stderr] E0628 02:12:18.559337 301928 log.go:398] failed to check terminal shell support: internal: internal error

2026-06-28 02:12:18.560 [error] [LS Main stderr] E0628 02:12:18.560799 301928 log.go:398] failed to check terminal shell support: internal: internal error

2026-06-28 02:12:19.835 [error] [LS Main stderr] E0628 02:12:19.835431 301928 log.go:398] failed to check terminal shell support: internal: internal error

2026-06-28 02:12:19.837 [error] [LS Main stderr] E0628 02:12:19.837351 301928 log.go:398] failed to check terminal shell support: internal: internal error

2026-06-28 02:12:19.867 [error] [LS Main stderr] E0628 02:12:19.867412 301928 log.go:398] failed to check terminal shell support: internal: internal error

2026-06-28 02:12:19.869 [error] [LS Main stderr] E0628 02:12:19.869448 301928 log.go:398] failed to check terminal shell support: internal: internal error

2026-06-28 02:12:24.940 [error] [LS Main stderr] I0628 02:12:24.940352 301928 http_helpers.go:183] URL: https://daily-cloudcode-pa.googleapis.com/v1internal:streamGenerateContent?alt=sse Trace: 0x7a60f35f6c05cb45

2026-06-28 02:12:25.010 [error] [LS Main stderr] E0628 02:12:25.010495 301928 log.go:398] failed to check terminal shell support: internal: internal error

2026-06-28 02:12:25.013 [error] [LS Main stderr] E0628 02:12:25.013400 301928 log.go:398] failed to check terminal shell support: internal: internal error

2026-06-28 02:12:32.146 [error] [LS Main stderr] E0628 02:12:32.146488 301928 log.go:398] failed to check terminal shell support: internal: internal error

2026-06-28 02:12:32.149 [error] [LS Main stderr] E0628 02:12:32.149166 301928 log.go:398] failed to check terminal shell support: internal: internal error

2026-06-28 02:12:32.276 [error] [LS Main stderr] E0628 02:12:32.276341 301928 log.go:398] failed to check terminal shell support: internal: internal error

2026-06-28 02:12:32.279 [error] [LS Main stderr] E0628 02:12:32.279307 301928 log.go:398] failed to check terminal shell support: internal: internal error

2026-06-28 02:12:36.832 [error] [LS Main stderr] I0628 02:12:36.832638 301928 http_helpers.go:183] URL: https://daily-cloudcode-pa.googleapis.com/v1internal:streamGenerateContent?alt=sse Trace: 0xfe23efe0eba4a952

2026-06-28 02:12:36.880 [error] [LS Main stderr] E0628 02:12:36.880334 301928 log.go:398] failed to check terminal shell support: internal: internal error

2026-06-28 02:12:36.882 [error] [LS Main stderr] E0628 02:12:36.882339 301928 log.go:398] failed to check terminal shell support: internal: internal error

2026-06-28 02:12:39.575 [error] [LS Main stderr] E0628 02:12:39.575041 301928 log.go:398] failed to check terminal shell support: internal: internal error

2026-06-28 02:12:39.577 [error] [LS Main stderr] E0628 02:12:39.577355 301928 log.go:398] failed to check terminal shell support: internal: internal error

2026-06-28 02:12:39.594 [error] [LS Main stderr] E0628 02:12:39.594301 301928 log.go:398] failed to check terminal shell support: internal: internal error

2026-06-28 02:12:39.596 [error] [LS Main stderr] E0628 02:12:39.596125 301928 log.go:398] failed to check terminal shell support: internal: internal error

2026-06-28 02:12:44.307 [error] [LS Main stderr] I0628 02:12:44.307644 301928 http_helpers.go:183] URL: https://daily-cloudcode-pa.googleapis.com/v1internal:streamGenerateContent?alt=sse Trace: 0xf8d66ca8469c6c80

2026-06-28 02:12:44.354 [error] [LS Main stderr] E0628 02:12:44.354085 301928 log.go:398] failed to check terminal shell support: internal: internal error

2026-06-28 02:12:44.356 [error] [LS Main stderr] E0628 02:12:44.355806 301928 log.go:398] failed to check terminal shell support: internal: internal error

2026-06-28 02:12:44.509 [error] [LS Main stderr] E0628 02:12:44.509129 301928 log.go:398] failed to check terminal shell support: internal: internal error

2026-06-28 02:12:44.511 [error] [LS Main stderr] E0628 02:12:44.511143 301928 log.go:398] failed to check terminal shell support: internal: internal error

2026-06-28 02:12:44.631 [error] [LS Main stderr] E0628 02:12:44.631248 301928 log.go:398] failed to check terminal shell support: internal: internal error

2026-06-28 02:12:44.633 [error] [LS Main stderr] E0628 02:12:44.632851 301928 log.go:398] failed to check terminal shell support: internal: internal error

2026-06-28 02:12:49.106 [error] [LS Main stderr] I0628 02:12:49.106209 301928 http_helpers.go:183] URL: https://daily-cloudcode-pa.googleapis.com/v1internal:streamGenerateContent?alt=sse Trace: 0xfcd1c3d53a73b78d

2026-06-28 02:12:49.158 [error] [LS Main stderr] E0628 02:12:49.158344 301928 log.go:398] failed to check terminal shell support: internal: internal error

2026-06-28 02:12:49.160 [error] [LS Main stderr] E0628 02:12:49.159951 301928 log.go:398] failed to check terminal shell support: internal: internal error

2026-06-28 02:12:50.219 [error] [LS Main stderr] E0628 02:12:50.219485 301928 log.go:398] failed to check terminal shell support: internal: internal error

2026-06-28 02:12:50.220 [error] [LS Main stderr] E0628 02:12:50.220637 301928 log.go:398] failed to check terminal shell support: internal: internal error

2026-06-28 02:12:50.257 [error] [LS Main stderr] E0628 02:12:50.257337 301928 log.go:398] failed to check terminal shell support: internal: internal error

2026-06-28 02:12:50.259 [error] [LS Main stderr] E0628 02:12:50.259594 301928 log.go:398] failed to check terminal shell support: internal: internal error

2026-06-28 02:12:55.454 [error] [LS Main stderr] I0628 02:12:55.454484 301928 http_helpers.go:183] URL: https://daily-cloudcode-pa.googleapis.com/v1internal:streamGenerateContent?alt=sse Trace: 0x9b529d7e9d425108

2026-06-28 02:12:55.510 [error] [LS Main stderr] E0628 02:12:55.510270 301928 log.go:398] failed to check terminal shell support: internal: internal error

2026-06-28 02:12:55.513 [error] [LS Main stderr] E0628 02:12:55.512515 301928 log.go:398] failed to check terminal shell support: internal: internal error

2026-06-28 02:12:58.218 [error] [LS Main stderr] E0628 02:12:58.218377 301928 log.go:398] failed to check terminal shell support: internal: internal error

2026-06-28 02:12:58.220 [error] [LS Main stderr] E0628 02:12:58.220004 301928 log.go:398] failed to check terminal shell support: internal: internal error

2026-06-28 02:12:58.294 [error] [LS Main stderr] E0628 02:12:58.294148 301928 log.go:398] failed to check terminal shell support: internal: internal error

2026-06-28 02:12:58.298 [error] [LS Main stderr] E0628 02:12:58.298289 301928 log.go:398] failed to check terminal shell support: internal: internal error

2026-06-28 02:13:03.292 [error] [LS Main stderr] I0628 02:13:03.291730 301928 http_helpers.go:183] URL: https://daily-cloudcode-pa.googleapis.com/v1internal:streamGenerateContent?alt=sse Trace: 0xa0a06f2375f4bdd

2026-06-28 02:13:03.354 [error] [LS Main stderr] E0628 02:13:03.354365 301928 log.go:398] failed to check terminal shell support: internal: internal error

2026-06-28 02:13:03.356 [error] [LS Main stderr] E0628 02:13:03.356267 301928 log.go:398] failed to check terminal shell support: internal: internal error

2026-06-28 02:13:04.269 [error] [LS Main stderr] E0628 02:13:04.269316 301928 log.go:398] failed to check terminal shell support: internal: internal error

2026-06-28 02:13:04.273 [error] [LS Main stderr] E0628 02:13:04.273199 301928 log.go:398] failed to check terminal shell support: internal: internal error

2026-06-28 02:13:04.302 [error] [LS Main stderr] E0628 02:13:04.302396 301928 log.go:398] failed to check terminal shell support: internal: internal error

2026-06-28 02:13:04.304 [error] [LS Main stderr] E0628 02:13:04.303991 301928 log.go:398] failed to check terminal shell support: internal: internal error

2026-06-28 02:13:09.792 [error] [LS Main stderr] I0628 02:13:09.791872 301928 http_helpers.go:183] URL: https://daily-cloudcode-pa.googleapis.com/v1internal:streamGenerateContent?alt=sse Trace: 0x6a2cd6c2eaf4be45

2026-06-28 02:13:09.852 [error] [LS Main stderr] E0628 02:13:09.852076 301928 log.go:398] failed to check terminal shell support: internal: internal error

2026-06-28 02:13:09.858 [error] [LS Main stderr] E0628 02:13:09.858598 301928 log.go:398] failed to check terminal shell support: internal: internal error

2026-06-28 02:13:13.523 [error] [LS Main stderr] E0628 02:13:13.523157 301928 log.go:398] failed to check terminal shell support: internal: internal error

2026-06-28 02:13:13.525 [error] [LS Main stderr] E0628 02:13:13.524745 301928 log.go:398] failed to check terminal shell support: internal: internal error

2026-06-28 02:13:13.670 [error] [LS Main stderr] E0628 02:13:13.670253 301928 log.go:398] failed to check terminal shell support: internal: internal error

2026-06-28 02:13:13.672 [error] [LS Main stderr] E0628 02:13:13.672405 301928 log.go:398] failed to check terminal shell support: internal: internal error

2026-06-28 02:13:19.058 [error] [LS Main stderr] I0628 02:13:19.058264 301928 http_helpers.go:183] URL: https://daily-cloudcode-pa.googleapis.com/v1internal:streamGenerateContent?alt=sse Trace: 0xcae572ec3463d1e

2026-06-28 02:13:19.107 [error] [LS Main stderr] E0628 02:13:19.107680 301928 log.go:398] failed to check terminal shell support: internal: internal error

2026-06-28 02:13:19.109 [error] [LS Main stderr] E0628 02:13:19.108953 301928 log.go:398] failed to check terminal shell support: internal: internal error

2026-06-28 02:13:21.171 [error] [LS Main stderr] E0628 02:13:21.171338 301928 log.go:398] failed to check terminal shell support: internal: internal error

2026-06-28 02:13:21.172 [error] [LS Main stderr] E0628 02:13:21.172394 301928 log.go:398] failed to check terminal shell support: internal: internal error

2026-06-28 02:13:21.318 [error] [LS Main stderr] E0628 02:13:21.318509 301928 log.go:398] failed to check terminal shell support: internal: internal error

2026-06-28 02:13:21.321 [error] [LS Main stderr] E0628 02:13:21.320929 301928 log.go:398] failed to check terminal shell support: internal: internal error

2026-06-28 02:13:25.920 [error] [LS Main stderr] I0628 02:13:25.919725 301928 http_helpers.go:183] URL: https://daily-cloudcode-pa.googleapis.com/v1internal:streamGenerateContent?alt=sse Trace: 0x45247f22264709c8

2026-06-28 02:13:27.430 [error] [LS Main stderr] I0628 02:13:27.429952 301928 http_helpers.go:183] URL: https://daily-cloudcode-pa.googleapis.com/v1internal:loadCodeAssist Trace: 0xa9ffdaa19fb24e0d

2026-06-28 02:13:28.128 [error] [LS Main stderr] I0628 02:13:28.127775 301928 http_helpers.go:183] URL: https://daily-cloudcode-pa.googleapis.com/v1internal:fetchAvailableModels Trace: 0x4124abbc2b3b9e44

2026-06-28 02:13:28.145 [error] [LS Main stderr] E0628 02:13:28.145735 301928 log.go:398] failed to check terminal shell support: internal: internal error

2026-06-28 02:13:28.147 [error] [LS Main stderr] E0628 02:13:28.147710 301928 log.go:398] failed to check terminal shell support: internal: internal error

2026-06-28 02:13:28.149 [error] [LS Main stderr] E0628 02:13:28.149286 301928 log.go:398] failed to check terminal shell support: internal: internal error

2026-06-28 02:13:28.152 [error] [LS Main stderr] E0628 02:13:28.151627 301928 log.go:398] failed to check terminal shell support: internal: internal error

2026-06-28 02:13:28.156 [error] [LS Main stderr] E0628 02:13:28.155367 301928 log.go:398] failed to check terminal shell support: internal: internal error

2026-06-28 02:13:28.160 [error] [LS Main stderr] E0628 02:13:28.159476 301928 log.go:398] failed to check terminal shell support: internal: internal error

2026-06-28 02:13:28.273 [error] [LS Main stderr] E0628 02:13:28.273820 301928 log.go:398] failed to check terminal shell support: internal: internal error

2026-06-28 02:13:28.276 [error] [LS Main stderr] E0628 02:13:28.276381 301928 log.go:398] failed to check terminal shell support: internal: internal error

2026-06-28 02:13:33.344 [error] [LS Main stderr] I0628 02:13:33.343988 301928 http_helpers.go:183] URL: https://daily-cloudcode-pa.googleapis.com/v1internal:streamGenerateContent?alt=sse Trace: 0xd71ce8b756bc25b5

2026-06-28 02:13:33.406 [error] [LS Main stderr] E0628 02:13:33.406542 301928 log.go:398] failed to check terminal shell support: internal: internal error

2026-06-28 02:13:33.408 [error] [LS Main stderr] E0628 02:13:33.408017 301928 log.go:398] failed to check terminal shell support: internal: internal error

2026-06-28 02:13:40.056 [error] [LS Main stderr] E0628 02:13:40.056546 301928 log.go:398] failed to check terminal shell support: internal: internal error

2026-06-28 02:13:40.068 [error] [LS Main stderr] E0628 02:13:40.067987 301928 log.go:398] failed to check terminal shell support: internal: internal error

2026-06-28 02:13:40.138 [error] [LS Main stderr] E0628 02:13:40.137447 301928 log.go:398] failed to check terminal shell support: internal: internal error

2026-06-28 02:13:40.139 [error] [LS Main stderr] E0628 02:13:40.139271 301928 log.go:398] failed to check terminal shell support: internal: internal error

2026-06-28 02:13:45.017 [error] [LS Main stderr] I0628 02:13:45.017199 301928 http_helpers.go:183] URL: https://daily-cloudcode-pa.googleapis.com/v1internal:streamGenerateContent?alt=sse Trace: 0xe825fe8328fe0dfe

2026-06-28 02:13:45.071 [error] [LS Main stderr] E0628 02:13:45.071253 301928 log.go:398] failed to check terminal shell support: internal: internal error

2026-06-28 02:13:45.072 [error] [LS Main stderr] E0628 02:13:45.072412 301928 log.go:398] failed to check terminal shell support: internal: internal error

2026-06-28 02:13:45.420 [error] [LS Main stderr] E0628 02:13:45.420362 301928 log.go:398] failed to check terminal shell support: internal: internal error

2026-06-28 02:13:45.423 [error] [LS Main stderr] E0628 02:13:45.422945 301928 log.go:398] failed to check terminal shell support: internal: internal error

2026-06-28 02:13:45.513 [error] [LS Main stderr] E0628 02:13:45.512601 301928 log.go:398] failed to check terminal shell support: internal: internal error

2026-06-28 02:13:45.516 [error] [LS Main stderr] E0628 02:13:45.516293 301928 log.go:398] failed to check terminal shell support: internal: internal error

2026-06-28 02:13:50.754 [error] [LS Main stderr] I0628 02:13:50.753756 301928 http_helpers.go:183] URL: https://daily-cloudcode-pa.googleapis.com/v1internal:streamGenerateContent?alt=sse Trace: 0x2c43251a99dfd09e

2026-06-28 02:13:50.805 [error] [LS Main stderr] E0628 02:13:50.805035 301928 log.go:398] failed to check terminal shell support: internal: internal error

2026-06-28 02:13:50.806 [error] [LS Main stderr] E0628 02:13:50.806039 301928 log.go:398] failed to check terminal shell support: internal: internal error

2026-06-28 02:13:59.549 [error] [LS Main stderr] E0628 02:13:59.549481 301928 log.go:398] failed to check terminal shell support: internal: internal error

2026-06-28 02:13:59.550 [error] [LS Main stderr] E0628 02:13:59.550849 301928 log.go:398] failed to check terminal shell support: internal: internal error

2026-06-28 02:14:04.860 [error] [LS Main stderr] E0628 02:14:04.860462 301928 log.go:398] failed to check terminal shell support: internal: internal error

2026-06-28 02:14:04.864 [error] [LS Main stderr] E0628 02:14:04.863728 301928 log.go:398] failed to check terminal shell support: internal: internal error

2026-06-28 02:14:05.016 [error] [LS Main stderr] E0628 02:14:05.016873 301928 log.go:398] failed to check terminal shell support: internal: internal error

2026-06-28 02:14:05.018 [error] [LS Main stderr] E0628 02:14:05.018260 301928 log.go:398] failed to check terminal shell support: internal: internal error

2026-06-28 02:14:09.388 [error] [LS Main stderr] I0628 02:14:09.388574 301928 http_helpers.go:183] URL: https://daily-cloudcode-pa.googleapis.com/v1internal:streamGenerateContent?alt=sse Trace: 0x4556523dc5a9d97a

2026-06-28 02:14:09.628 [error] [LS Main stderr] E0628 02:14:09.627687 301928 log.go:398] failed to check terminal shell support: internal: internal error

2026-06-28 02:14:09.630 [error] [LS Main stderr] E0628 02:14:09.629918 301928 log.go:398] failed to check terminal shell support: internal: internal error

2026-06-28 02:14:09.635 [error] [LS Main stderr] E0628 02:14:09.634655 301928 log.go:398] failed to check terminal shell support: internal: internal error

2026-06-28 02:14:09.641 [error] [LS Main stderr] E0628 02:14:09.641012 301928 log.go:398] failed to check terminal shell support: internal: internal error

2026-06-28 02:14:10.522 [error] [LS Main stderr] E0628 02:14:10.522288 301928 log.go:398] failed to check terminal shell support: internal: internal error

2026-06-28 02:14:10.538 [error] [LS Main stderr] E0628 02:14:10.537938 301928 log.go:398] failed to check terminal shell support: internal: internal error

2026-06-28 02:14:10.566 [error] [LS Main stderr] E0628 02:14:10.565862 301928 log.go:398] failed to check terminal shell support: internal: internal error

2026-06-28 02:14:10.570 [error] [LS Main stderr] E0628 02:14:10.569437 301928 log.go:398] failed to check terminal shell support: internal: internal error

2026-06-28 02:14:11.018 [error] [LS Main stderr] E0628 02:14:11.018443 301928 log.go:398] failed to check terminal shell support: internal: internal error

2026-06-28 02:14:11.021 [error] [LS Main stderr] E0628 02:14:11.020430 301928 log.go:398] failed to check terminal shell support: internal: internal error

2026-06-28 02:14:15.639 [error] [LS Main stderr] I0628 02:14:15.639265 301928 http_helpers.go:183] URL: https://daily-cloudcode-pa.googleapis.com/v1internal:streamGenerateContent?alt=sse Trace: 0x4d48e9ef6ab355f1

2026-06-28 02:14:15.708 [error] [LS Main stderr] E0628 02:14:15.708360 301928 log.go:398] failed to check terminal shell support: internal: internal error

2026-06-28 02:14:15.709 [error] [LS Main stderr] E0628 02:14:15.709664 301928 log.go:398] failed to check terminal shell support: internal: internal error

2026-06-28 02:14:16.633 [error] [LS Main stderr] E0628 02:14:16.632891 301928 log.go:398] failed to check terminal shell support: internal: internal error

2026-06-28 02:14:16.636 [error] [LS Main stderr] E0628 02:14:16.635947 301928 log.go:398] failed to check terminal shell support: internal: internal error

2026-06-28 02:14:16.712 [error] [LS Main stderr] E0628 02:14:16.712393 301928 log.go:398] failed to check terminal shell support: internal: internal error

2026-06-28 02:14:16.714 [error] [LS Main stderr] E0628 02:14:16.714002 301928 log.go:398] failed to check terminal shell support: internal: internal error

2026-06-28 02:14:21.372 [error] [LS Main stderr] I0628 02:14:21.372317 301928 http_helpers.go:183] URL: https://daily-cloudcode-pa.googleapis.com/v1internal:streamGenerateContent?alt=sse Trace: 0x6e3db4c291fbbf21

2026-06-28 02:14:21.454 [error] [LS Main stderr] E0628 02:14:21.454403 301928 log.go:398] failed to check terminal shell support: internal: internal error

2026-06-28 02:14:21.457 [error] [LS Main stderr] E0628 02:14:21.456338 301928 log.go:398] failed to check terminal shell support: internal: internal error

2026-06-28 02:14:21.539 [error] [LS Main stderr] E0628 02:14:21.539115 301928 log.go:398] failed to check terminal shell support: internal: internal error

2026-06-28 02:14:21.541 [error] [LS Main stderr] E0628 02:14:21.541291 301928 log.go:398] failed to check terminal shell support: internal: internal error

2026-06-28 02:14:21.563 [error] [LS Main stderr] E0628 02:14:21.563332 301928 log.go:398] failed to check terminal shell support: internal: internal error

2026-06-28 02:14:21.565 [error] [LS Main stderr] E0628 02:14:21.564813 301928 log.go:398] failed to check terminal shell support: internal: internal error

2026-06-28 02:14:23.717 [error] [LS Main stderr] I0628 02:14:23.717008 301928 http_helpers.go:183] URL: https://daily-cloudcode-pa.googleapis.com/v1internal:streamGenerateContent?alt=sse Trace: 0x6a4a3a5c224b8b31

2026-06-28 02:14:23.975 [error] [LS Main stderr] I0628 02:14:23.975017 301928 http_helpers.go:183] URL: https://daily-cloudcode-pa.googleapis.com/v1internal:streamGenerateContent?alt=sse Trace: 0x2176ae02c0f447f2

2026-06-28 02:14:26.797 [error] [LS Main stderr] I0628 02:14:26.797052 301928 http_helpers.go:183] URL: https://daily-cloudcode-pa.googleapis.com/v1internal:streamGenerateContent?alt=sse Trace: 0x942f2a75e502d341

2026-06-28 02:14:26.848 [error] [LS Main stderr] E0628 02:14:26.848523 301928 log.go:398] failed to check terminal shell support: internal: internal error

2026-06-28 02:14:26.854 [error] [LS Main stderr] E0628 02:14:26.854534 301928 log.go:398] failed to check terminal shell support: internal: internal error

2026-06-28 02:14:32.738 [error] [LS Main stderr] I0628 02:14:32.738657 301928 http_helpers.go:183] URL: https://daily-cloudcode-pa.googleapis.com/v1internal:streamGenerateContent?alt=sse Trace: 0x7c26b50c5b2c6bee

2026-06-28 02:14:32.864 [error] [LS Main stderr] I0628 02:14:32.864747 301928 http_helpers.go:183] URL: https://daily-cloudcode-pa.googleapis.com/v1internal:streamGenerateContent?alt=sse Trace: 0x5103cdcf600a8839

2026-06-28 02:14:33.829 [error] [LS Main stderr] I0628 02:14:33.829011 301928 http_helpers.go:183] URL: https://daily-cloudcode-pa.googleapis.com/v1internal:streamGenerateContent?alt=sse Trace: 0x1d3ff6bbb8743ba6

2026-06-28 02:14:34.183 [error] [LS Main stderr] I0628 02:14:34.183498 301928 http_helpers.go:183] URL: https://daily-cloudcode-pa.googleapis.com/v1internal:streamGenerateContent?alt=sse Trace: 0xa5e4be90f410053d

2026-06-28 02:14:34.474 [error] [LS Main stderr] E0628 02:14:34.474094 301928 log.go:398] failed to check terminal shell support: internal: internal error

2026-06-28 02:14:34.481 [error] [LS Main stderr] E0628 02:14:34.481820 301928 log.go:398] failed to check terminal shell support: internal: internal error

2026-06-28 02:14:34.496 [error] [LS Main stderr] E0628 02:14:34.496407 301928 log.go:398] failed to check terminal shell support: internal: internal error

2026-06-28 02:14:34.497 [error] [LS Main stderr] E0628 02:14:34.497779 301928 log.go:398] failed to check terminal shell support: internal: internal error

2026-06-28 02:14:36.833 [error] [LS Main stderr] I0628 02:14:36.833644 301928 http_helpers.go:183] URL: https://daily-cloudcode-pa.googleapis.com/v1internal:streamGenerateContent?alt=sse Trace: 0xde4e3d52c5b8ba28

2026-06-28 02:14:36.994 [error] [LS Main stderr] I0628 02:14:36.994693 301928 http_helpers.go:183] URL: https://daily-cloudcode-pa.googleapis.com/v1internal:streamGenerateContent?alt=sse Trace: 0x566fc37e8655f70b

2026-06-28 02:14:38.163 [error] [LS Main stderr] I0628 02:14:38.163377 301928 http_helpers.go:183] URL: https://daily-cloudcode-pa.googleapis.com/v1internal:streamGenerateContent?alt=sse Trace: 0xc04aa9f2e8f82767

2026-06-28 02:14:38.470 [error] [LS Main stderr] I0628 02:14:38.470685 301928 http_helpers.go:183] URL: https://daily-cloudcode-pa.googleapis.com/v1internal:streamGenerateContent?alt=sse Trace: 0xe27a849a6d823f74

2026-06-28 02:14:38.780 [error] [LS Main stderr] I0628 02:14:38.780392 301928 http_helpers.go:183] URL: https://daily-cloudcode-pa.googleapis.com/v1internal:streamGenerateContent?alt=sse Trace: 0x4fe2113252ea0897

2026-06-28 02:14:39.392 [error] [LS Main stderr] I0628 02:14:39.392097 301928 http_helpers.go:183] URL: https://daily-cloudcode-pa.googleapis.com/v1internal:streamGenerateContent?alt=sse Trace: 0x362225c7a396cb3a

2026-06-28 02:14:39.468 [error] [LS Main stderr] E0628 02:14:39.467167 301928 log.go:398] failed to check terminal shell support: internal: internal error

2026-06-28 02:14:39.471 [error] [LS Main stderr] E0628 02:14:39.470676 301928 log.go:398] failed to check terminal shell support: internal: internal error

2026-06-28 02:14:39.825 [error] [LS Main stderr] I0628 02:14:39.824705 301928 http_helpers.go:183] URL: https://daily-cloudcode-pa.googleapis.com/v1internal:streamGenerateContent?alt=sse Trace: 0x8f43a4e5e96d1b84

2026-06-28 02:14:43.180 [error] [LS Main stderr] E0628 02:14:43.180398 301928 log.go:398] failed to check terminal shell support: internal: internal error

2026-06-28 02:14:43.182 [error] [LS Main stderr] E0628 02:14:43.182618 301928 log.go:398] failed to check terminal shell support: internal: internal error

2026-06-28 02:14:43.321 [error] [LS Main stderr] E0628 02:14:43.320752 301928 log.go:398] failed to check terminal shell support: internal: internal error

2026-06-28 02:14:43.323 [error] [LS Main stderr] E0628 02:14:43.323343 301928 log.go:398] failed to check terminal shell support: internal: internal error

2026-06-28 02:14:45.533 [error] [LS Main stderr] I0628 02:14:45.533623 301928 http_helpers.go:183] URL: https://daily-cloudcode-pa.googleapis.com/v1internal:streamGenerateContent?alt=sse Trace: 0x6fec9427fbe8a62f

2026-06-28 02:14:45.946 [error] [LS Main stderr] I0628 02:14:45.946167 301928 http_helpers.go:183] URL: https://daily-cloudcode-pa.googleapis.com/v1internal:streamGenerateContent?alt=sse Trace: 0x984f411bb5c2e9cf

2026-06-28 02:14:47.984 [error] [LS Main stderr] I0628 02:14:47.984289 301928 http_helpers.go:183] URL: https://daily-cloudcode-pa.googleapis.com/v1internal:streamGenerateContent?alt=sse Trace: 0x5cac5313fddc7207

2026-06-28 02:14:48.050 [error] [LS Main stderr] E0628 02:14:48.049963 301928 log.go:398] failed to check terminal shell support: internal: internal error

2026-06-28 02:14:48.053 [error] [LS Main stderr] E0628 02:14:48.052033 301928 log.go:398] failed to check terminal shell support: internal: internal error

2026-06-28 02:14:48.322 [error] [LS Main stderr] E0628 02:14:48.321433 301928 log.go:398] failed to check terminal shell support: internal: internal error

2026-06-28 02:14:48.324 [error] [LS Main stderr] E0628 02:14:48.323927 301928 log.go:398] failed to check terminal shell support: internal: internal error

2026-06-28 02:14:48.351 [error] [LS Main stderr] E0628 02:14:48.351281 301928 log.go:398] failed to check terminal shell support: internal: internal error

2026-06-28 02:14:48.353 [error] [LS Main stderr] E0628 02:14:48.353103 301928 log.go:398] failed to check terminal shell support: internal: internal error

2026-06-28 02:14:52.912 [error] [LS Main stderr] I0628 02:14:52.912366 301928 http_helpers.go:183] URL: https://daily-cloudcode-pa.googleapis.com/v1internal:streamGenerateContent?alt=sse Trace: 0x56d98e2fdfb706a2

2026-06-28 02:14:52.968 [error] [LS Main stderr] E0628 02:14:52.968333 301928 log.go:398] failed to check terminal shell support: internal: internal error

2026-06-28 02:14:52.970 [error] [LS Main stderr] E0628 02:14:52.970236 301928 log.go:398] failed to check terminal shell support: internal: internal error

2026-06-28 02:14:53.341 [error] [LS Main stderr] E0628 02:14:53.341363 301928 log.go:398] failed to check terminal shell support: internal: internal error

2026-06-28 02:14:53.342 [error] [LS Main stderr] E0628 02:14:53.342610 301928 log.go:398] failed to check terminal shell support: internal: internal error

2026-06-28 02:14:53.384 [error] [LS Main stderr] E0628 02:14:53.383566 301928 log.go:398] failed to check terminal shell support: internal: internal error

2026-06-28 02:14:53.386 [error] [LS Main stderr] E0628 02:14:53.385455 301928 log.go:398] failed to check terminal shell support: internal: internal error

2026-06-28 02:14:58.593 [error] [LS Main stderr] I0628 02:14:58.593512 301928 http_helpers.go:183] URL: https://daily-cloudcode-pa.googleapis.com/v1internal:streamGenerateContent?alt=sse Trace: 0x7918b739312c8dcc

2026-06-28 02:14:58.644 [error] [LS Main stderr] E0628 02:14:58.644791 301928 log.go:398] failed to check terminal shell support: internal: internal error

2026-06-28 02:14:58.647 [error] [LS Main stderr] E0628 02:14:58.647355 301928 log.go:398] failed to check terminal shell support: internal: internal error

2026-06-28 02:14:59.813 [error] [LS Main stderr] E0628 02:14:59.813048 301928 log.go:398] failed to check terminal shell support: internal: internal error

2026-06-28 02:14:59.814 [error] [LS Main stderr] E0628 02:14:59.814827 301928 log.go:398] failed to check terminal shell support: internal: internal error

2026-06-28 02:14:59.843 [error] [LS Main stderr] E0628 02:14:59.843440 301928 log.go:398] failed to check terminal shell support: internal: internal error

2026-06-28 02:14:59.845 [error] [LS Main stderr] E0628 02:14:59.845038 301928 log.go:398] failed to check terminal shell support: internal: internal error

2026-06-28 02:15:04.995 [error] [LS Main stderr] I0628 02:15:04.995260 301928 http_helpers.go:183] URL: https://daily-cloudcode-pa.googleapis.com/v1internal:streamGenerateContent?alt=sse Trace: 0x9209028008965a20

2026-06-28 02:15:05.049 [error] [LS Main stderr] E0628 02:15:05.048753 301928 log.go:398] failed to check terminal shell support: internal: internal error

2026-06-28 02:15:05.050 [error] [LS Main stderr] E0628 02:15:05.050665 301928 log.go:398] failed to check terminal shell support: internal: internal error

2026-06-28 02:15:10.116 [error] [LS Main stderr] I0628 02:15:10.116611 301928 http_helpers.go:183] URL: https://daily-cloudcode-pa.googleapis.com/v1internal:streamGenerateContent?alt=sse Trace: 0xf539dad7fa611024

2026-06-28 02:15:10.211 [error] [LS Main stderr] I0628 02:15:10.211322 301928 http_helpers.go:183] URL: https://daily-cloudcode-pa.googleapis.com/v1internal:streamGenerateContent?alt=sse Trace: 0x9e78c82c9844341b

2026-06-28 02:15:11.351 [error] [LS Main stderr] I0628 02:15:11.351089 301928 http_helpers.go:183] URL: https://daily-cloudcode-pa.googleapis.com/v1internal:streamGenerateContent?alt=sse Trace: 0x2d1a80b9a2774ad4

2026-06-28 02:15:11.593 [error] [LS Main stderr] E0628 02:15:11.592570 301928 log.go:398] failed to check terminal shell support: internal: internal error

2026-06-28 02:15:11.593 [error] [LS Main stderr] E0628 02:15:11.593911 301928 log.go:398] failed to check terminal shell support: internal: internal error

2026-06-28 02:15:13.800 [error] [LS Main stderr] E0628 02:15:13.800064 301928 log.go:398] failed to check terminal shell support: internal: internal error

2026-06-28 02:15:13.802 [error] [LS Main stderr] E0628 02:15:13.801988 301928 log.go:398] failed to check terminal shell support: internal: internal error

2026-06-28 02:15:19.039 [error] [LS Main stderr] I0628 02:15:19.039777 301928 http_helpers.go:183] URL: https://daily-cloudcode-pa.googleapis.com/v1internal:streamGenerateContent?alt=sse Trace: 0xee764e34db644a24

2026-06-28 02:15:19.097 [error] [LS Main stderr] E0628 02:15:19.096415 301928 log.go:398] failed to check terminal shell support: internal: internal error

2026-06-28 02:15:19.098 [error] [LS Main stderr] E0628 02:15:19.098367 301928 log.go:398] failed to check terminal shell support: internal: internal error

2026-06-28 02:15:21.048 [error] [LS Main stderr] I0628 02:15:21.048429 301928 http_helpers.go:183] URL: https://daily-cloudcode-pa.googleapis.com/v1internal:streamGenerateContent?alt=sse Trace: 0x9abf405f290b13a7

2026-06-28 02:15:21.380 [error] [LS Main stderr] I0628 02:15:21.379899 301928 http_helpers.go:183] URL: https://daily-cloudcode-pa.googleapis.com/v1internal:streamGenerateContent?alt=sse Trace: 0x9066d4f0fd45913e

2026-06-28 02:15:22.533 [error] [LS Main stderr] I0628 02:15:22.533248 301928 http_helpers.go:183] URL: https://daily-cloudcode-pa.googleapis.com/v1internal:streamGenerateContent?alt=sse Trace: 0x4ff13c5456684649

2026-06-28 02:15:25.166 [error] [LS Main stderr] I0628 02:15:25.166437 301928 http_helpers.go:183] URL: https://daily-cloudcode-pa.googleapis.com/v1internal:streamGenerateContent?alt=sse Trace: 0x13a3f5df3f6fa571

2026-06-28 02:15:25.249 [error] [LS Main stderr] I0628 02:15:25.249742 301928 http_helpers.go:183] URL: https://daily-cloudcode-pa.googleapis.com/v1internal:streamGenerateContent?alt=sse Trace: 0x147544aedccc10e5

2026-06-28 02:15:26.383 [error] [LS Main stderr] I0628 02:15:26.383379 301928 http_helpers.go:183] URL: https://daily-cloudcode-pa.googleapis.com/v1internal:streamGenerateContent?alt=sse Trace: 0xc08e65245618f2eb

2026-06-28 02:15:29.074 [error] [LS Main stderr] E0628 02:15:29.073648 301928 log.go:398] failed to check terminal shell support: internal: internal error

2026-06-28 02:15:29.075 [error] [LS Main stderr] E0628 02:15:29.075319 301928 log.go:398] failed to check terminal shell support: internal: internal error

2026-06-28 02:15:29.214 [error] [LS Main stderr] E0628 02:15:29.213366 301928 log.go:398] failed to check terminal shell support: internal: internal error

2026-06-28 02:15:29.220 [error] [LS Main stderr] E0628 02:15:29.217447 301928 log.go:398] failed to check terminal shell support: internal: internal error

2026-06-28 02:15:29.527 [error] [LS Main stderr] E0628 02:15:29.527132 301928 log.go:398] failed to check terminal shell support: internal: internal error

2026-06-28 02:15:29.530 [error] [LS Main stderr] E0628 02:15:29.530328 301928 log.go:398] failed to check terminal shell support: internal: internal error

2026-06-28 02:15:30.402 [error] [LS Main stderr] E0628 02:15:30.402371 301928 log.go:398] failed to check terminal shell support: internal: internal error

2026-06-28 02:15:30.403 [error] [LS Main stderr] E0628 02:15:30.403769 301928 log.go:398] failed to check terminal shell support: internal: internal error

2026-06-28 02:15:33.666 [error] [LS Main stderr] I0628 02:15:33.666523 301928 http_helpers.go:183] URL: https://daily-cloudcode-pa.googleapis.com/v1internal:streamGenerateContent?alt=sse Trace: 0x29eb647963f88848

2026-06-28 02:15:33.722 [error] [LS Main stderr] E0628 02:15:33.722868 301928 log.go:398] failed to check terminal shell support: internal: internal error

2026-06-28 02:15:33.723 [error] [LS Main stderr] E0628 02:15:33.723757 301928 log.go:398] failed to check terminal shell support: internal: internal error

2026-06-28 02:15:35.845 [error] [LS Main stderr] E0628 02:15:35.845503 301928 log.go:398] failed to check terminal shell support: internal: internal error

2026-06-28 02:15:35.862 [error] [LS Main stderr] E0628 02:15:35.862638 301928 log.go:398] failed to check terminal shell support: internal: internal error

2026-06-28 02:15:36.031 [error] [LS Main stderr] E0628 02:15:36.031292 301928 log.go:398] failed to check terminal shell support: internal: internal error

2026-06-28 02:15:36.033 [error] [LS Main stderr] E0628 02:15:36.032873 301928 log.go:398] failed to check terminal shell support: internal: internal error

2026-06-28 02:15:53.019 [error] [LS Main stderr] I0628 02:15:53.019542 301928 http_helpers.go:183] URL: https://daily-cloudcode-pa.googleapis.com/v1internal:streamGenerateContent?alt=sse Trace: 0x2f664364044aab94

2026-06-28 02:15:53.194 [error] [LS Main stderr] I0628 02:15:53.193897 301928 http_helpers.go:183] URL: https://daily-cloudcode-pa.googleapis.com/v1internal:streamGenerateContent?alt=sse Trace: 0x1b7c63b9138d254c

2026-06-28 02:15:54.558 [error] [LS Main stderr] I0628 02:15:54.557771 301928 http_helpers.go:183] URL: https://daily-cloudcode-pa.googleapis.com/v1internal:streamGenerateContent?alt=sse Trace: 0x2d99dada89853af

2026-06-28 02:15:54.596 [error] [LS Main stderr] I0628 02:15:54.595857 301928 http_helpers.go:183] URL: https://daily-cloudcode-pa.googleapis.com/v1internal:streamGenerateContent?alt=sse Trace: 0x9fea5aad7e0a25a5

2026-06-28 02:15:54.608 [error] [LS Main stderr] I0628 02:15:54.608502 301928 http_helpers.go:183] URL: https://daily-cloudcode-pa.googleapis.com/v1internal:streamGenerateContent?alt=sse Trace: 0x7cc0318152c22a2a

2026-06-28 02:15:55.990 [error] [LS Main stderr] I0628 02:15:55.990253 301928 http_helpers.go:183] URL: https://daily-cloudcode-pa.googleapis.com/v1internal:streamGenerateContent?alt=sse Trace: 0xe71bc0140b6f7e6c

2026-06-28 02:15:56.703 [error] [LS Main stderr] I0628 02:15:56.703502 301928 http_helpers.go:183] URL: https://daily-cloudcode-pa.googleapis.com/v1internal:streamGenerateContent?alt=sse Trace: 0xa4da4e597ce90945

2026-06-28 02:15:57.744 [error] [LS Main stderr] I0628 02:15:57.744739 301928 http_helpers.go:183] URL: https://daily-cloudcode-pa.googleapis.com/v1internal:streamGenerateContent?alt=sse Trace: 0xf18a8c0f9db95cf3

2026-06-28 02:15:58.243 [error] [LS Main stderr] I0628 02:15:58.243265 301928 http_helpers.go:183] URL: https://daily-cloudcode-pa.googleapis.com/v1internal:streamGenerateContent?alt=sse Trace: 0x9f0977909b0a375d

2026-06-28 02:15:58.439 [error] [LS Main stderr] I0628 02:15:58.439152 301928 http_helpers.go:183] URL: https://daily-cloudcode-pa.googleapis.com/v1internal:streamGenerateContent?alt=sse Trace: 0x33247da4989777da

2026-06-28 02:16:45.244 [error] [LS Main stderr] I0628 02:16:45.244589 301928 http_helpers.go:183] URL: https://daily-cloudcode-pa.googleapis.com/v1internal:streamGenerateContent?alt=sse Trace: 0x97fb37950d323c02

2026-06-28 02:16:51.852 [error] [LS Main stderr] I0628 02:16:51.852110 301928 http_helpers.go:183] URL: https://daily-cloudcode-pa.googleapis.com/v1internal:streamGenerateContent?alt=sse Trace: 0xcfc2ec53d360398f

2026-06-28 02:16:52.310 [error] [LS Main stderr] I0628 02:16:52.310768 301928 http_helpers.go:183] URL: https://daily-cloudcode-pa.googleapis.com/v1internal:streamGenerateContent?alt=sse Trace: 0x4b23fc3d535689c7

2026-06-28 02:16:57.533 [error] [LS Main stderr] I0628 02:16:57.532917 301928 http_helpers.go:183] URL: https://daily-cloudcode-pa.googleapis.com/v1internal:streamGenerateContent?alt=sse Trace: 0xb93a03c306f0e61a

2026-06-28 02:16:57.634 [error] [LS Main stderr] I0628 02:16:57.634571 301928 http_helpers.go:183] URL: https://daily-cloudcode-pa.googleapis.com/v1internal:streamGenerateContent?alt=sse Trace: 0x676e5c8317522be

2026-06-28 02:16:59.213 [error] [LS Main stderr] I0628 02:16:59.213576 301928 http_helpers.go:183] URL: https://daily-cloudcode-pa.googleapis.com/v1internal:streamGenerateContent?alt=sse Trace: 0xa11b97f6e8061993

2026-06-28 02:16:59.300 [error] [LS Main stderr] I0628 02:16:59.300084 301928 http_helpers.go:183] URL: https://daily-cloudcode-pa.googleapis.com/v1internal:streamGenerateContent?alt=sse Trace: 0x4ac4ecfd7455eb4e

2026-06-28 02:17:00.397 [error] [LS Main stderr] I0628 02:17:00.396871 301928 http_helpers.go:183] URL: https://daily-cloudcode-pa.googleapis.com/v1internal:streamGenerateContent?alt=sse Trace: 0xcbd2fcfa53f61b94

2026-06-28 02:17:03.705 [error] [LS Main stderr] E0628 02:17:03.705136 301928 log.go:398] failed to check terminal shell support: internal: internal error

2026-06-28 02:17:03.708 [error] [LS Main stderr] E0628 02:17:03.707289 301928 log.go:398] failed to check terminal shell support: internal: internal error

2026-06-28 02:17:03.710 [error] [LS Main stderr] E0628 02:17:03.710070 301928 log.go:398] failed to check terminal shell support: internal: internal error

2026-06-28 02:17:03.711 [error] [LS Main stderr] E0628 02:17:03.711651 301928 log.go:398] failed to check terminal shell support: internal: internal error

2026-06-28 02:18:23.963 [error] [LS Main stderr] E0628 02:18:23.963891 301928 log.go:398] failed to check terminal shell support: internal: internal error

2026-06-28 02:18:23.965 [error] [LS Main stderr] E0628 02:18:23.964979 301928 log.go:398] failed to check terminal shell support: internal: internal error

2026-06-28 02:18:27.105 [error] [LS Main stderr] I0628 02:18:27.105146 301928 http_helpers.go:183] URL: https://daily-cloudcode-pa.googleapis.com/v1internal:loadCodeAssist Trace: 0x12b0cb267dfd61a1

2026-06-28 02:18:28.040 [error] [LS Main stderr] I0628 02:18:28.040553 301928 http_helpers.go:183] URL: https://daily-cloudcode-pa.googleapis.com/v1internal:fetchAvailableModels Trace: 0x82d16778fa53afb1

2026-06-28 02:18:28.057 [error] [LS Main stderr] E0628 02:18:28.057850 301928 log.go:398] failed to check terminal shell support: internal: internal error

2026-06-28 02:18:28.059 [error] [LS Main stderr] E0628 02:18:28.059739 301928 log.go:398] failed to check terminal shell support: internal: internal error

2026-06-28 02:18:28.062 [error] [LS Main stderr] E0628 02:18:28.062478 301928 log.go:398] failed to check terminal shell support: internal: internal error

2026-06-28 02:18:28.064 [error] [LS Main stderr] E0628 02:18:28.064481 301928 log.go:398] failed to check terminal shell support: internal: internal error

2026-06-28 02:18:29.861 [error] [LS Main stderr] I0628 02:18:29.861506 301928 http_helpers.go:183] URL: https://daily-cloudcode-pa.googleapis.com/v1internal:loadCodeAssist Trace: 0xd0e4851319bbf131

2026-06-28 02:19:13.518 [error] [LS Main stderr] E0628 02:19:13.516719 301928 log.go:398] failed to check terminal shell support: internal: internal error

2026-06-28 02:19:13.518 [error] [LS Main stderr] E0628 02:19:13.518327 301928 log.go:398] failed to check terminal shell support: internal: internal error

2026-06-28 02:19:13.539 [error] [LS Main stderr] E0628 02:19:13.537795 301928 log.go:398] failed to check terminal shell support: internal: internal error

2026-06-28 02:19:13.541 [error] [LS Main stderr] E0628 02:19:13.541393 301928 log.go:398] failed to check terminal shell support: internal: internal error

2026-06-28 02:19:13.544 [error] [LS Main stderr] E0628 02:19:13.544380 301928 log.go:398] failed to check terminal shell support: internal: internal error

2026-06-28 02:19:13.568 [error] [LS Main stderr] E0628 02:19:13.564366 301928 log.go:398] failed to check terminal shell support: internal: internal error

2026-06-28 02:19:13.570 [error] [LS Main stderr] E0628 02:19:13.570414 301928 log.go:398] failed to check terminal shell support: internal: internal error

2026-06-28 02:19:14.026 [error] [LS Main stderr] E0628 02:19:14.025881 301928 log.go:398] failed to check terminal shell support: internal: internal error

2026-06-28 02:19:14.028 [error] [LS Main stderr] E0628 02:19:14.028412 301928 log.go:398] failed to check terminal shell support: internal: internal error

2026-06-28 02:19:14.173 [error] [LS Main stderr] E0628 02:19:14.173569 301928 log.go:398] failed to check terminal shell support: internal: internal error

2026-06-28 02:19:14.175 [error] [LS Main stderr] E0628 02:19:14.175340 301928 log.go:398] failed to check terminal shell support: internal: internal error

2026-06-28 02:19:14.182 [error] [LS Main stderr] E0628 02:19:14.181794 301928 log.go:398] failed to check terminal shell support: internal: internal error

2026-06-28 02:19:14.183 [error] [LS Main stderr] E0628 02:19:14.183381 301928 log.go:398] failed to check terminal shell support: internal: internal error

2026-06-28 02:19:14.227 [error] [LS Main stderr] E0628 02:19:14.227452 301928 log.go:398] failed to check terminal shell support: internal: internal error

2026-06-28 02:19:14.231 [error] [LS Main stderr] E0628 02:19:14.231029 301928 log.go:398] failed to check terminal shell support: internal: internal error

2026-06-28 02:19:15.022 [error] [LS Main stderr] E0628 02:19:15.022333 301928 log.go:398] failed to check terminal shell support: internal: internal error

2026-06-28 02:19:15.024 [error] [LS Main stderr] E0628 02:19:15.023850 301928 log.go:398] failed to check terminal shell support: internal: internal error

2026-06-28 02:19:19.461 [error] [LS Main stderr] I0628 02:19:19.461752 301928 http_helpers.go:183] URL: https://daily-cloudcode-pa.googleapis.com/v1internal:streamGenerateContent?alt=sse Trace: 0xf2c9c00375b2b3f3

2026-06-28 02:19:19.508 [error] [LS Main stderr] E0628 02:19:19.508104 301928 log.go:398] failed to check terminal shell support: internal: internal error

2026-06-28 02:19:19.510 [error] [LS Main stderr] E0628 02:19:19.510404 301928 log.go:398] failed to check terminal shell support: internal: internal error

2026-06-28 02:19:20.551 [error] [LS Main stderr] E0628 02:19:20.551856 301928 log.go:398] failed to check terminal shell support: internal: internal error

2026-06-28 02:19:20.553 [error] [LS Main stderr] E0628 02:19:20.553013 301928 log.go:398] failed to check terminal shell support: internal: internal error

2026-06-28 02:19:20.812 [error] [LS Main stderr] E0628 02:19:20.811969 301928 log.go:398] failed to check terminal shell support: internal: internal error

2026-06-28 02:19:20.815 [error] [LS Main stderr] E0628 02:19:20.815414 301928 log.go:398] failed to check terminal shell support: internal: internal error

2026-06-28 02:19:26.631 [error] [LS Main stderr] I0628 02:19:26.630762 301928 http_helpers.go:183] URL: https://daily-cloudcode-pa.googleapis.com/v1internal:streamGenerateContent?alt=sse Trace: 0x133fa946ee7549bb

2026-06-28 02:19:26.685 [error] [LS Main stderr] E0628 02:19:26.685419 301928 log.go:398] failed to check terminal shell support: internal: internal error

2026-06-28 02:19:26.691 [error] [LS Main stderr] E0628 02:19:26.691380 301928 log.go:398] failed to check terminal shell support: internal: internal error

2026-06-28 02:19:27.762 [error] [LS Main stderr] E0628 02:19:27.762582 301928 log.go:398] failed to check terminal shell support: internal: internal error

2026-06-28 02:19:27.765 [error] [LS Main stderr] E0628 02:19:27.765118 301928 log.go:398] failed to check terminal shell support: internal: internal error

2026-06-28 02:19:27.924 [error] [LS Main stderr] E0628 02:19:27.924191 301928 log.go:398] failed to check terminal shell support: internal: internal error

2026-06-28 02:19:27.925 [error] [LS Main stderr] E0628 02:19:27.925430 301928 log.go:398] failed to check terminal shell support: internal: internal error

2026-06-28 02:19:33.389 [error] [LS Main stderr] I0628 02:19:33.389592 301928 http_helpers.go:183] URL: https://daily-cloudcode-pa.googleapis.com/v1internal:streamGenerateContent?alt=sse Trace: 0xdeabb8ace8b68afe

2026-06-28 02:19:33.454 [error] [LS Main stderr] E0628 02:19:33.454108 301928 log.go:398] failed to check terminal shell support: internal: internal error

2026-06-28 02:19:33.460 [error] [LS Main stderr] E0628 02:19:33.460003 301928 log.go:398] failed to check terminal shell support: internal: internal error

2026-06-28 02:19:33.789 [error] [LS Main stderr] E0628 02:19:33.789299 301928 log.go:398] failed to check terminal shell support: internal: internal error

2026-06-28 02:19:33.794 [error] [LS Main stderr] E0628 02:19:33.793429 301928 log.go:398] failed to check terminal shell support: internal: internal error

2026-06-28 02:19:33.929 [error] [LS Main stderr] E0628 02:19:33.928057 301928 log.go:398] failed to check terminal shell support: internal: internal error

2026-06-28 02:19:33.931 [error] [LS Main stderr] E0628 02:19:33.931394 301928 log.go:398] failed to check terminal shell support: internal: internal error

2026-06-28 02:19:40.965 [error] [LS Main stderr] I0628 02:19:40.964872 301928 http_helpers.go:183] URL: https://daily-cloudcode-pa.googleapis.com/v1internal:streamGenerateContent?alt=sse Trace: 0x84bcdd563f5139d8

2026-06-28 02:19:41.023 [error] [LS Main stderr] E0628 02:19:41.021880 301928 log.go:398] failed to check terminal shell support: internal: internal error

2026-06-28 02:19:41.023 [error] [LS Main stderr] E0628 02:19:41.023192 301928 log.go:398] failed to check terminal shell support: internal: internal error

2026-06-28 02:19:41.682 [error] [LS Main stderr] E0628 02:19:41.681345 301928 log.go:398] failed to check terminal shell support: internal: internal error

2026-06-28 02:19:41.686 [error] [LS Main stderr] E0628 02:19:41.686055 301928 log.go:398] failed to check terminal shell support: internal: internal error

2026-06-28 02:19:41.733 [error] [LS Main stderr] E0628 02:19:41.733334 301928 log.go:398] failed to check terminal shell support: internal: internal error

2026-06-28 02:19:41.735 [error] [LS Main stderr] E0628 02:19:41.735362 301928 log.go:398] failed to check terminal shell support: internal: internal error

2026-06-28 02:19:46.576 [error] [LS Main stderr] I0628 02:19:46.575909 301928 http_helpers.go:183] URL: https://daily-cloudcode-pa.googleapis.com/v1internal:streamGenerateContent?alt=sse Trace: 0x8f07474ed45d62a5

2026-06-28 02:19:46.659 [error] [LS Main stderr] E0628 02:19:46.658940 301928 log.go:398] failed to check terminal shell support: internal: internal error

2026-06-28 02:19:46.660 [error] [LS Main stderr] E0628 02:19:46.660318 301928 log.go:398] failed to check terminal shell support: internal: internal error

2026-06-28 02:19:46.838 [error] [LS Main stderr] E0628 02:19:46.838335 301928 log.go:398] failed to check terminal shell support: internal: internal error

2026-06-28 02:19:46.839 [error] [LS Main stderr] E0628 02:19:46.839685 301928 log.go:398] failed to check terminal shell support: internal: internal error

2026-06-28 02:19:46.973 [error] [LS Main stderr] E0628 02:19:46.973006 301928 log.go:398] failed to check terminal shell support: internal: internal error

2026-06-28 02:19:46.974 [error] [LS Main stderr] E0628 02:19:46.974266 301928 log.go:398] failed to check terminal shell support: internal: internal error

2026-06-28 02:19:52.435 [error] [LS Main stderr] I0628 02:19:52.434832 301928 http_helpers.go:183] URL: https://daily-cloudcode-pa.googleapis.com/v1internal:streamGenerateContent?alt=sse Trace: 0x3757a3b6ebb0da1f

2026-06-28 02:19:52.485 [error] [LS Main stderr] E0628 02:19:52.485643 301928 log.go:398] failed to check terminal shell support: internal: internal error

2026-06-28 02:19:52.492 [error] [LS Main stderr] E0628 02:19:52.492291 301928 log.go:398] failed to check terminal shell support: internal: internal error

2026-06-28 02:19:54.218 [error] [LS Main stderr] E0628 02:19:54.218050 301928 log.go:398] failed to check terminal shell support: internal: internal error

2026-06-28 02:19:54.221 [error] [LS Main stderr] E0628 02:19:54.221097 301928 log.go:398] failed to check terminal shell support: internal: internal error

2026-06-28 02:19:54.367 [error] [LS Main stderr] E0628 02:19:54.367436 301928 log.go:398] failed to check terminal shell support: internal: internal error

2026-06-28 02:19:54.370 [error] [LS Main stderr] E0628 02:19:54.369342 301928 log.go:398] failed to check terminal shell support: internal: internal error

2026-06-28 02:19:59.397 [error] [LS Main stderr] I0628 02:19:59.397443 301928 http_helpers.go:183] URL: https://daily-cloudcode-pa.googleapis.com/v1internal:streamGenerateContent?alt=sse Trace: 0xe7fb12011a3b186f

2026-06-28 02:19:59.450 [error] [LS Main stderr] E0628 02:19:59.450086 301928 log.go:398] failed to check terminal shell support: internal: internal error

2026-06-28 02:19:59.452 [error] [LS Main stderr] E0628 02:19:59.452362 301928 log.go:398] failed to check terminal shell support: internal: internal error

2026-06-28 02:20:00.090 [error] [LS Main stderr] E0628 02:20:00.090465 301928 log.go:398] failed to check terminal shell support: internal: internal error

2026-06-28 02:20:00.092 [error] [LS Main stderr] E0628 02:20:00.092457 301928 log.go:398] failed to check terminal shell support: internal: internal error

2026-06-28 02:20:00.251 [error] [LS Main stderr] E0628 02:20:00.251851 301928 log.go:398] failed to check terminal shell support: internal: internal error

2026-06-28 02:20:00.254 [error] [LS Main stderr] E0628 02:20:00.253429 301928 log.go:398] failed to check terminal shell support: internal: internal error

2026-06-28 02:20:05.645 [error] [LS Main stderr] I0628 02:20:05.644822 301928 http_helpers.go:183] URL: https://daily-cloudcode-pa.googleapis.com/v1internal:streamGenerateContent?alt=sse Trace: 0x404f1b54e23bfcae

2026-06-28 02:20:05.711 [error] [LS Main stderr] E0628 02:20:05.710492 301928 log.go:398] failed to check terminal shell support: internal: internal error

2026-06-28 02:20:05.713 [error] [LS Main stderr] E0628 02:20:05.713498 301928 log.go:398] failed to check terminal shell support: internal: internal error

2026-06-28 02:20:08.312 [error] [LS Main stderr] E0628 02:20:08.311571 301928 log.go:398] failed to check terminal shell support: internal: internal error

2026-06-28 02:20:08.314 [error] [LS Main stderr] E0628 02:20:08.313897 301928 log.go:398] failed to check terminal shell support: internal: internal error

2026-06-28 02:20:08.356 [error] [LS Main stderr] E0628 02:20:08.356260 301928 log.go:398] failed to check terminal shell support: internal: internal error

2026-06-28 02:20:08.358 [error] [LS Main stderr] E0628 02:20:08.357489 301928 log.go:398] failed to check terminal shell support: internal: internal error

2026-06-28 02:20:13.427 [error] [LS Main stderr] I0628 02:20:13.427182 301928 http_helpers.go:183] URL: https://daily-cloudcode-pa.googleapis.com/v1internal:streamGenerateContent?alt=sse Trace: 0x88e7d2f46ca3158f

2026-06-28 02:20:13.488 [error] [LS Main stderr] E0628 02:20:13.488354 301928 log.go:398] failed to check terminal shell support: internal: internal error

2026-06-28 02:20:13.492 [error] [LS Main stderr] E0628 02:20:13.491999 301928 log.go:398] failed to check terminal shell support: internal: internal error

2026-06-28 02:20:13.947 [error] [LS Main stderr] I0628 02:20:13.946919 301928 http_helpers.go:183] URL: https://daily-cloudcode-pa.googleapis.com/v1internal:streamGenerateContent?alt=sse Trace: 0x291f900eb8ff9bea

2026-06-28 02:20:14.143 [error] [LS Main stderr] I0628 02:20:14.142931 301928 http_helpers.go:183] URL: https://daily-cloudcode-pa.googleapis.com/v1internal:streamGenerateContent?alt=sse Trace: 0xbf3625fbf558fd80

2026-06-28 02:20:15.541 [error] [LS Main stderr] I0628 02:20:15.541543 301928 http_helpers.go:183] URL: https://daily-cloudcode-pa.googleapis.com/v1internal:streamGenerateContent?alt=sse Trace: 0x70769650981fb9df

2026-06-28 02:20:15.985 [error] [LS Main stderr] I0628 02:20:15.985576 301928 http_helpers.go:183] URL: https://daily-cloudcode-pa.googleapis.com/v1internal:streamGenerateContent?alt=sse Trace: 0x3b7f607f7a846288

2026-06-28 02:20:18.417 [error] [LS Main stderr] E0628 02:20:18.417355 301928 log.go:398] failed to check terminal shell support: internal: internal error

2026-06-28 02:20:18.421 [error] [LS Main stderr] E0628 02:20:18.420923 301928 log.go:398] failed to check terminal shell support: internal: internal error

2026-06-28 02:20:18.488 [error] [LS Main stderr] E0628 02:20:18.488401 301928 log.go:398] failed to check terminal shell support: internal: internal error

2026-06-28 02:20:18.497 [error] [LS Main stderr] E0628 02:20:18.497233 301928 log.go:398] failed to check terminal shell support: internal: internal error

2026-06-28 02:20:24.179 [error] [LS Main stderr] I0628 02:20:24.178991 301928 http_helpers.go:183] URL: https://daily-cloudcode-pa.googleapis.com/v1internal:streamGenerateContent?alt=sse Trace: 0x44cd561be0ed40b9

2026-06-28 02:20:24.273 [error] [LS Main stderr] E0628 02:20:24.272360 301928 log.go:398] failed to check terminal shell support: internal: internal error

2026-06-28 02:20:24.274 [error] [LS Main stderr] E0628 02:20:24.274877 301928 log.go:398] failed to check terminal shell support: internal: internal error

2026-06-28 02:20:24.434 [error] [LS Main stderr] E0628 02:20:24.434631 301928 log.go:398] failed to check terminal shell support: internal: internal error

2026-06-28 02:20:24.436 [error] [LS Main stderr] E0628 02:20:24.436707 301928 log.go:398] failed to check terminal shell support: internal: internal error

2026-06-28 02:20:24.567 [error] [LS Main stderr] E0628 02:20:24.566809 301928 log.go:398] failed to check terminal shell support: internal: internal error

2026-06-28 02:20:24.570 [error] [LS Main stderr] E0628 02:20:24.569845 301928 log.go:398] failed to check terminal shell support: internal: internal error

2026-06-28 02:20:30.182 [error] [LS Main stderr] I0628 02:20:30.182497 301928 http_helpers.go:183] URL: https://daily-cloudcode-pa.googleapis.com/v1internal:streamGenerateContent?alt=sse Trace: 0x15c4f18ba99be137

2026-06-28 02:20:30.238 [error] [LS Main stderr] E0628 02:20:30.238621 301928 log.go:398] failed to check terminal shell support: internal: internal error

2026-06-28 02:20:30.240 [error] [LS Main stderr] E0628 02:20:30.240409 301928 log.go:398] failed to check terminal shell support: internal: internal error

2026-06-28 02:20:31.275 [error] [LS Main stderr] E0628 02:20:31.275000 301928 log.go:398] failed to check terminal shell support: internal: internal error

2026-06-28 02:20:31.276 [error] [LS Main stderr] E0628 02:20:31.276326 301928 log.go:398] failed to check terminal shell support: internal: internal error

2026-06-28 02:20:31.315 [error] [LS Main stderr] E0628 02:20:31.314937 301928 log.go:398] failed to check terminal shell support: internal: internal error

2026-06-28 02:20:31.318 [error] [LS Main stderr] E0628 02:20:31.318112 301928 log.go:398] failed to check terminal shell support: internal: internal error

2026-06-28 02:20:31.539 [error] [LS Main stderr] I0628 02:20:31.539268 301928 http_helpers.go:183] URL: https://daily-cloudcode-pa.googleapis.com/v1internal:streamGenerateContent?alt=sse Trace: 0x9be7b65cc8f550e9

2026-06-28 02:20:31.860 [error] [LS Main stderr] I0628 02:20:31.860234 301928 http_helpers.go:183] URL: https://daily-cloudcode-pa.googleapis.com/v1internal:streamGenerateContent?alt=sse Trace: 0x8dd7b66334b00fa8

2026-06-28 02:20:36.114 [error] [LS Main stderr] I0628 02:20:36.114304 301928 http_helpers.go:183] URL: https://daily-cloudcode-pa.googleapis.com/v1internal:streamGenerateContent?alt=sse Trace: 0x6f3d5bcf6e784821

2026-06-28 02:20:36.501 [error] [LS Main stderr] I0628 02:20:36.501323 301928 http_helpers.go:183] URL: https://daily-cloudcode-pa.googleapis.com/v1internal:streamGenerateContent?alt=sse Trace: 0x26e179b898a67312

2026-06-28 02:20:36.567 [error] [LS Main stderr] E0628 02:20:36.566515 301928 log.go:398] failed to check terminal shell support: internal: internal error

2026-06-28 02:20:36.569 [error] [LS Main stderr] E0628 02:20:36.568824 301928 log.go:398] failed to check terminal shell support: internal: internal error

2026-06-28 02:20:36.714 [error] [LS Main stderr] E0628 02:20:36.714350 301928 log.go:398] failed to check terminal shell support: internal: internal error

2026-06-28 02:20:36.716 [error] [LS Main stderr] E0628 02:20:36.716500 301928 log.go:398] failed to check terminal shell support: internal: internal error

2026-06-28 02:20:36.886 [error] [LS Main stderr] E0628 02:20:36.885870 301928 log.go:398] failed to check terminal shell support: internal: internal error

2026-06-28 02:20:36.887 [error] [LS Main stderr] E0628 02:20:36.887758 301928 log.go:398] failed to check terminal shell support: internal: internal error

2026-06-28 02:20:37.388 [error] [LS Main stderr] I0628 02:20:37.387970 301928 http_helpers.go:183] URL: https://daily-cloudcode-pa.googleapis.com/v1internal:streamGenerateContent?alt=sse Trace: 0xa38b4bf46c1640a1

2026-06-28 02:20:39.339 [error] [LS Main stderr] I0628 02:20:39.339203 301928 http_helpers.go:183] URL: https://daily-cloudcode-pa.googleapis.com/v1internal:streamGenerateContent?alt=sse Trace: 0xd4836f057cff7525

2026-06-28 02:20:39.343 [error] [LS Main stderr] I0628 02:20:39.343769 301928 http_helpers.go:183] URL: https://daily-cloudcode-pa.googleapis.com/v1internal:streamGenerateContent?alt=sse Trace: 0xe2efe6cba8111228

2026-06-28 02:20:40.768 [error] [LS Main stderr] I0628 02:20:40.767929 301928 http_helpers.go:183] URL: https://daily-cloudcode-pa.googleapis.com/v1internal:streamGenerateContent?alt=sse Trace: 0x2ea52a88006c5b26

2026-06-28 02:20:41.695 [error] [LS Main stderr] I0628 02:20:41.694979 301928 http_helpers.go:183] URL: https://daily-cloudcode-pa.googleapis.com/v1internal:streamGenerateContent?alt=sse Trace: 0x9661fabb00bd5c3e

2026-06-28 02:20:41.720 [error] [LS Main stderr] I0628 02:20:41.720443 301928 http_helpers.go:183] URL: https://daily-cloudcode-pa.googleapis.com/v1internal:streamGenerateContent?alt=sse Trace: 0x70a7ad575f45795a

2026-06-28 02:20:41.752 [error] [LS Main stderr] E0628 02:20:41.752421 301928 log.go:398] failed to check terminal shell support: internal: internal error

2026-06-28 02:20:41.754 [error] [LS Main stderr] E0628 02:20:41.754364 301928 log.go:398] failed to check terminal shell support: internal: internal error

2026-06-28 02:20:42.100 [error] [LS Main stderr] I0628 02:20:42.100748 301928 http_helpers.go:183] URL: https://daily-cloudcode-pa.googleapis.com/v1internal:streamGenerateContent?alt=sse Trace: 0x830e1de59bbb80f

2026-06-28 02:20:42.416 [error] [LS Main stderr] E0628 02:20:42.415944 301928 log.go:398] failed to check terminal shell support: internal: internal error

2026-06-28 02:20:42.417 [error] [LS Main stderr] E0628 02:20:42.417904 301928 log.go:398] failed to check terminal shell support: internal: internal error

2026-06-28 02:20:42.555 [error] [LS Main stderr] E0628 02:20:42.555385 301928 log.go:398] failed to check terminal shell support: internal: internal error

2026-06-28 02:20:42.558 [error] [LS Main stderr] E0628 02:20:42.558367 301928 log.go:398] failed to check terminal shell support: internal: internal error

2026-06-28 02:20:42.634 [error] [LS Main stderr] E0628 02:20:42.634063 301928 log.go:398] failed to check terminal shell support: internal: internal error

2026-06-28 02:20:42.637 [error] [LS Main stderr] E0628 02:20:42.637262 301928 log.go:398] failed to check terminal shell support: internal: internal error

2026-06-28 02:20:43.841 [error] [LS Main stderr] I0628 02:20:43.840800 301928 http_helpers.go:183] URL: https://daily-cloudcode-pa.googleapis.com/v1internal:streamGenerateContent?alt=sse Trace: 0x763f9873b45d5309

2026-06-28 02:20:48.021 [error] [LS Main stderr] E0628 02:20:48.021468 301928 log.go:398] failed to check terminal shell support: internal: internal error

2026-06-28 02:20:48.024 [error] [LS Main stderr] E0628 02:20:48.024379 301928 log.go:398] failed to check terminal shell support: internal: internal error

2026-06-28 02:20:48.107 [error] [LS Main stderr] I0628 02:20:48.107323 301928 http_helpers.go:183] URL: https://daily-cloudcode-pa.googleapis.com/v1internal:streamGenerateContent?alt=sse Trace: 0xfd50ef00e03ce428

2026-06-28 02:20:48.161 [error] [LS Main stderr] E0628 02:20:48.160990 301928 log.go:398] failed to check terminal shell support: internal: internal error

2026-06-28 02:20:48.162 [error] [LS Main stderr] E0628 02:20:48.162126 301928 log.go:398] failed to check terminal shell support: internal: internal error

2026-06-28 02:20:48.702 [error] [LS Main stderr] E0628 02:20:48.702367 301928 log.go:398] failed to check terminal shell support: internal: internal error

2026-06-28 02:20:48.704 [error] [LS Main stderr] E0628 02:20:48.703994 301928 log.go:398] failed to check terminal shell support: internal: internal error

2026-06-28 02:20:48.888 [error] [LS Main stderr] E0628 02:20:48.888332 301928 log.go:398] failed to check terminal shell support: internal: internal error

2026-06-28 02:20:48.890 [error] [LS Main stderr] E0628 02:20:48.890000 301928 log.go:398] failed to check terminal shell support: internal: internal error

2026-06-28 02:20:48.917 [error] [LS Main stderr] E0628 02:20:48.916333 301928 log.go:398] failed to check terminal shell support: internal: internal error

2026-06-28 02:20:48.919 [error] [LS Main stderr] E0628 02:20:48.919347 301928 log.go:398] failed to check terminal shell support: internal: internal error

2026-06-28 02:20:48.962 [error] [LS Main stderr] E0628 02:20:48.962342 301928 log.go:398] failed to check terminal shell support: internal: internal error

2026-06-28 02:20:48.964 [error] [LS Main stderr] E0628 02:20:48.964114 301928 log.go:398] failed to check terminal shell support: internal: internal error

2026-06-28 02:20:53.978 [error] [LS Main stderr] I0628 02:20:53.977952 301928 http_helpers.go:183] URL: https://daily-cloudcode-pa.googleapis.com/v1internal:streamGenerateContent?alt=sse Trace: 0xec44e5941843006b

2026-06-28 02:20:54.040 [error] [LS Main stderr] E0628 02:20:54.040236 301928 log.go:398] failed to check terminal shell support: internal: internal error

2026-06-28 02:20:54.041 [error] [LS Main stderr] E0628 02:20:54.041591 301928 log.go:398] failed to check terminal shell support: internal: internal error

2026-06-28 02:20:59.315 [error] [LS Main stderr] E0628 02:20:59.315385 301928 log.go:398] failed to check terminal shell support: internal: internal error

2026-06-28 02:20:59.317 [error] [LS Main stderr] E0628 02:20:59.317231 301928 log.go:398] failed to check terminal shell support: internal: internal error

2026-06-28 02:20:59.349 [error] [LS Main stderr] E0628 02:20:59.349368 301928 log.go:398] failed to check terminal shell support: internal: internal error

2026-06-28 02:20:59.351 [error] [LS Main stderr] E0628 02:20:59.350923 301928 log.go:398] failed to check terminal shell support: internal: internal error

2026-06-28 02:21:05.139 [error] [LS Main stderr] I0628 02:21:05.139735 301928 http_helpers.go:183] URL: https://daily-cloudcode-pa.googleapis.com/v1internal:streamGenerateContent?alt=sse Trace: 0xaaaf7a944f4729b4

2026-06-28 02:21:05.206 [error] [LS Main stderr] E0628 02:21:05.206431 301928 log.go:398] failed to check terminal shell support: internal: internal error

2026-06-28 02:21:05.209 [error] [LS Main stderr] E0628 02:21:05.209849 301928 log.go:398] failed to check terminal shell support: internal: internal error

2026-06-28 02:21:06.250 [error] [LS Main stderr] E0628 02:21:06.250732 301928 log.go:398] failed to check terminal shell support: internal: internal error

2026-06-28 02:21:06.251 [error] [LS Main stderr] E0628 02:21:06.251900 301928 log.go:398] failed to check terminal shell support: internal: internal error

2026-06-28 02:21:06.299 [error] [LS Main stderr] E0628 02:21:06.299402 301928 log.go:398] failed to check terminal shell support: internal: internal error

2026-06-28 02:21:06.301 [error] [LS Main stderr] E0628 02:21:06.301062 301928 log.go:398] failed to check terminal shell support: internal: internal error

2026-06-28 02:21:11.283 [error] [LS Main stderr] I0628 02:21:11.282936 301928 http_helpers.go:183] URL: https://daily-cloudcode-pa.googleapis.com/v1internal:streamGenerateContent?alt=sse Trace: 0xa0782fe568b3c77a

2026-06-28 02:21:11.335 [error] [LS Main stderr] E0628 02:21:11.332708 301928 log.go:398] failed to check terminal shell support: internal: internal error

2026-06-28 02:21:11.335 [error] [LS Main stderr] E0628 02:21:11.335035 301928 log.go:398] failed to check terminal shell support: internal: internal error

2026-06-28 02:21:12.454 [error] [LS Main stderr] E0628 02:21:12.454004 301928 log.go:398] failed to check terminal shell support: internal: internal error

2026-06-28 02:21:12.457 [error] [LS Main stderr] E0628 02:21:12.456393 301928 log.go:398] failed to check terminal shell support: internal: internal error

2026-06-28 02:21:12.533 [error] [LS Main stderr] E0628 02:21:12.533514 301928 log.go:398] failed to check terminal shell support: internal: internal error

2026-06-28 02:21:12.535 [error] [LS Main stderr] E0628 02:21:12.534879 301928 log.go:398] failed to check terminal shell support: internal: internal error

2026-06-28 02:21:17.429 [error] [LS Main stderr] I0628 02:21:17.428854 301928 http_helpers.go:183] URL: https://daily-cloudcode-pa.googleapis.com/v1internal:streamGenerateContent?alt=sse Trace: 0xcd6848f2bb396881

2026-06-28 02:21:17.490 [error] [LS Main stderr] E0628 02:21:17.490018 301928 log.go:398] failed to check terminal shell support: internal: internal error

2026-06-28 02:21:17.492 [error] [LS Main stderr] E0628 02:21:17.491999 301928 log.go:398] failed to check terminal shell support: internal: internal error

2026-06-28 02:21:18.174 [error] [LS Main stderr] E0628 02:21:18.173395 301928 log.go:398] failed to check terminal shell support: internal: internal error

2026-06-28 02:21:18.175 [error] [LS Main stderr] E0628 02:21:18.175911 301928 log.go:398] failed to check terminal shell support: internal: internal error

2026-06-28 02:21:18.209 [error] [LS Main stderr] E0628 02:21:18.209067 301928 log.go:398] failed to check terminal shell support: internal: internal error

2026-06-28 02:21:18.210 [error] [LS Main stderr] E0628 02:21:18.210893 301928 log.go:398] failed to check terminal shell support: internal: internal error

2026-06-28 02:21:23.015 [error] [LS Main stderr] I0628 02:21:23.014962 301928 http_helpers.go:183] URL: https://daily-cloudcode-pa.googleapis.com/v1internal:streamGenerateContent?alt=sse Trace: 0xbe5f1062ac358a9f

2026-06-28 02:21:23.068 [error] [LS Main stderr] E0628 02:21:23.068162 301928 log.go:398] failed to check terminal shell support: internal: internal error

2026-06-28 02:21:23.072 [error] [LS Main stderr] E0628 02:21:23.072130 301928 log.go:398] failed to check terminal shell support: internal: internal error

2026-06-28 02:21:23.758 [error] [LS Main stderr] E0628 02:21:23.758158 301928 log.go:398] failed to check terminal shell support: internal: internal error

2026-06-28 02:21:23.759 [error] [LS Main stderr] E0628 02:21:23.759268 301928 log.go:398] failed to check terminal shell support: internal: internal error

2026-06-28 02:21:23.874 [error] [LS Main stderr] E0628 02:21:23.874128 301928 log.go:398] failed to check terminal shell support: internal: internal error

2026-06-28 02:21:23.876 [error] [LS Main stderr] E0628 02:21:23.876071 301928 log.go:398] failed to check terminal shell support: internal: internal error

2026-06-28 02:21:28.590 [error] [LS Main stderr] I0628 02:21:28.589600 301928 http_helpers.go:183] URL: https://daily-cloudcode-pa.googleapis.com/v1internal:streamGenerateContent?alt=sse Trace: 0x56d8c27415bcabe6

2026-06-28 02:21:28.650 [error] [LS Main stderr] E0628 02:21:28.650668 301928 log.go:398] failed to check terminal shell support: internal: internal error

2026-06-28 02:21:28.653 [error] [LS Main stderr] E0628 02:21:28.651991 301928 log.go:398] failed to check terminal shell support: internal: internal error

2026-06-28 02:21:31.010 [error] [LS Main stderr] E0628 02:21:31.010607 301928 log.go:398] failed to check terminal shell support: internal: internal error

2026-06-28 02:21:31.012 [error] [LS Main stderr] E0628 02:21:31.012093 301928 log.go:398] failed to check terminal shell support: internal: internal error

2026-06-28 02:21:31.084 [error] [LS Main stderr] E0628 02:21:31.084372 301928 log.go:398] failed to check terminal shell support: internal: internal error

2026-06-28 02:21:31.085 [error] [LS Main stderr] E0628 02:21:31.085770 301928 log.go:398] failed to check terminal shell support: internal: internal error

2026-06-28 02:21:36.065 [error] [LS Main stderr] I0628 02:21:36.065584 301928 http_helpers.go:183] URL: https://daily-cloudcode-pa.googleapis.com/v1internal:streamGenerateContent?alt=sse Trace: 0x6f00dcb78d83638

2026-06-28 02:21:36.126 [error] [LS Main stderr] E0628 02:21:36.126547 301928 log.go:398] failed to check terminal shell support: internal: internal error

2026-06-28 02:21:36.129 [error] [LS Main stderr] E0628 02:21:36.128377 301928 log.go:398] failed to check terminal shell support: internal: internal error

2026-06-28 02:21:36.933 [error] [LS Main stderr] E0628 02:21:36.933308 301928 log.go:398] failed to check terminal shell support: internal: internal error

2026-06-28 02:21:36.936 [error] [LS Main stderr] E0628 02:21:36.935821 301928 log.go:398] failed to check terminal shell support: internal: internal error

2026-06-28 02:21:36.988 [error] [LS Main stderr] E0628 02:21:36.988337 301928 log.go:398] failed to check terminal shell support: internal: internal error

2026-06-28 02:21:36.991 [error] [LS Main stderr] E0628 02:21:36.991402 301928 log.go:398] failed to check terminal shell support: internal: internal error

2026-06-28 02:21:42.006 [error] [LS Main stderr] I0628 02:21:42.006310 301928 http_helpers.go:183] URL: https://daily-cloudcode-pa.googleapis.com/v1internal:streamGenerateContent?alt=sse Trace: 0x8d7a844d50361454

2026-06-28 02:21:42.096 [error] [LS Main stderr] E0628 02:21:42.095925 301928 log.go:398] failed to check terminal shell support: internal: internal error

2026-06-28 02:21:42.098 [error] [LS Main stderr] E0628 02:21:42.097608 301928 log.go:398] failed to check terminal shell support: internal: internal error

2026-06-28 02:21:42.146 [error] [LS Main stderr] E0628 02:21:42.146012 301928 log.go:398] failed to check terminal shell support: internal: internal error

2026-06-28 02:21:42.148 [error] [LS Main stderr] E0628 02:21:42.148262 301928 log.go:398] failed to check terminal shell support: internal: internal error

2026-06-28 02:21:42.153 [error] [LS Main stderr] E0628 02:21:42.153364 301928 log.go:398] failed to check terminal shell support: internal: internal error

2026-06-28 02:21:42.155 [error] [LS Main stderr] E0628 02:21:42.155357 301928 log.go:398] failed to check terminal shell support: internal: internal error

2026-06-28 02:21:47.301 [error] [LS Main stderr] I0628 02:21:47.301603 301928 http_helpers.go:183] URL: https://daily-cloudcode-pa.googleapis.com/v1internal:streamGenerateContent?alt=sse Trace: 0x63171a2f59180e14

2026-06-28 02:21:47.349 [error] [LS Main stderr] E0628 02:21:47.348910 301928 log.go:398] failed to check terminal shell support: internal: internal error

2026-06-28 02:21:47.350 [error] [LS Main stderr] E0628 02:21:47.350857 301928 log.go:398] failed to check terminal shell support: internal: internal error

2026-06-28 02:21:48.239 [error] [LS Main stderr] E0628 02:21:48.239557 301928 log.go:398] failed to check terminal shell support: internal: internal error

2026-06-28 02:21:48.241 [error] [LS Main stderr] E0628 02:21:48.241836 301928 log.go:398] failed to check terminal shell support: internal: internal error

2026-06-28 02:21:48.284 [error] [LS Main stderr] E0628 02:21:48.284742 301928 log.go:398] failed to check terminal shell support: internal: internal error

2026-06-28 02:21:48.287 [error] [LS Main stderr] E0628 02:21:48.286267 301928 log.go:398] failed to check terminal shell support: internal: internal error

2026-06-28 02:21:53.064 [error] [LS Main stderr] I0628 02:21:53.064335 301928 http_helpers.go:183] URL: https://daily-cloudcode-pa.googleapis.com/v1internal:streamGenerateContent?alt=sse Trace: 0x6a5bc41e05f276f6

2026-06-28 02:21:53.189 [error] [LS Main stderr] E0628 02:21:53.189727 301928 log.go:398] failed to check terminal shell support: internal: internal error

2026-06-28 02:21:53.192 [error] [LS Main stderr] E0628 02:21:53.191818 301928 log.go:398] failed to check terminal shell support: internal: internal error

2026-06-28 02:21:53.193 [error] [LS Main stderr] E0628 02:21:53.193904 301928 log.go:398] failed to check terminal shell support: internal: internal error

2026-06-28 02:21:53.196 [error] [LS Main stderr] E0628 02:21:53.196524 301928 log.go:398] failed to check terminal shell support: internal: internal error

2026-06-28 02:21:53.372 [error] [LS Main stderr] E0628 02:21:53.371258 301928 log.go:398] failed to check terminal shell support: internal: internal error

2026-06-28 02:21:53.373 [error] [LS Main stderr] E0628 02:21:53.373843 301928 log.go:398] failed to check terminal shell support: internal: internal error

2026-06-28 02:21:57.976 [error] [LS Main stderr] I0628 02:21:57.976568 301928 http_helpers.go:183] URL: https://daily-cloudcode-pa.googleapis.com/v1internal:streamGenerateContent?alt=sse Trace: 0x89634f6ebbfd0c9

2026-06-28 02:21:58.034 [error] [LS Main stderr] E0628 02:21:58.033884 301928 log.go:398] failed to check terminal shell support: internal: internal error

2026-06-28 02:21:58.035 [error] [LS Main stderr] E0628 02:21:58.035853 301928 log.go:398] failed to check terminal shell support: internal: internal error

2026-06-28 02:22:00.672 [error] [LS Main stderr] E0628 02:22:00.672063 301928 log.go:398] failed to check terminal shell support: internal: internal error

2026-06-28 02:22:00.673 [error] [LS Main stderr] E0628 02:22:00.673361 301928 log.go:398] failed to check terminal shell support: internal: internal error

2026-06-28 02:22:00.720 [error] [LS Main stderr] E0628 02:22:00.720327 301928 log.go:398] failed to check terminal shell support: internal: internal error

2026-06-28 02:22:00.722 [error] [LS Main stderr] E0628 02:22:00.722394 301928 log.go:398] failed to check terminal shell support: internal: internal error

2026-06-28 02:22:05.760 [error] [LS Main stderr] I0628 02:22:05.760626 301928 http_helpers.go:183] URL: https://daily-cloudcode-pa.googleapis.com/v1internal:streamGenerateContent?alt=sse Trace: 0x7d1c00ecff3c73ea

2026-06-28 02:22:05.836 [error] [LS Main stderr] E0628 02:22:05.836114 301928 log.go:398] failed to check terminal shell support: internal: internal error

2026-06-28 02:22:05.838 [error] [LS Main stderr] E0628 02:22:05.838152 301928 log.go:398] failed to check terminal shell support: internal: internal error

2026-06-28 02:22:06.554 [error] [LS Main stderr] E0628 02:22:06.554391 301928 log.go:398] failed to check terminal shell support: internal: internal error

2026-06-28 02:22:06.557 [error] [LS Main stderr] E0628 02:22:06.557097 301928 log.go:398] failed to check terminal shell support: internal: internal error

2026-06-28 02:22:06.653 [error] [LS Main stderr] E0628 02:22:06.653145 301928 log.go:398] failed to check terminal shell support: internal: internal error

2026-06-28 02:22:06.654 [error] [LS Main stderr] E0628 02:22:06.654752 301928 log.go:398] failed to check terminal shell support: internal: internal error

2026-06-28 02:22:11.921 [error] [LS Main stderr] I0628 02:22:11.921733 301928 http_helpers.go:183] URL: https://daily-cloudcode-pa.googleapis.com/v1internal:streamGenerateContent?alt=sse Trace: 0xdb0a1dff7b1a3b43

2026-06-28 02:22:11.987 [error] [LS Main stderr] E0628 02:22:11.987119 301928 log.go:398] failed to check terminal shell support: internal: internal error

2026-06-28 02:22:11.988 [error] [LS Main stderr] E0628 02:22:11.988355 301928 log.go:398] failed to check terminal shell support: internal: internal error

2026-06-28 02:22:12.317 [error] [LS Main stderr] E0628 02:22:12.317570 301928 log.go:398] failed to check terminal shell support: internal: internal error

2026-06-28 02:22:12.319 [error] [LS Main stderr] E0628 02:22:12.319378 301928 log.go:398] failed to check terminal shell support: internal: internal error

2026-06-28 02:22:12.363 [error] [LS Main stderr] E0628 02:22:12.363343 301928 log.go:398] failed to check terminal shell support: internal: internal error

2026-06-28 02:22:12.365 [error] [LS Main stderr] E0628 02:22:12.365195 301928 log.go:398] failed to check terminal shell support: internal: internal error

2026-06-28 02:22:14.465 [error] [LS Main stderr] I0628 02:22:14.464806 301928 http_helpers.go:183] URL: https://daily-cloudcode-pa.googleapis.com/v1internal:streamGenerateContent?alt=sse Trace: 0x16e7ba048ff84372

2026-06-28 02:22:14.674 [error] [LS Main stderr] I0628 02:22:14.674124 301928 http_helpers.go:183] URL: https://daily-cloudcode-pa.googleapis.com/v1internal:streamGenerateContent?alt=sse Trace: 0x998b489c48033049

2026-06-28 02:22:17.039 [error] [LS Main stderr] I0628 02:22:17.039078 301928 http_helpers.go:183] URL: https://daily-cloudcode-pa.googleapis.com/v1internal:streamGenerateContent?alt=sse Trace: 0x164354b8381f3654

2026-06-28 02:22:17.096 [error] [LS Main stderr] E0628 02:22:17.096269 301928 log.go:398] failed to check terminal shell support: internal: internal error

2026-06-28 02:22:17.104 [error] [LS Main stderr] E0628 02:22:17.104210 301928 log.go:398] failed to check terminal shell support: internal: internal error

2026-06-28 02:22:18.670 [error] [LS Main stderr] I0628 02:22:18.670595 301928 http_helpers.go:183] URL: https://daily-cloudcode-pa.googleapis.com/v1internal:streamGenerateContent?alt=sse Trace: 0x635eb57bb3fde95f

2026-06-28 02:22:21.734 [error] [LS Main stderr] I0628 02:22:21.734615 301928 http_helpers.go:183] URL: https://daily-cloudcode-pa.googleapis.com/v1internal:streamGenerateContent?alt=sse Trace: 0xd065e64d0e783688

2026-06-28 02:22:22.126 [error] [LS Main stderr] I0628 02:22:22.126478 301928 http_helpers.go:183] URL: https://daily-cloudcode-pa.googleapis.com/v1internal:streamGenerateContent?alt=sse Trace: 0xa5cff39cc95e7d7

2026-06-28 02:22:23.145 [error] [LS Main stderr] I0628 02:22:23.145464 301928 http_helpers.go:183] URL: https://daily-cloudcode-pa.googleapis.com/v1internal:streamGenerateContent?alt=sse Trace: 0xa420d381af52b4d2

2026-06-28 02:22:23.511 [error] [LS Main stderr] I0628 02:22:23.511641 301928 http_helpers.go:183] URL: https://daily-cloudcode-pa.googleapis.com/v1internal:streamGenerateContent?alt=sse Trace: 0x67e3d1a12521af97

2026-06-28 02:22:26.174 [error] [LS Main stderr] E0628 02:22:26.174267 301928 log.go:398] failed to check terminal shell support: internal: internal error

2026-06-28 02:22:26.176 [error] [LS Main stderr] E0628 02:22:26.176248 301928 log.go:398] failed to check terminal shell support: internal: internal error

2026-06-28 02:22:26.221 [error] [LS Main stderr] E0628 02:22:26.220393 301928 log.go:398] failed to check terminal shell support: internal: internal error

2026-06-28 02:22:26.223 [error] [LS Main stderr] E0628 02:22:26.223591 301928 log.go:398] failed to check terminal shell support: internal: internal error

2026-06-28 02:22:30.746 [error] [LS Main stderr] I0628 02:22:30.746478 301928 http_helpers.go:183] URL: https://daily-cloudcode-pa.googleapis.com/v1internal:streamGenerateContent?alt=sse Trace: 0x71dc93b690e10993

2026-06-28 02:22:30.790 [error] [LS Main stderr] E0628 02:22:30.790338 301928 log.go:398] failed to check terminal shell support: internal: internal error

2026-06-28 02:22:30.792 [error] [LS Main stderr] E0628 02:22:30.791785 301928 log.go:398] failed to check terminal shell support: internal: internal error

2026-06-28 02:22:31.497 [error] [LS Main stderr] E0628 02:22:31.497812 301928 log.go:398] failed to check terminal shell support: internal: internal error

2026-06-28 02:22:31.500 [error] [LS Main stderr] E0628 02:22:31.500230 301928 log.go:398] failed to check terminal shell support: internal: internal error

2026-06-28 02:22:31.613 [error] [LS Main stderr] E0628 02:22:31.612456 301928 log.go:398] failed to check terminal shell support: internal: internal error

2026-06-28 02:22:31.615 [error] [LS Main stderr] E0628 02:22:31.615173 301928 log.go:398] failed to check terminal shell support: internal: internal error

2026-06-28 02:22:36.644 [error] [LS Main stderr] I0628 02:22:36.644491 301928 http_helpers.go:183] URL: https://daily-cloudcode-pa.googleapis.com/v1internal:streamGenerateContent?alt=sse Trace: 0xf40c1754b2f385a8

2026-06-28 02:22:36.697 [error] [LS Main stderr] E0628 02:22:36.697010 301928 log.go:398] failed to check terminal shell support: internal: internal error

2026-06-28 02:22:36.698 [error] [LS Main stderr] E0628 02:22:36.698293 301928 log.go:398] failed to check terminal shell support: internal: internal error

2026-06-28 02:22:39.223 [error] [LS Main stderr] E0628 02:22:39.223444 301928 log.go:398] failed to check terminal shell support: internal: internal error

2026-06-28 02:22:39.238 [error] [LS Main stderr] E0628 02:22:39.238032 301928 log.go:398] failed to check terminal shell support: internal: internal error

2026-06-28 02:22:39.288 [error] [LS Main stderr] E0628 02:22:39.287841 301928 log.go:398] failed to check terminal shell support: internal: internal error

2026-06-28 02:22:39.290 [error] [LS Main stderr] E0628 02:22:39.290468 301928 log.go:398] failed to check terminal shell support: internal: internal error

2026-06-28 02:22:39.556 [error] [LS Main stderr] I0628 02:22:39.556680 301928 http_helpers.go:183] URL: https://daily-cloudcode-pa.googleapis.com/v1internal:streamGenerateContent?alt=sse Trace: 0xc465acbf5136613c

2026-06-28 02:22:39.650 [error] [LS Main stderr] I0628 02:22:39.650204 301928 http_helpers.go:183] URL: https://daily-cloudcode-pa.googleapis.com/v1internal:streamGenerateContent?alt=sse Trace: 0x5035daec2f701412

2026-06-28 02:22:41.091 [error] [LS Main stderr] I0628 02:22:41.090981 301928 http_helpers.go:183] URL: https://daily-cloudcode-pa.googleapis.com/v1internal:streamGenerateContent?alt=sse Trace: 0x5115b586174c1590

2026-06-28 02:22:41.499 [error] [LS Main stderr] I0628 02:22:41.499082 301928 http_helpers.go:183] URL: https://daily-cloudcode-pa.googleapis.com/v1internal:streamGenerateContent?alt=sse Trace: 0x4245712ff5fcb8d8

2026-06-28 02:22:42.832 [error] [LS Main stderr] I0628 02:22:42.832578 301928 http_helpers.go:183] URL: https://daily-cloudcode-pa.googleapis.com/v1internal:streamGenerateContent?alt=sse Trace: 0xbd2758108dc9ee55

2026-06-28 02:22:44.470 [error] [LS Main stderr] I0628 02:22:44.469593 301928 http_helpers.go:183] URL: https://daily-cloudcode-pa.googleapis.com/v1internal:streamGenerateContent?alt=sse Trace: 0x6fb551824c57ca67

2026-06-28 02:22:44.554 [error] [LS Main stderr] E0628 02:22:44.553395 301928 log.go:398] failed to check terminal shell support: internal: internal error

2026-06-28 02:22:44.562 [error] [LS Main stderr] E0628 02:22:44.562362 301928 log.go:398] failed to check terminal shell support: internal: internal error

2026-06-28 02:22:44.567 [error] [LS Main stderr] E0628 02:22:44.567373 301928 log.go:398] failed to check terminal shell support: internal: internal error

2026-06-28 02:22:44.569 [error] [LS Main stderr] E0628 02:22:44.569285 301928 log.go:398] failed to check terminal shell support: internal: internal error

2026-06-28 02:22:44.656 [error] [LS Main stderr] E0628 02:22:44.656103 301928 log.go:398] failed to check terminal shell support: internal: internal error

2026-06-28 02:22:44.659 [error] [LS Main stderr] E0628 02:22:44.659038 301928 log.go:398] failed to check terminal shell support: internal: internal error

2026-06-28 02:22:48.874 [error] [LS Main stderr] I0628 02:22:48.874082 301928 http_helpers.go:183] URL: https://daily-cloudcode-pa.googleapis.com/v1internal:streamGenerateContent?alt=sse Trace: 0x627bc53b62ae2d95

2026-06-28 02:22:48.933 [error] [LS Main stderr] E0628 02:22:48.933389 301928 log.go:398] failed to check terminal shell support: internal: internal error

2026-06-28 02:22:48.935 [error] [LS Main stderr] E0628 02:22:48.935092 301928 log.go:398] failed to check terminal shell support: internal: internal error

2026-06-28 02:22:49.091 [error] [LS Main stderr] E0628 02:22:49.090814 301928 log.go:398] failed to check terminal shell support: internal: internal error

2026-06-28 02:22:49.093 [error] [LS Main stderr] E0628 02:22:49.093377 301928 log.go:398] failed to check terminal shell support: internal: internal error

2026-06-28 02:22:49.173 [error] [LS Main stderr] E0628 02:22:49.172842 301928 log.go:398] failed to check terminal shell support: internal: internal error

2026-06-28 02:22:49.174 [error] [LS Main stderr] E0628 02:22:49.174253 301928 log.go:398] failed to check terminal shell support: internal: internal error

2026-06-28 02:22:54.151 [error] [LS Main stderr] I0628 02:22:54.151544 301928 http_helpers.go:183] URL: https://daily-cloudcode-pa.googleapis.com/v1internal:streamGenerateContent?alt=sse Trace: 0xb7518b3ef042d3a2

2026-06-28 02:22:54.213 [error] [LS Main stderr] E0628 02:22:54.213501 301928 log.go:398] failed to check terminal shell support: internal: internal error

2026-06-28 02:22:54.216 [error] [LS Main stderr] E0628 02:22:54.216246 301928 log.go:398] failed to check terminal shell support: internal: internal error

2026-06-28 02:22:54.404 [error] [LS Main stderr] E0628 02:22:54.404890 301928 log.go:398] failed to check terminal shell support: internal: internal error

2026-06-28 02:22:54.406 [error] [LS Main stderr] E0628 02:22:54.406123 301928 log.go:398] failed to check terminal shell support: internal: internal error

2026-06-28 02:22:54.461 [error] [LS Main stderr] E0628 02:22:54.461061 301928 log.go:398] failed to check terminal shell support: internal: internal error

2026-06-28 02:22:54.462 [error] [LS Main stderr] E0628 02:22:54.462347 301928 log.go:398] failed to check terminal shell support: internal: internal error

2026-06-28 02:22:54.706 [error] [LS Main stderr] I0628 02:22:54.705834 301928 http_helpers.go:183] URL: https://daily-cloudcode-pa.googleapis.com/v1internal:streamGenerateContent?alt=sse Trace: 0xd20c4eb37944538c

2026-06-28 02:22:54.799 [error] [LS Main stderr] I0628 02:22:54.799151 301928 http_helpers.go:183] URL: https://daily-cloudcode-pa.googleapis.com/v1internal:streamGenerateContent?alt=sse Trace: 0xc9d255a3cfc4f275

2026-06-28 02:22:56.194 [error] [LS Main stderr] I0628 02:22:56.194418 301928 http_helpers.go:183] URL: https://daily-cloudcode-pa.googleapis.com/v1internal:streamGenerateContent?alt=sse Trace: 0xb09a2a4743de7374

2026-06-28 02:22:59.418 [error] [LS Main stderr] I0628 02:22:59.418642 301928 http_helpers.go:183] URL: https://daily-cloudcode-pa.googleapis.com/v1internal:streamGenerateContent?alt=sse Trace: 0x511a521a97acb4e0

2026-06-28 02:22:59.481 [error] [LS Main stderr] E0628 02:22:59.480818 301928 log.go:398] failed to check terminal shell support: internal: internal error

2026-06-28 02:22:59.482 [error] [LS Main stderr] E0628 02:22:59.482640 301928 log.go:398] failed to check terminal shell support: internal: internal error

2026-06-28 02:23:02.199 [error] [LS Main stderr] E0628 02:23:02.199373 301928 log.go:398] failed to check terminal shell support: internal: internal error

2026-06-28 02:23:02.200 [error] [LS Main stderr] E0628 02:23:02.200735 301928 log.go:398] failed to check terminal shell support: internal: internal error

2026-06-28 02:23:02.260 [error] [LS Main stderr] E0628 02:23:02.260360 301928 log.go:398] failed to check terminal shell support: internal: internal error

2026-06-28 02:23:02.262 [error] [LS Main stderr] E0628 02:23:02.261927 301928 log.go:398] failed to check terminal shell support: internal: internal error

2026-06-28 02:23:07.558 [error] [LS Main stderr] I0628 02:23:07.558543 301928 http_helpers.go:183] URL: https://daily-cloudcode-pa.googleapis.com/v1internal:streamGenerateContent?alt=sse Trace: 0xb04b82746eee233e

2026-06-28 02:23:07.620 [error] [LS Main stderr] E0628 02:23:07.620340 301928 log.go:398] failed to check terminal shell support: internal: internal error

2026-06-28 02:23:07.622 [error] [LS Main stderr] E0628 02:23:07.622412 301928 log.go:398] failed to check terminal shell support: internal: internal error

2026-06-28 02:23:10.621 [error] [LS Main stderr] E0628 02:23:10.620362 301928 log.go:398] failed to check terminal shell support: internal: internal error

2026-06-28 02:23:10.622 [error] [LS Main stderr] E0628 02:23:10.622763 301928 log.go:398] failed to check terminal shell support: internal: internal error

2026-06-28 02:23:11.170 [error] [LS Main stderr] E0628 02:23:11.170832 301928 log.go:398] failed to check terminal shell support: internal: internal error

2026-06-28 02:23:11.172 [error] [LS Main stderr] E0628 02:23:11.172341 301928 log.go:398] failed to check terminal shell support: internal: internal error

2026-06-28 02:23:16.417 [error] [LS Main stderr] I0628 02:23:16.417714 301928 http_helpers.go:183] URL: https://daily-cloudcode-pa.googleapis.com/v1internal:streamGenerateContent?alt=sse Trace: 0x557873a0fd0547f8

2026-06-28 02:23:16.467 [error] [LS Main stderr] E0628 02:23:16.467431 301928 log.go:398] failed to check terminal shell support: internal: internal error

2026-06-28 02:23:16.469 [error] [LS Main stderr] E0628 02:23:16.469345 301928 log.go:398] failed to check terminal shell support: internal: internal error

2026-06-28 02:23:26.775 [error] [LS Main stderr] I0628 02:23:26.775476 301928 http_helpers.go:183] URL: https://daily-cloudcode-pa.googleapis.com/v1internal:loadCodeAssist Trace: 0xcf9965109928c3d4

2026-06-28 02:23:27.835 [error] [LS Main stderr] I0628 02:23:27.834649 301928 http_helpers.go:183] URL: https://daily-cloudcode-pa.googleapis.com/v1internal:fetchAvailableModels Trace: 0x3aeae909bc8dd09

2026-06-28 02:23:27.846 [error] [LS Main stderr] E0628 02:23:27.845898 301928 log.go:398] failed to check terminal shell support: internal: internal error

2026-06-28 02:23:27.848 [error] [LS Main stderr] E0628 02:23:27.848416 301928 log.go:398] failed to check terminal shell support: internal: internal error

2026-06-28 02:23:27.851 [error] [LS Main stderr] E0628 02:23:27.850939 301928 log.go:398] failed to check terminal shell support: internal: internal error

2026-06-28 02:23:27.854 [error] [LS Main stderr] E0628 02:23:27.853701 301928 log.go:398] failed to check terminal shell support: internal: internal error

2026-06-28 02:23:27.966 [error] [LS Main stderr] E0628 02:23:27.965983 301928 log.go:398] failed to check terminal shell support: internal: internal error

2026-06-28 02:23:27.967 [error] [LS Main stderr] E0628 02:23:27.967213 301928 log.go:398] failed to check terminal shell support: internal: internal error

2026-06-28 02:23:33.109 [error] [LS Main stderr] I0628 02:23:33.108608 301928 http_helpers.go:183] URL: https://daily-cloudcode-pa.googleapis.com/v1internal:streamGenerateContent?alt=sse Trace: 0xa9cd2e77fc579c59

2026-06-28 02:23:33.175 [error] [LS Main stderr] E0628 02:23:33.175341 301928 log.go:398] failed to check terminal shell support: internal: internal error

2026-06-28 02:23:33.177 [error] [LS Main stderr] E0628 02:23:33.177254 301928 log.go:398] failed to check terminal shell support: internal: internal error

2026-06-28 02:23:33.327 [error] [LS Main stderr] E0628 02:23:33.327021 301928 log.go:398] failed to check terminal shell support: internal: internal error

2026-06-28 02:23:33.329 [error] [LS Main stderr] E0628 02:23:33.329285 301928 log.go:398] failed to check terminal shell support: internal: internal error

2026-06-28 02:23:33.383 [error] [LS Main stderr] E0628 02:23:33.383353 301928 log.go:398] failed to check terminal shell support: internal: internal error

2026-06-28 02:23:33.385 [error] [LS Main stderr] E0628 02:23:33.384807 301928 log.go:398] failed to check terminal shell support: internal: internal error

2026-06-28 02:23:38.131 [error] [LS Main stderr] I0628 02:23:38.130948 301928 http_helpers.go:183] URL: https://daily-cloudcode-pa.googleapis.com/v1internal:streamGenerateContent?alt=sse Trace: 0xf79cfbe17be872ac

2026-06-28 02:23:38.185 [error] [LS Main stderr] E0628 02:23:38.185400 301928 log.go:398] failed to check terminal shell support: internal: internal error

2026-06-28 02:23:38.187 [error] [LS Main stderr] E0628 02:23:38.187064 301928 log.go:398] failed to check terminal shell support: internal: internal error

2026-06-28 02:23:41.207 [error] [LS Main stderr] E0628 02:23:41.207944 301928 log.go:398] failed to check terminal shell support: internal: internal error

2026-06-28 02:23:41.210 [error] [LS Main stderr] E0628 02:23:41.209898 301928 log.go:398] failed to check terminal shell support: internal: internal error

2026-06-28 02:23:41.340 [error] [LS Main stderr] E0628 02:23:41.339257 301928 log.go:398] failed to check terminal shell support: internal: internal error

2026-06-28 02:23:41.342 [error] [LS Main stderr] E0628 02:23:41.342340 301928 log.go:398] failed to check terminal shell support: internal: internal error

2026-06-28 02:23:46.524 [error] [LS Main stderr] I0628 02:23:46.523677 301928 http_helpers.go:183] URL: https://daily-cloudcode-pa.googleapis.com/v1internal:streamGenerateContent?alt=sse Trace: 0xef18b1ef4ed87ea1

2026-06-28 02:23:46.594 [error] [LS Main stderr] E0628 02:23:46.594394 301928 log.go:398] failed to check terminal shell support: internal: internal error

2026-06-28 02:23:46.599 [error] [LS Main stderr] E0628 02:23:46.598235 301928 log.go:398] failed to check terminal shell support: internal: internal error

2026-06-28 02:23:52.876 [error] [LS Main stderr] E0628 02:23:52.876535 301928 log.go:398] failed to check terminal shell support: internal: internal error

2026-06-28 02:23:52.878 [error] [LS Main stderr] E0628 02:23:52.877714 301928 log.go:398] failed to check terminal shell support: internal: internal error

2026-06-28 02:23:52.933 [error] [LS Main stderr] E0628 02:23:52.933157 301928 log.go:398] failed to check terminal shell support: internal: internal error

2026-06-28 02:23:52.934 [error] [LS Main stderr] E0628 02:23:52.934298 301928 log.go:398] failed to check terminal shell support: internal: internal error

2026-06-28 02:23:57.480 [error] [LS Main stderr] I0628 02:23:57.480195 301928 http_helpers.go:183] URL: https://daily-cloudcode-pa.googleapis.com/v1internal:streamGenerateContent?alt=sse Trace: 0x8a8f2390c2841bfb

2026-06-28 02:23:57.546 [error] [LS Main stderr] E0628 02:23:57.546391 301928 log.go:398] failed to check terminal shell support: internal: internal error

2026-06-28 02:23:57.548 [error] [LS Main stderr] E0628 02:23:57.548315 301928 log.go:398] failed to check terminal shell support: internal: internal error

2026-06-28 02:23:57.650 [error] [LS Main stderr] E0628 02:23:57.650321 301928 log.go:398] failed to check terminal shell support: internal: internal error

2026-06-28 02:23:57.652 [error] [LS Main stderr] E0628 02:23:57.652500 301928 log.go:398] failed to check terminal shell support: internal: internal error

2026-06-28 02:23:58.372 [error] [LS Main stderr] E0628 02:23:58.372328 301928 log.go:398] failed to check terminal shell support: internal: internal error

2026-06-28 02:23:58.374 [error] [LS Main stderr] E0628 02:23:58.374068 301928 log.go:398] failed to check terminal shell support: internal: internal error

2026-06-28 02:24:03.755 [error] [LS Main stderr] I0628 02:24:03.754728 301928 http_helpers.go:183] URL: https://daily-cloudcode-pa.googleapis.com/v1internal:streamGenerateContent?alt=sse Trace: 0xb0c834bcf23a278e

2026-06-28 02:24:03.808 [error] [LS Main stderr] E0628 02:24:03.807895 301928 log.go:398] failed to check terminal shell support: internal: internal error

2026-06-28 02:24:03.810 [error] [LS Main stderr] E0628 02:24:03.810375 301928 log.go:398] failed to check terminal shell support: internal: internal error

2026-06-28 02:24:13.444 [error] [LS Main stderr] E0628 02:24:13.444385 301928 log.go:398] failed to check terminal shell support: internal: internal error

2026-06-28 02:24:13.450 [error] [LS Main stderr] E0628 02:24:13.449382 301928 log.go:398] failed to check terminal shell support: internal: internal error

2026-06-28 02:24:13.502 [error] [LS Main stderr] E0628 02:24:13.502659 301928 log.go:398] failed to check terminal shell support: internal: internal error

2026-06-28 02:24:13.505 [error] [LS Main stderr] E0628 02:24:13.505162 301928 log.go:398] failed to check terminal shell support: internal: internal error

2026-06-28 02:24:18.781 [error] [LS Main stderr] I0628 02:24:18.781434 301928 http_helpers.go:183] URL: https://daily-cloudcode-pa.googleapis.com/v1internal:streamGenerateContent?alt=sse Trace: 0xa6a6746f90217d1e

2026-06-28 02:24:18.833 [error] [LS Main stderr] E0628 02:24:18.833885 301928 log.go:398] failed to check terminal shell support: internal: internal error

2026-06-28 02:24:18.836 [error] [LS Main stderr] E0628 02:24:18.836360 301928 log.go:398] failed to check terminal shell support: internal: internal error

2026-06-28 02:24:21.931 [error] [LS Main stderr] E0628 02:24:21.930331 301928 log.go:398] failed to check terminal shell support: internal: internal error

2026-06-28 02:24:21.935 [error] [LS Main stderr] E0628 02:24:21.933272 301928 log.go:398] failed to check terminal shell support: internal: internal error

2026-06-28 02:24:22.035 [error] [LS Main stderr] E0628 02:24:22.035368 301928 log.go:398] failed to check terminal shell support: internal: internal error

2026-06-28 02:24:22.037 [error] [LS Main stderr] E0628 02:24:22.037147 301928 log.go:398] failed to check terminal shell support: internal: internal error

2026-06-28 02:24:22.057 [error] [LS Main stderr] E0628 02:24:22.057333 301928 log.go:398] failed to check terminal shell support: internal: internal error

2026-06-28 02:24:22.059 [error] [LS Main stderr] E0628 02:24:22.059402 301928 log.go:398] failed to check terminal shell support: internal: internal error

2026-06-28 02:24:22.109 [error] [LS Main stderr] E0628 02:24:22.109237 301928 log.go:398] failed to check terminal shell support: internal: internal error

2026-06-28 02:24:22.112 [error] [LS Main stderr] E0628 02:24:22.111730 301928 log.go:398] failed to check terminal shell support: internal: internal error

2026-06-28 02:24:24.310 [error] [LS Main stderr] I0628 02:24:24.310125 301928 http_helpers.go:183] URL: https://daily-cloudcode-pa.googleapis.com/v1internal:streamGenerateContent?alt=sse Trace: 0x54e9ce2f8be55901

2026-06-28 02:24:24.455 [error] [LS Main stderr] I0628 02:24:24.455356 301928 http_helpers.go:183] URL: https://daily-cloudcode-pa.googleapis.com/v1internal:streamGenerateContent?alt=sse Trace: 0x8555ad381f1b2a03

2026-06-28 02:24:25.856 [error] [LS Main stderr] I0628 02:24:25.855731 301928 http_helpers.go:183] URL: https://daily-cloudcode-pa.googleapis.com/v1internal:streamGenerateContent?alt=sse Trace: 0x2c4efc1ea88751e9

2026-06-28 02:24:26.460 [error] [LS Main stderr] I0628 02:24:26.460533 301928 http_helpers.go:183] URL: https://daily-cloudcode-pa.googleapis.com/v1internal:streamGenerateContent?alt=sse Trace: 0x40ec9e6f42033146

2026-06-28 02:24:26.513 [error] [LS Main stderr] E0628 02:24:26.513100 301928 log.go:398] failed to check terminal shell support: internal: internal error

2026-06-28 02:24:26.515 [error] [LS Main stderr] E0628 02:24:26.515470 301928 log.go:398] failed to check terminal shell support: internal: internal error

2026-06-28 02:24:28.535 [error] [LS Main stderr] E0628 02:24:28.535324 301928 log.go:398] failed to check terminal shell support: internal: internal error

2026-06-28 02:24:28.538 [error] [LS Main stderr] E0628 02:24:28.538119 301928 log.go:398] failed to check terminal shell support: internal: internal error

2026-06-28 02:24:29.028 [error] [LS Main stderr] E0628 02:24:29.028417 301928 log.go:398] failed to check terminal shell support: internal: internal error

2026-06-28 02:24:29.029 [error] [LS Main stderr] E0628 02:24:29.029718 301928 log.go:398] failed to check terminal shell support: internal: internal error

2026-06-28 02:24:35.371 [error] [LS Main stderr] I0628 02:24:35.371476 301928 http_helpers.go:183] URL: https://daily-cloudcode-pa.googleapis.com/v1internal:streamGenerateContent?alt=sse Trace: 0xecffcc472dff229e

2026-06-28 02:24:35.456 [error] [LS Main stderr] I0628 02:24:35.456214 301928 http_helpers.go:183] URL: https://daily-cloudcode-pa.googleapis.com/v1internal:streamGenerateContent?alt=sse Trace: 0x887e5be49a4ac8eb

2026-06-28 02:24:36.803 [error] [LS Main stderr] I0628 02:24:36.803250 301928 http_helpers.go:183] URL: https://daily-cloudcode-pa.googleapis.com/v1internal:streamGenerateContent?alt=sse Trace: 0x93f6915cda9640a8

2026-06-28 02:24:54.417 [error] [LS Main stderr] I0628 02:24:54.417523 301928 http_helpers.go:183] URL: https://daily-cloudcode-pa.googleapis.com/v1internal:streamGenerateContent?alt=sse Trace: 0x125a7a22b106c123

2026-06-28 02:24:54.657 [error] [LS Main stderr] I0628 02:24:54.656771 301928 http_helpers.go:183] URL: https://daily-cloudcode-pa.googleapis.com/v1internal:streamGenerateContent?alt=sse Trace: 0x834f221d74ab5321

2026-06-28 02:24:55.849 [error] [LS Main stderr] I0628 02:24:55.849697 301928 http_helpers.go:183] URL: https://daily-cloudcode-pa.googleapis.com/v1internal:streamGenerateContent?alt=sse Trace: 0x5a9e728f2cb929b0

2026-06-28 02:24:56.514 [error] [LS Main stderr] I0628 02:24:56.514358 301928 http_helpers.go:183] URL: https://daily-cloudcode-pa.googleapis.com/v1internal:streamGenerateContent?alt=sse Trace: 0xff5708c01fd4208c

2026-06-28 02:24:56.685 [error] [LS Main stderr] I0628 02:24:56.685319 301928 http_helpers.go:183] URL: https://daily-cloudcode-pa.googleapis.com/v1internal:streamGenerateContent?alt=sse Trace: 0xb7447ac084441f6c

2026-06-28 02:24:57.694 [error] [LS Main stderr] I0628 02:24:57.694577 301928 http_helpers.go:183] URL: https://daily-cloudcode-pa.googleapis.com/v1internal:streamGenerateContent?alt=sse Trace: 0x5660ea6ba20c3f10

2026-06-28 02:24:59.320 [error] [LS Main stderr] I0628 02:24:59.320627 301928 http_helpers.go:183] URL: https://daily-cloudcode-pa.googleapis.com/v1internal:streamGenerateContent?alt=sse Trace: 0x5deb171b7aabfe4b

2026-06-28 02:25:02.141 [error] [LS Main stderr] I0628 02:25:02.141079 301928 http_helpers.go:183] URL: https://daily-cloudcode-pa.googleapis.com/v1internal:streamGenerateContent?alt=sse Trace: 0xc6f795efad2289be

2026-06-28 02:25:02.880 [error] [LS Main stderr] I0628 02:25:02.880728 301928 http_helpers.go:183] URL: https://daily-cloudcode-pa.googleapis.com/v1internal:streamGenerateContent?alt=sse Trace: 0x6f80caabf209f2c5

2026-06-28 02:25:04.152 [error] [LS Main stderr] I0628 02:25:04.151857 301928 http_helpers.go:183] URL: https://daily-cloudcode-pa.googleapis.com/v1internal:streamGenerateContent?alt=sse Trace: 0x2e29b684363652ad

2026-06-28 02:25:11.214 [error] [LS Main stderr] I0628 02:25:11.213916 301928 http_helpers.go:183] URL: https://daily-cloudcode-pa.googleapis.com/v1internal:streamGenerateContent?alt=sse Trace: 0xa9e05e22ac50085
I0628 02:25:11.213955 301928 http_helpers.go:183] URL: https://daily-cloudcode-pa.googleapis.com/v1internal:streamGenerateContent?alt=sse Trace: 0xcef5b12248a3201b

2026-06-28 02:25:13.872 [error] [LS Main stderr] I0628 02:25:13.872061 301928 http_helpers.go:183] URL: https://daily-cloudcode-pa.googleapis.com/v1internal:streamGenerateContent?alt=sse Trace: 0x405366c718a034ed

2026-06-28 02:25:13.947 [error] [LS Main stderr] I0628 02:25:13.945849 301928 http_helpers.go:183] URL: https://daily-cloudcode-pa.googleapis.com/v1internal:streamGenerateContent?alt=sse Trace: 0x21ad6376da5c7eb0

2026-06-28 02:25:15.345 [error] [LS Main stderr] I0628 02:25:15.345414 301928 http_helpers.go:183] URL: https://daily-cloudcode-pa.googleapis.com/v1internal:streamGenerateContent?alt=sse Trace: 0xe80268955d91e3c7

2026-06-28 02:25:15.516 [error] [LS Main stderr] I0628 02:25:15.516509 301928 http_helpers.go:183] URL: https://daily-cloudcode-pa.googleapis.com/v1internal:streamGenerateContent?alt=sse Trace: 0x5bfcb63e1eaeb64d

2026-06-28 02:25:16.842 [error] [LS Main stderr] I0628 02:25:16.842410 301928 http_helpers.go:183] URL: https://daily-cloudcode-pa.googleapis.com/v1internal:streamGenerateContent?alt=sse Trace: 0xd914a89f22cfc8a8

2026-06-28 02:25:18.676 [error] [LS Main stderr] I0628 02:25:18.675465 301928 http_helpers.go:183] URL: https://daily-cloudcode-pa.googleapis.com/v1internal:streamGenerateContent?alt=sse Trace: 0xa15a6fa9ac2727d2

2026-06-28 02:25:19.197 [error] [LS Main stderr] I0628 02:25:19.197727 301928 http_helpers.go:183] URL: https://daily-cloudcode-pa.googleapis.com/v1internal:streamGenerateContent?alt=sse Trace: 0x2624b0e8ae22635e

2026-06-28 02:25:20.222 [error] [LS Main stderr] I0628 02:25:20.222407 301928 http_helpers.go:183] URL: https://daily-cloudcode-pa.googleapis.com/v1internal:streamGenerateContent?alt=sse Trace: 0x88e291df521ac741

2026-06-28 02:25:22.384 [error] [LS Main stderr] I0628 02:25:22.384562 301928 http_helpers.go:183] URL: https://daily-cloudcode-pa.googleapis.com/v1internal:streamGenerateContent?alt=sse Trace: 0x8a9ed89bbb4e08c

2026-06-28 02:25:22.654 [error] [LS Main stderr] I0628 02:25:22.654484 301928 http_helpers.go:183] URL: https://daily-cloudcode-pa.googleapis.com/v1internal:streamGenerateContent?alt=sse Trace: 0xbb7d4084d1680ef3

2026-06-28 02:25:23.907 [error] [LS Main stderr] I0628 02:25:23.907007 301928 http_helpers.go:183] URL: https://daily-cloudcode-pa.googleapis.com/v1internal:streamGenerateContent?alt=sse Trace: 0xcfad0e712bf45732

2026-06-28 02:25:26.616 [error] [LS Main stderr] I0628 02:25:26.616731 301928 http_helpers.go:183] URL: https://daily-cloudcode-pa.googleapis.com/v1internal:streamGenerateContent?alt=sse Trace: 0x26f714b9732ff189

2026-06-28 02:25:26.884 [error] [LS Main stderr] I0628 02:25:26.884448 301928 http_helpers.go:183] URL: https://daily-cloudcode-pa.googleapis.com/v1internal:streamGenerateContent?alt=sse Trace: 0x77e2d8a620d04e83

2026-06-28 02:26:36.616 [error] [LS Main stderr] E0628 02:26:36.615396 301928 log.go:398] failed to check terminal shell support: internal: internal error

2026-06-28 02:26:36.619 [error] [LS Main stderr] E0628 02:26:36.619026 301928 log.go:398] failed to check terminal shell support: internal: internal error

2026-06-28 02:26:39.904 [error] [LS Main stderr] E0628 02:26:39.904547 301928 log.go:398] failed to check terminal shell support: internal: internal error

2026-06-28 02:26:39.948 [error] [LS Main stderr] E0628 02:26:39.948385 301928 log.go:398] failed to check terminal shell support: internal: internal error

2026-06-28 02:26:39.951 [error] [LS Main stderr] E0628 02:26:39.950358 301928 log.go:398] failed to check terminal shell support: internal: internal error

2026-06-28 02:26:39.961 [error] [LS Main stderr] E0628 02:26:39.961776 301928 log.go:398] failed to check terminal shell support: internal: internal error

2026-06-28 02:26:39.963 [error] [LS Main stderr] E0628 02:26:39.963836 301928 log.go:398] failed to check terminal shell support: internal: internal error

2026-06-28 02:26:39.991 [error] [LS Main stderr] E0628 02:26:39.991402 301928 log.go:398] failed to check terminal shell support: internal: internal error

2026-06-28 02:26:39.994 [error] [LS Main stderr] E0628 02:26:39.993575 301928 log.go:398] failed to check terminal shell support: internal: internal error

2026-06-28 02:26:40.064 [error] [LS Main stderr] E0628 02:26:40.063949 301928 log.go:398] failed to check terminal shell support: internal: internal error

2026-06-28 02:26:40.066 [error] [LS Main stderr] E0628 02:26:40.065629 301928 log.go:398] failed to check terminal shell support: internal: internal error

2026-06-28 02:26:40.118 [error] [LS Main stderr] E0628 02:26:40.118685 301928 log.go:398] failed to check terminal shell support: internal: internal error

2026-06-28 02:26:40.122 [error] [LS Main stderr] E0628 02:26:40.121332 301928 log.go:398] failed to check terminal shell support: internal: internal error

2026-06-28 02:26:40.180 [error] [LS Main stderr] E0628 02:26:40.179853 301928 log.go:398] failed to check terminal shell support: internal: internal error

2026-06-28 02:26:40.184 [error] [LS Main stderr] E0628 02:26:40.183557 301928 log.go:398] failed to check terminal shell support: internal: internal error

2026-06-28 02:26:40.231 [error] [LS Main stderr] E0628 02:26:40.229670 301928 log.go:398] failed to check terminal shell support: internal: internal error

2026-06-28 02:26:40.234 [error] [LS Main stderr] E0628 02:26:40.234527 301928 log.go:398] failed to check terminal shell support: internal: internal error

2026-06-28 02:26:41.026 [error] [LS Main stderr] E0628 02:26:41.026033 301928 log.go:398] failed to check terminal shell support: internal: internal error

2026-06-28 02:26:41.028 [error] [LS Main stderr] E0628 02:26:41.028080 301928 log.go:398] failed to check terminal shell support: internal: internal error

2026-06-28 02:26:46.034 [error] [LS Main stderr] I0628 02:26:46.034453 301928 http_helpers.go:183] URL: https://daily-cloudcode-pa.googleapis.com/v1internal:streamGenerateContent?alt=sse Trace: 0x86973ea608219fb9

2026-06-28 02:26:46.098 [error] [LS Main stderr] E0628 02:26:46.098006 301928 log.go:398] failed to check terminal shell support: internal: internal error

2026-06-28 02:26:46.100 [error] [LS Main stderr] E0628 02:26:46.100506 301928 log.go:398] failed to check terminal shell support: internal: internal error

2026-06-28 02:26:48.501 [error] [LS Main stderr] I0628 02:26:48.501800 301928 log_context.go:117] Model output error: /home/ladybug-me/.gemini/antigravity-ide/brain/8bd9bd2f-86fb-436d-8c5f-29a790a5f49f/task.md already exists. Edit the existing artifact instead.
E0628 02:26:48.501844 301928 log.go:398] model output error: invalid tool call error (invalid_args) /home/ladybug-me/.gemini/antigravity-ide/brain/8bd9bd2f-86fb-436d-8c5f-29a790a5f49f/task.md already exists. Edit the existing artifact instead.

2026-06-28 02:26:48.547 [error] [LS Main stderr] E0628 02:26:48.546949 301928 log.go:398] failed to check terminal shell support: internal: internal error

2026-06-28 02:26:48.552 [error] [LS Main stderr] E0628 02:26:48.552472 301928 log.go:398] failed to check terminal shell support: internal: internal error

2026-06-28 02:26:54.182 [error] [LS Main stderr] I0628 02:26:54.182181 301928 http_helpers.go:183] URL: https://daily-cloudcode-pa.googleapis.com/v1internal:streamGenerateContent?alt=sse Trace: 0x104838bb3c023e2f

2026-06-28 02:26:54.259 [error] [LS Main stderr] E0628 02:26:54.259739 301928 log.go:398] failed to check terminal shell support: internal: internal error

2026-06-28 02:26:54.261 [error] [LS Main stderr] E0628 02:26:54.260957 301928 log.go:398] failed to check terminal shell support: internal: internal error

2026-06-28 02:26:54.341 [error] [LS Main stderr] E0628 02:26:54.341390 301928 log.go:398] failed to check terminal shell support: internal: internal error

2026-06-28 02:26:54.344 [error] [LS Main stderr] E0628 02:26:54.344392 301928 log.go:398] failed to check terminal shell support: internal: internal error

2026-06-28 02:26:54.437 [error] [LS Main stderr] E0628 02:26:54.436370 301928 log.go:398] failed to check terminal shell support: internal: internal error

2026-06-28 02:26:54.439 [error] [LS Main stderr] E0628 02:26:54.439347 301928 log.go:398] failed to check terminal shell support: internal: internal error

2026-06-28 02:26:54.448 [error] [LS Main stderr] E0628 02:26:54.448593 301928 log.go:398] failed to check terminal shell support: internal: internal error

2026-06-28 02:26:54.451 [error] [LS Main stderr] E0628 02:26:54.451456 301928 log.go:398] failed to check terminal shell support: internal: internal error

2026-06-28 02:26:54.483 [error] [LS Main stderr] E0628 02:26:54.483172 301928 log.go:398] failed to check terminal shell support: internal: internal error

2026-06-28 02:26:54.484 [error] [LS Main stderr] E0628 02:26:54.484286 301928 log.go:398] failed to check terminal shell support: internal: internal error

2026-06-28 02:26:56.889 [error] [LS Main stderr] I0628 02:26:56.889354 301928 http_helpers.go:183] URL: https://daily-cloudcode-pa.googleapis.com/v1internal:streamGenerateContent?alt=sse Trace: 0xdb556410656a392f

2026-06-28 02:26:57.069 [error] [LS Main stderr] I0628 02:26:57.069261 301928 http_helpers.go:183] URL: https://daily-cloudcode-pa.googleapis.com/v1internal:streamGenerateContent?alt=sse Trace: 0x64c0a96e16aa246

2026-06-28 02:26:59.961 [error] [LS Main stderr] I0628 02:26:59.961521 301928 http_helpers.go:183] URL: https://daily-cloudcode-pa.googleapis.com/v1internal:streamGenerateContent?alt=sse Trace: 0xb093ef3b7f42a1ae

2026-06-28 02:27:00.035 [error] [LS Main stderr] E0628 02:27:00.034747 301928 log.go:398] failed to check terminal shell support: internal: internal error

2026-06-28 02:27:00.042 [error] [LS Main stderr] E0628 02:27:00.042535 301928 log.go:398] failed to check terminal shell support: internal: internal error

2026-06-28 02:27:00.060 [error] [LS Main stderr] I0628 02:27:00.060321 301928 http_helpers.go:183] URL: https://daily-cloudcode-pa.googleapis.com/v1internal:streamGenerateContent?alt=sse Trace: 0xffee629fc42ca632

2026-06-28 02:27:00.114 [error] [LS Main stderr] E0628 02:27:00.113366 301928 log.go:398] failed to check terminal shell support: internal: internal error

2026-06-28 02:27:00.115 [error] [LS Main stderr] E0628 02:27:00.115865 301928 log.go:398] failed to check terminal shell support: internal: internal error

2026-06-28 02:27:00.132 [error] [LS Main stderr] E0628 02:27:00.132625 301928 log.go:398] failed to check terminal shell support: internal: internal error

2026-06-28 02:27:00.135 [error] [LS Main stderr] E0628 02:27:00.135117 301928 log.go:398] failed to check terminal shell support: internal: internal error

2026-06-28 02:27:00.330 [error] [LS Main stderr] I0628 02:27:00.330254 301928 http_helpers.go:183] URL: https://daily-cloudcode-pa.googleapis.com/v1internal:streamGenerateContent?alt=sse Trace: 0xe4024f953eb41eea

2026-06-28 02:27:01.602 [error] [LS Main stderr] I0628 02:27:01.601875 301928 http_helpers.go:183] URL: https://daily-cloudcode-pa.googleapis.com/v1internal:streamGenerateContent?alt=sse Trace: 0xb15e42bc668dc4fa

2026-06-28 02:27:06.206 [error] [LS Main stderr] I0628 02:27:06.206502 301928 http_helpers.go:183] URL: https://daily-cloudcode-pa.googleapis.com/v1internal:streamGenerateContent?alt=sse Trace: 0x3fd0cb220c56fab9

2026-06-28 02:27:06.267 [error] [LS Main stderr] E0628 02:27:06.265833 301928 log.go:398] failed to check terminal shell support: internal: internal error

2026-06-28 02:27:06.268 [error] [LS Main stderr] E0628 02:27:06.268357 301928 log.go:398] failed to check terminal shell support: internal: internal error

2026-06-28 02:27:06.354 [error] [LS Main stderr] E0628 02:27:06.353345 301928 log.go:398] failed to check terminal shell support: internal: internal error

2026-06-28 02:27:06.356 [error] [LS Main stderr] E0628 02:27:06.356122 301928 log.go:398] failed to check terminal shell support: internal: internal error

2026-06-28 02:27:06.435 [error] [LS Main stderr] E0628 02:27:06.435704 301928 log.go:398] failed to check terminal shell support: internal: internal error

2026-06-28 02:27:06.438 [error] [LS Main stderr] E0628 02:27:06.437172 301928 log.go:398] failed to check terminal shell support: internal: internal error

2026-06-28 02:27:06.444 [error] [LS Main stderr] E0628 02:27:06.444464 301928 log.go:398] failed to check terminal shell support: internal: internal error

2026-06-28 02:27:06.445 [error] [LS Main stderr] E0628 02:27:06.445896 301928 log.go:398] failed to check terminal shell support: internal: internal error

2026-06-28 02:27:06.721 [error] [LS Main stderr] I0628 02:27:06.721321 301928 http_helpers.go:183] URL: https://daily-cloudcode-pa.googleapis.com/v1internal:streamGenerateContent?alt=sse Trace: 0x22e112c76b1284fb

2026-06-28 02:27:06.776 [error] [LS Main stderr] I0628 02:27:06.776051 301928 http_helpers.go:183] URL: https://daily-cloudcode-pa.googleapis.com/v1internal:streamGenerateContent?alt=sse Trace: 0x4f02ddd466c64e86

2026-06-28 02:27:07.743 [error] [LS Main stderr] I0628 02:27:07.742602 301928 http_helpers.go:183] URL: https://daily-cloudcode-pa.googleapis.com/v1internal:streamGenerateContent?alt=sse Trace: 0xa4593b9bb65f60de

2026-06-28 02:27:07.946 [error] [LS Main stderr] I0628 02:27:07.946618 301928 http_helpers.go:183] URL: https://daily-cloudcode-pa.googleapis.com/v1internal:streamGenerateContent?alt=sse Trace: 0x77d45c345450d5e1

2026-06-28 02:27:08.091 [error] [LS Main stderr] I0628 02:27:08.090932 301928 http_helpers.go:183] URL: https://daily-cloudcode-pa.googleapis.com/v1internal:streamGenerateContent?alt=sse Trace: 0x87c483d56b234936

2026-06-28 02:27:08.459 [error] [LS Main stderr] I0628 02:27:08.459290 301928 http_helpers.go:183] URL: https://daily-cloudcode-pa.googleapis.com/v1internal:streamGenerateContent?alt=sse Trace: 0xe20ce76458c68a50

2026-06-28 02:27:08.508 [error] [LS Main stderr] E0628 02:27:08.507819 301928 log.go:398] failed to check terminal shell support: internal: internal error

2026-06-28 02:27:08.510 [error] [LS Main stderr] E0628 02:27:08.510129 301928 log.go:398] failed to check terminal shell support: internal: internal error

2026-06-28 02:27:10.204 [error] [LS Main stderr] I0628 02:27:10.203903 301928 http_helpers.go:183] URL: https://daily-cloudcode-pa.googleapis.com/v1internal:streamGenerateContent?alt=sse Trace: 0x3fb2df8f3e4d3a44

2026-06-28 02:27:10.310 [error] [LS Main stderr] I0628 02:27:10.309887 301928 http_helpers.go:183] URL: https://daily-cloudcode-pa.googleapis.com/v1internal:streamGenerateContent?alt=sse Trace: 0xbd50dd15df4f9189

2026-06-28 02:27:13.284 [error] [LS Main stderr] I0628 02:27:13.284332 301928 http_helpers.go:183] URL: https://daily-cloudcode-pa.googleapis.com/v1internal:streamGenerateContent?alt=sse Trace: 0xddb2887848084354

2026-06-28 02:27:13.348 [error] [LS Main stderr] E0628 02:27:13.348108 301928 log.go:398] failed to check terminal shell support: internal: internal error

2026-06-28 02:27:13.349 [error] [LS Main stderr] E0628 02:27:13.349347 301928 log.go:398] failed to check terminal shell support: internal: internal error

2026-06-28 02:27:13.732 [error] [LS Main stderr] I0628 02:27:13.731971 301928 http_helpers.go:183] URL: https://daily-cloudcode-pa.googleapis.com/v1internal:streamGenerateContent?alt=sse Trace: 0xbbdea2660f278c8c

2026-06-28 02:27:13.795 [error] [LS Main stderr] E0628 02:27:13.795129 301928 log.go:398] failed to check terminal shell support: internal: internal error

2026-06-28 02:27:13.797 [error] [LS Main stderr] E0628 02:27:13.797605 301928 log.go:398] failed to check terminal shell support: internal: internal error

2026-06-28 02:27:13.916 [error] [LS Main stderr] I0628 02:27:13.916151 301928 http_helpers.go:183] URL: https://daily-cloudcode-pa.googleapis.com/v1internal:streamGenerateContent?alt=sse Trace: 0xa23b2079ec6fe0cc

2026-06-28 02:27:13.934 [error] [LS Main stderr] E0628 02:27:13.934342 301928 log.go:398] failed to check terminal shell support: internal: internal error

2026-06-28 02:27:13.937 [error] [LS Main stderr] E0628 02:27:13.936454 301928 log.go:398] failed to check terminal shell support: internal: internal error

2026-06-28 02:27:15.013 [error] [LS Main stderr] I0628 02:27:15.013257 301928 http_helpers.go:183] URL: https://daily-cloudcode-pa.googleapis.com/v1internal:streamGenerateContent?alt=sse Trace: 0x134d104ccf370093

2026-06-28 02:27:15.217 [error] [LS Main stderr] I0628 02:27:15.216960 301928 http_helpers.go:183] URL: https://daily-cloudcode-pa.googleapis.com/v1internal:streamGenerateContent?alt=sse Trace: 0xc082bec65f7a8f1e

2026-06-28 02:27:20.342 [error] [LS Main stderr] I0628 02:27:20.341773 301928 http_helpers.go:183] URL: https://daily-cloudcode-pa.googleapis.com/v1internal:streamGenerateContent?alt=sse Trace: 0x802a7c37ce498914

2026-06-28 02:27:20.421 [error] [LS Main stderr] E0628 02:27:20.421440 301928 log.go:398] failed to check terminal shell support: internal: internal error

2026-06-28 02:27:20.426 [error] [LS Main stderr] E0628 02:27:20.424418 301928 log.go:398] failed to check terminal shell support: internal: internal error

2026-06-28 02:27:20.532 [error] [LS Main stderr] E0628 02:27:20.532439 301928 log.go:398] failed to check terminal shell support: internal: internal error

2026-06-28 02:27:20.535 [error] [LS Main stderr] E0628 02:27:20.535296 301928 log.go:398] failed to check terminal shell support: internal: internal error

2026-06-28 02:27:22.657 [error] [LS Main stderr] E0628 02:27:22.657225 301928 log.go:398] failed to check terminal shell support: internal: internal error

2026-06-28 02:27:22.659 [error] [LS Main stderr] E0628 02:27:22.659346 301928 log.go:398] failed to check terminal shell support: internal: internal error

2026-06-28 02:27:23.496 [error] [LS Main stderr] I0628 02:27:23.496584 301928 http_helpers.go:183] URL: https://daily-cloudcode-pa.googleapis.com/v1internal:streamGenerateContent?alt=sse Trace: 0x7c56b9f9d78e24b0

2026-06-28 02:27:23.923 [error] [LS Main stderr] I0628 02:27:23.923255 301928 http_helpers.go:183] URL: https://daily-cloudcode-pa.googleapis.com/v1internal:streamGenerateContent?alt=sse Trace: 0x5f090c9e9849f5b1

2026-06-28 02:27:27.572 [error] [LS Main stderr] I0628 02:27:27.571973 301928 http_helpers.go:183] URL: https://daily-cloudcode-pa.googleapis.com/v1internal:streamGenerateContent?alt=sse Trace: 0x984f8dc5b121ffa3

2026-06-28 02:27:27.623 [error] [LS Main stderr] E0628 02:27:27.623769 301928 log.go:398] failed to check terminal shell support: internal: internal error

2026-06-28 02:27:27.625 [error] [LS Main stderr] E0628 02:27:27.625348 301928 log.go:398] failed to check terminal shell support: internal: internal error

2026-06-28 02:27:29.339 [error] [LS Main stderr] E0628 02:27:29.339575 301928 log.go:398] failed to check terminal shell support: internal: internal error

2026-06-28 02:27:29.341 [error] [LS Main stderr] E0628 02:27:29.340950 301928 log.go:398] failed to check terminal shell support: internal: internal error

2026-06-28 02:27:29.395 [error] [LS Main stderr] E0628 02:27:29.395286 301928 log.go:398] failed to check terminal shell support: internal: internal error

2026-06-28 02:27:29.397 [error] [LS Main stderr] E0628 02:27:29.397431 301928 log.go:398] failed to check terminal shell support: internal: internal error

2026-06-28 02:27:34.171 [error] [LS Main stderr] I0628 02:27:34.171453 301928 http_helpers.go:183] URL: https://daily-cloudcode-pa.googleapis.com/v1internal:streamGenerateContent?alt=sse Trace: 0xe5b45515e90c2845

2026-06-28 02:27:34.229 [error] [LS Main stderr] E0628 02:27:34.229315 301928 log.go:398] failed to check terminal shell support: internal: internal error

2026-06-28 02:27:34.231 [error] [LS Main stderr] E0628 02:27:34.231018 301928 log.go:398] failed to check terminal shell support: internal: internal error

2026-06-28 02:27:34.408 [error] [LS Main stderr] E0628 02:27:34.408253 301928 log.go:398] failed to check terminal shell support: internal: internal error

2026-06-28 02:27:34.410 [error] [LS Main stderr] E0628 02:27:34.410187 301928 log.go:398] failed to check terminal shell support: internal: internal error

2026-06-28 02:27:34.511 [error] [LS Main stderr] E0628 02:27:34.510508 301928 log.go:398] failed to check terminal shell support: internal: internal error

2026-06-28 02:27:34.512 [error] [LS Main stderr] E0628 02:27:34.512190 301928 log.go:398] failed to check terminal shell support: internal: internal error

2026-06-28 02:27:40.203 [error] [LS Main stderr] I0628 02:27:40.202912 301928 http_helpers.go:183] URL: https://daily-cloudcode-pa.googleapis.com/v1internal:streamGenerateContent?alt=sse Trace: 0x400799d40ba6a085

2026-06-28 02:27:40.255 [error] [LS Main stderr] E0628 02:27:40.255210 301928 log.go:398] failed to check terminal shell support: internal: internal error

2026-06-28 02:27:40.257 [error] [LS Main stderr] E0628 02:27:40.257062 301928 log.go:398] failed to check terminal shell support: internal: internal error

2026-06-28 02:27:44.554 [error] [LS Main stderr] E0628 02:27:44.554424 301928 log.go:398] failed to check terminal shell support: internal: internal error

2026-06-28 02:27:44.556 [error] [LS Main stderr] E0628 02:27:44.555986 301928 log.go:398] failed to check terminal shell support: internal: internal error

2026-06-28 02:27:45.606 [error] [LS Main stderr] I0628 02:27:45.606106 301928 http_helpers.go:183] URL: https://daily-cloudcode-pa.googleapis.com/v1internal:streamGenerateContent?alt=sse Trace: 0x81b35f9dc8d6a94e

2026-06-28 02:27:49.363 [error] [LS Main stderr] E0628 02:27:49.362909 301928 log.go:398] failed to check terminal shell support: internal: internal error

2026-06-28 02:27:49.364 [error] [LS Main stderr] E0628 02:27:49.364096 301928 log.go:398] failed to check terminal shell support: internal: internal error

2026-06-28 02:27:49.654 [error] [LS Main stderr] E0628 02:27:49.654101 301928 log.go:398] failed to check terminal shell support: internal: internal error

2026-06-28 02:27:49.655 [error] [LS Main stderr] E0628 02:27:49.655286 301928 log.go:398] failed to check terminal shell support: internal: internal error

2026-06-28 02:27:54.235 [error] [LS Main stderr] I0628 02:27:54.235593 301928 http_helpers.go:183] URL: https://daily-cloudcode-pa.googleapis.com/v1internal:streamGenerateContent?alt=sse Trace: 0xb93c33012f2a04cb

2026-06-28 02:27:54.325 [error] [LS Main stderr] I0628 02:27:54.325359 301928 http_helpers.go:183] URL: https://daily-cloudcode-pa.googleapis.com/v1internal:streamGenerateContent?alt=sse Trace: 0x7f60283a4503f171

2026-06-28 02:27:54.344 [error] [LS Main stderr] E0628 02:27:54.344111 301928 log.go:398] failed to check terminal shell support: internal: internal error

2026-06-28 02:27:54.346 [error] [LS Main stderr] E0628 02:27:54.346403 301928 log.go:398] failed to check terminal shell support: internal: internal error

2026-06-28 02:27:54.744 [error] [LS Main stderr] I0628 02:27:54.744144 301928 http_helpers.go:183] URL: https://daily-cloudcode-pa.googleapis.com/v1internal:streamGenerateContent?alt=sse Trace: 0xadefda32955f0955

2026-06-28 02:27:55.037 [error] [LS Main stderr] E0628 02:27:55.037332 301928 log.go:398] failed to check terminal shell support: internal: internal error

2026-06-28 02:27:55.039 [error] [LS Main stderr] E0628 02:27:55.038854 301928 log.go:398] failed to check terminal shell support: internal: internal error

2026-06-28 02:27:57.177 [error] [LS Main stderr] E0628 02:27:57.176917 301928 log.go:398] failed to check terminal shell support: internal: internal error

2026-06-28 02:27:57.179 [error] [LS Main stderr] E0628 02:27:57.179561 301928 log.go:398] failed to check terminal shell support: internal: internal error

2026-06-28 02:27:58.124 [error] [LS Main stderr] I0628 02:27:58.123797 301928 http_helpers.go:183] URL: https://daily-cloudcode-pa.googleapis.com/v1internal:streamGenerateContent?alt=sse Trace: 0x21ec5713f15c61f0

2026-06-28 02:27:58.204 [error] [LS Main stderr] I0628 02:27:58.204413 301928 http_helpers.go:183] URL: https://daily-cloudcode-pa.googleapis.com/v1internal:streamGenerateContent?alt=sse Trace: 0xd5394065c7396029

2026-06-28 02:28:02.018 [error] [LS Main stderr] I0628 02:28:02.018534 301928 http_helpers.go:183] URL: https://daily-cloudcode-pa.googleapis.com/v1internal:streamGenerateContent?alt=sse Trace: 0x9c99e673b53a59b7

2026-06-28 02:28:02.081 [error] [LS Main stderr] E0628 02:28:02.081159 301928 log.go:398] failed to check terminal shell support: internal: internal error

2026-06-28 02:28:02.082 [error] [LS Main stderr] E0628 02:28:02.082575 301928 log.go:398] failed to check terminal shell support: internal: internal error

2026-06-28 02:28:02.155 [error] [LS Main stderr] E0628 02:28:02.155269 301928 log.go:398] failed to check terminal shell support: internal: internal error

2026-06-28 02:28:02.157 [error] [LS Main stderr] E0628 02:28:02.157349 301928 log.go:398] failed to check terminal shell support: internal: internal error

2026-06-28 02:28:02.231 [error] [LS Main stderr] E0628 02:28:02.231544 301928 log.go:398] failed to check terminal shell support: internal: internal error

2026-06-28 02:28:02.236 [error] [LS Main stderr] E0628 02:28:02.236111 301928 log.go:398] failed to check terminal shell support: internal: internal error

2026-06-28 02:28:07.341 [error] [LS Main stderr] I0628 02:28:07.341065 301928 http_helpers.go:183] URL: https://daily-cloudcode-pa.googleapis.com/v1internal:streamGenerateContent?alt=sse Trace: 0x18a4ea7ee0d401ac

2026-06-28 02:28:07.390 [error] [LS Main stderr] E0628 02:28:07.390086 301928 log.go:398] failed to check terminal shell support: internal: internal error

2026-06-28 02:28:07.392 [error] [LS Main stderr] E0628 02:28:07.391649 301928 log.go:398] failed to check terminal shell support: internal: internal error

2026-06-28 02:28:08.569 [error] [LS Main stderr] E0628 02:28:08.569162 301928 log.go:398] failed to check terminal shell support: internal: internal error

2026-06-28 02:28:08.573 [error] [LS Main stderr] E0628 02:28:08.572884 301928 log.go:398] failed to check terminal shell support: internal: internal error

2026-06-28 02:28:08.696 [error] [LS Main stderr] E0628 02:28:08.696274 301928 log.go:398] failed to check terminal shell support: internal: internal error

2026-06-28 02:28:08.698 [error] [LS Main stderr] E0628 02:28:08.698366 301928 log.go:398] failed to check terminal shell support: internal: internal error

2026-06-28 02:28:08.708 [error] [LS Main stderr] E0628 02:28:08.707368 301928 log.go:398] failed to check terminal shell support: internal: internal error

2026-06-28 02:28:08.710 [error] [LS Main stderr] E0628 02:28:08.710278 301928 log.go:398] failed to check terminal shell support: internal: internal error

2026-06-28 02:28:08.739 [error] [LS Main stderr] E0628 02:28:08.739343 301928 log.go:398] failed to check terminal shell support: internal: internal error

2026-06-28 02:28:08.741 [error] [LS Main stderr] E0628 02:28:08.741125 301928 log.go:398] failed to check terminal shell support: internal: internal error

2026-06-28 02:28:14.064 [error] [LS Main stderr] I0628 02:28:14.064450 301928 http_helpers.go:183] URL: https://daily-cloudcode-pa.googleapis.com/v1internal:streamGenerateContent?alt=sse Trace: 0x7882ffa61159aa75

2026-06-28 02:28:14.107 [error] [LS Main stderr] E0628 02:28:14.107276 301928 log.go:398] failed to check terminal shell support: internal: internal error

2026-06-28 02:28:14.113 [error] [LS Main stderr] E0628 02:28:14.113388 301928 log.go:398] failed to check terminal shell support: internal: internal error

2026-06-28 02:28:14.799 [error] [LS Main stderr] E0628 02:28:14.798462 301928 log.go:398] failed to check terminal shell support: internal: internal error

2026-06-28 02:28:14.809 [error] [LS Main stderr] E0628 02:28:14.809012 301928 log.go:398] failed to check terminal shell support: internal: internal error

2026-06-28 02:28:23.460 [error] [LS Main stderr] E0628 02:28:23.459354 301928 log.go:398] failed to check terminal shell support: internal: internal error

2026-06-28 02:28:23.479 [error] [LS Main stderr] E0628 02:28:23.479473 301928 log.go:398] failed to check terminal shell support: internal: internal error

2026-06-28 02:28:26.751 [error] [LS Main stderr] I0628 02:28:26.751444 301928 http_helpers.go:183] URL: https://daily-cloudcode-pa.googleapis.com/v1internal:loadCodeAssist Trace: 0x918427459cfd28ce

2026-06-28 02:28:27.701 [error] [LS Main stderr] I0628 02:28:27.700879 301928 http_helpers.go:183] URL: https://daily-cloudcode-pa.googleapis.com/v1internal:fetchAvailableModels Trace: 0x7f012ea6ddcd8a97

2026-06-28 02:28:27.717 [error] [LS Main stderr] E0628 02:28:27.716531 301928 log.go:398] failed to check terminal shell support: internal: internal error

2026-06-28 02:28:27.723 [error] [LS Main stderr] E0628 02:28:27.721592 301928 log.go:398] failed to check terminal shell support: internal: internal error

2026-06-28 02:28:27.728 [error] [LS Main stderr] E0628 02:28:27.727458 301928 log.go:398] failed to check terminal shell support: internal: internal error

2026-06-28 02:28:27.735 [error] [LS Main stderr] E0628 02:28:27.733936 301928 log.go:398] failed to check terminal shell support: internal: internal error

2026-06-28 02:28:28.006 [error] [LS Main stderr] I0628 02:28:28.002423 301928 http_helpers.go:183] URL: https://daily-cloudcode-pa.googleapis.com/v1internal:streamGenerateContent?alt=sse Trace: 0x1558bba4e273c76c

2026-06-28 02:28:28.552 [error] [LS Main stderr] E0628 02:28:28.551469 301928 log.go:398] failed to check terminal shell support: internal: internal error

2026-06-28 02:28:28.558 [error] [LS Main stderr] E0628 02:28:28.557557 301928 log.go:398] failed to check terminal shell support: internal: internal error

2026-06-28 02:28:29.538 [error] [LS Main stderr] E0628 02:28:29.535540 301928 log.go:398] failed to check terminal shell support: internal: internal error

2026-06-28 02:28:29.564 [error] [LS Main stderr] E0628 02:28:29.563463 301928 log.go:398] failed to check terminal shell support: internal: internal error

2026-06-28 02:28:29.925 [error] [LS Main stderr] E0628 02:28:29.922492 301928 log.go:398] failed to check terminal shell support: internal: internal error

2026-06-28 02:28:30.249 [error] [LS Main stderr] E0628 02:28:30.247371 301928 log.go:398] failed to check terminal shell support: internal: internal error

2026-06-28 02:28:33.358 [error] [LS Main stderr] I0628 02:28:33.354319 301928 http_helpers.go:183] URL: https://daily-cloudcode-pa.googleapis.com/v1internal:streamGenerateContent?alt=sse Trace: 0xdd83a8b03cebea43

2026-06-28 02:28:33.368 [error] [LS Main stderr] I0628 02:28:33.359086 301928 http_helpers.go:183] URL: https://daily-cloudcode-pa.googleapis.com/v1internal:streamGenerateContent?alt=sse Trace: 0xab8e7dd17c933ae8

2026-06-28 02:28:34.990 [error] [LS Main stderr] I0628 02:28:34.989877 301928 http_helpers.go:183] URL: https://daily-cloudcode-pa.googleapis.com/v1internal:streamGenerateContent?alt=sse Trace: 0x57309aa112613faa

2026-06-28 02:28:35.552 [error] [LS Main stderr] E0628 02:28:35.552142 301928 log.go:398] failed to check terminal shell support: internal: internal error

2026-06-28 02:28:35.556 [error] [LS Main stderr] E0628 02:28:35.556145 301928 log.go:398] failed to check terminal shell support: internal: internal error

2026-06-28 02:28:40.484 [error] [LS Main stderr] E0628 02:28:40.484443 301928 log.go:398] failed to check terminal shell support: internal: internal error

2026-06-28 02:28:40.512 [error] [LS Main stderr] E0628 02:28:40.512446 301928 log.go:398] failed to check terminal shell support: internal: internal error

2026-06-28 02:28:40.735 [error] [LS Main stderr] E0628 02:28:40.733304 301928 log.go:398] failed to check terminal shell support: internal: internal error

2026-06-28 02:28:40.763 [error] [LS Main stderr] E0628 02:28:40.761445 301928 log.go:398] failed to check terminal shell support: internal: internal error

2026-06-28 02:28:41.254 [error] [LS Main stderr] E0628 02:28:41.251473 301928 log.go:398] failed to check terminal shell support: internal: internal error

2026-06-28 02:28:41.257 [error] [LS Main stderr] E0628 02:28:41.257500 301928 log.go:398] failed to check terminal shell support: internal: internal error

2026-06-28 02:28:41.371 [error] [LS Main stderr] I0628 02:28:41.370474 301928 http_helpers.go:183] URL: https://daily-cloudcode-pa.googleapis.com/v1internal:streamGenerateContent?alt=sse Trace: 0x3fc81402ba9fa3b3

2026-06-28 02:28:41.400 [error] [LS Main stderr] E0628 02:28:41.398481 301928 log.go:398] failed to check terminal shell support: internal: internal error

2026-06-28 02:28:41.407 [error] [LS Main stderr] E0628 02:28:41.407480 301928 log.go:398] failed to check terminal shell support: internal: internal error

2026-06-28 02:28:45.434 [error] [LS Main stderr] I0628 02:28:45.433502 301928 http_helpers.go:183] URL: https://daily-cloudcode-pa.googleapis.com/v1internal:streamGenerateContent?alt=sse Trace: 0x7655f0129bc24638

2026-06-28 02:28:45.889 [error] [LS Main stderr] E0628 02:28:45.886439 301928 log.go:398] failed to check terminal shell support: internal: internal error

2026-06-28 02:28:45.909 [error] [LS Main stderr] E0628 02:28:45.909513 301928 log.go:398] failed to check terminal shell support: internal: internal error

2026-06-28 02:28:46.312 [error] [LS Main stderr] E0628 02:28:46.311877 301928 log.go:398] failed to check terminal shell support: internal: internal error

2026-06-28 02:28:46.321 [error] [LS Main stderr] E0628 02:28:46.317739 301928 log.go:398] failed to check terminal shell support: internal: internal error

2026-06-28 02:28:46.985 [error] [LS Main stderr] E0628 02:28:46.985141 301928 log.go:398] failed to check terminal shell support: internal: internal error

2026-06-28 02:28:46.991 [error] [LS Main stderr] E0628 02:28:46.991462 301928 log.go:398] failed to check terminal shell support: internal: internal error

2026-06-28 02:28:48.020 [error] [LS Main stderr] E0628 02:28:48.020411 301928 log.go:398] failed to check terminal shell support: internal: internal error

2026-06-28 02:28:48.025 [error] [LS Main stderr] E0628 02:28:48.024371 301928 log.go:398] failed to check terminal shell support: internal: internal error

2026-06-28 02:28:49.835 [error] [LS Main stderr] I0628 02:28:49.835356 301928 http_helpers.go:183] URL: https://daily-cloudcode-pa.googleapis.com/v1internal:streamGenerateContent?alt=sse Trace: 0x7890e092a48419a1

2026-06-28 02:28:50.246 [error] [LS Main stderr] I0628 02:28:50.246282 301928 http_helpers.go:183] URL: https://daily-cloudcode-pa.googleapis.com/v1internal:streamGenerateContent?alt=sse Trace: 0xdee2eab7eff91caa

2026-06-28 02:28:51.579 [error] [LS Main stderr] I0628 02:28:51.579167 301928 http_helpers.go:183] URL: https://daily-cloudcode-pa.googleapis.com/v1internal:streamGenerateContent?alt=sse Trace: 0xde28b58da1fce590

2026-06-28 02:28:51.677 [error] [LS Main stderr] E0628 02:28:51.677076 301928 log.go:398] failed to check terminal shell support: internal: internal error

2026-06-28 02:28:51.682 [error] [LS Main stderr] E0628 02:28:51.681823 301928 log.go:398] failed to check terminal shell support: internal: internal error

2026-06-28 02:28:51.703 [error] [LS Main stderr] E0628 02:28:51.702970 301928 log.go:398] failed to check terminal shell support: internal: internal error

2026-06-28 02:28:51.705 [error] [LS Main stderr] E0628 02:28:51.705321 301928 log.go:398] failed to check terminal shell support: internal: internal error

2026-06-28 02:28:51.713 [error] [LS Main stderr] E0628 02:28:51.712369 301928 log.go:398] failed to check terminal shell support: internal: internal error

2026-06-28 02:28:51.715 [error] [LS Main stderr] E0628 02:28:51.715383 301928 log.go:398] failed to check terminal shell support: internal: internal error

2026-06-28 02:28:51.775 [error] [LS Main stderr] E0628 02:28:51.775373 301928 log.go:398] failed to check terminal shell support: internal: internal error

2026-06-28 02:28:51.777 [error] [LS Main stderr] E0628 02:28:51.777200 301928 log.go:398] failed to check terminal shell support: internal: internal error

2026-06-28 02:28:52.015 [error] [LS Main stderr] E0628 02:28:52.015113 301928 log.go:398] failed to check terminal shell support: internal: internal error

2026-06-28 02:28:52.017 [error] [LS Main stderr] E0628 02:28:52.017169 301928 log.go:398] failed to check terminal shell support: internal: internal error

2026-06-28 02:28:55.084 [error] [LS Main stderr] I0628 02:28:55.084315 301928 http_helpers.go:183] URL: https://daily-cloudcode-pa.googleapis.com/v1internal:streamGenerateContent?alt=sse Trace: 0xa77494d7a94fa78e

2026-06-28 02:28:56.904 [error] [LS Main stderr] I0628 02:28:56.904509 301928 http_helpers.go:183] URL: https://daily-cloudcode-pa.googleapis.com/v1internal:streamGenerateContent?alt=sse Trace: 0xe2c98fc97b954f6b

2026-06-28 02:28:56.962 [error] [LS Main stderr] E0628 02:28:56.962366 301928 log.go:398] failed to check terminal shell support: internal: internal error

2026-06-28 02:28:56.968 [error] [LS Main stderr] E0628 02:28:56.968129 301928 log.go:398] failed to check terminal shell support: internal: internal error

2026-06-28 02:28:57.415 [error] [LS Main stderr] E0628 02:28:57.411846 301928 log.go:398] failed to check terminal shell support: internal: internal error

2026-06-28 02:28:57.421 [error] [LS Main stderr] E0628 02:28:57.421196 301928 log.go:398] failed to check terminal shell support: internal: internal error

2026-06-28 02:28:57.594 [error] [LS Main stderr] E0628 02:28:57.594181 301928 log.go:398] failed to check terminal shell support: internal: internal error

2026-06-28 02:28:57.596 [error] [LS Main stderr] E0628 02:28:57.596446 301928 log.go:398] failed to check terminal shell support: internal: internal error

2026-06-28 02:29:02.432 [error] [LS Main stderr] I0628 02:29:02.432631 301928 http_helpers.go:183] URL: https://daily-cloudcode-pa.googleapis.com/v1internal:streamGenerateContent?alt=sse Trace: 0xd232f1f0fbc909b3

2026-06-28 02:29:02.504 [error] [LS Main stderr] E0628 02:29:02.504193 301928 log.go:398] failed to check terminal shell support: internal: internal error

2026-06-28 02:29:02.512 [error] [LS Main stderr] E0628 02:29:02.512350 301928 log.go:398] failed to check terminal shell support: internal: internal error

2026-06-28 02:29:02.601 [error] [LS Main stderr] E0628 02:29:02.601837 301928 log.go:398] failed to check terminal shell support: internal: internal error

2026-06-28 02:29:02.604 [error] [LS Main stderr] E0628 02:29:02.604283 301928 log.go:398] failed to check terminal shell support: internal: internal error

2026-06-28 02:29:02.662 [error] [LS Main stderr] E0628 02:29:02.660982 301928 log.go:398] failed to check terminal shell support: internal: internal error

2026-06-28 02:29:02.663 [error] [LS Main stderr] E0628 02:29:02.663415 301928 log.go:398] failed to check terminal shell support: internal: internal error

2026-06-28 02:29:03.015 [error] [LS Main stderr] E0628 02:29:03.014699 301928 log.go:398] failed to check terminal shell support: internal: internal error

2026-06-28 02:29:03.017 [error] [LS Main stderr] E0628 02:29:03.017019 301928 log.go:398] failed to check terminal shell support: internal: internal error

2026-06-28 02:29:04.690 [error] [LS Main stderr] I0628 02:29:04.689720 301928 http_helpers.go:183] URL: https://daily-cloudcode-pa.googleapis.com/v1internal:streamGenerateContent?alt=sse Trace: 0xd6670accca3a1355

2026-06-28 02:29:04.750 [error] [LS Main stderr] I0628 02:29:04.749873 301928 http_helpers.go:183] URL: https://daily-cloudcode-pa.googleapis.com/v1internal:streamGenerateContent?alt=sse Trace: 0x776339c92a904bdf

2026-06-28 02:29:06.170 [error] [LS Main stderr] I0628 02:29:06.170201 301928 http_helpers.go:183] URL: https://daily-cloudcode-pa.googleapis.com/v1internal:streamGenerateContent?alt=sse Trace: 0x95411992f5932443

2026-06-28 02:29:06.342 [error] [LS Main stderr] I0628 02:29:06.341904 301928 http_helpers.go:183] URL: https://daily-cloudcode-pa.googleapis.com/v1internal:streamGenerateContent?alt=sse Trace: 0x6d3c018195c05603

2026-06-28 02:29:07.552 [error] [LS Main stderr] I0628 02:29:07.552833 301928 http_helpers.go:183] URL: https://daily-cloudcode-pa.googleapis.com/v1internal:streamGenerateContent?alt=sse Trace: 0x7400bea031a7f944
I0628 02:29:07.552883 301928 http_helpers.go:183] URL: https://daily-cloudcode-pa.googleapis.com/v1internal:streamGenerateContent?alt=sse Trace: 0xa1b8ff216f5b0a04

2026-06-28 02:29:07.608 [error] [LS Main stderr] E0628 02:29:07.608424 301928 log.go:398] failed to check terminal shell support: internal: internal error

2026-06-28 02:29:07.610 [error] [LS Main stderr] E0628 02:29:07.609936 301928 log.go:398] failed to check terminal shell support: internal: internal error

2026-06-28 02:29:07.903 [error] [LS Main stderr] E0628 02:29:07.903400 301928 log.go:398] failed to check terminal shell support: internal: internal error

2026-06-28 02:29:07.906 [error] [LS Main stderr] E0628 02:29:07.906004 301928 log.go:398] failed to check terminal shell support: internal: internal error

2026-06-28 02:29:07.959 [error] [LS Main stderr] E0628 02:29:07.959112 301928 log.go:398] failed to check terminal shell support: internal: internal error

2026-06-28 02:29:07.961 [error] [LS Main stderr] E0628 02:29:07.961474 301928 log.go:398] failed to check terminal shell support: internal: internal error

2026-06-28 02:29:10.060 [error] [LS Main stderr] E0628 02:29:10.060548 301928 log.go:398] failed to check terminal shell support: internal: internal error

2026-06-28 02:29:10.062 [error] [LS Main stderr] E0628 02:29:10.062077 301928 log.go:398] failed to check terminal shell support: internal: internal error

2026-06-28 02:29:12.878 [error] [LS Main stderr] I0628 02:29:12.878011 301928 http_helpers.go:183] URL: https://daily-cloudcode-pa.googleapis.com/v1internal:streamGenerateContent?alt=sse Trace: 0x6438cd91080bbf81

2026-06-28 02:29:12.946 [error] [LS Main stderr] E0628 02:29:12.946373 301928 log.go:398] failed to check terminal shell support: internal: internal error

2026-06-28 02:29:12.948 [error] [LS Main stderr] E0628 02:29:12.948464 301928 log.go:398] failed to check terminal shell support: internal: internal error

2026-06-28 02:29:13.363 [error] [LS Main stderr] E0628 02:29:13.363355 301928 log.go:398] failed to check terminal shell support: internal: internal error

2026-06-28 02:29:13.369 [error] [LS Main stderr] E0628 02:29:13.369010 301928 log.go:398] failed to check terminal shell support: internal: internal error

2026-06-28 02:29:13.479 [error] [LS Main stderr] E0628 02:29:13.479823 301928 log.go:398] failed to check terminal shell support: internal: internal error

2026-06-28 02:29:13.483 [error] [LS Main stderr] E0628 02:29:13.482984 301928 log.go:398] failed to check terminal shell support: internal: internal error

2026-06-28 02:29:13.496 [error] [LS Main stderr] E0628 02:29:13.496358 301928 log.go:398] failed to check terminal shell support: internal: internal error

2026-06-28 02:29:13.499 [error] [LS Main stderr] E0628 02:29:13.498962 301928 log.go:398] failed to check terminal shell support: internal: internal error

2026-06-28 02:29:13.519 [error] [LS Main stderr] E0628 02:29:13.519707 301928 log.go:398] failed to check terminal shell support: internal: internal error

2026-06-28 02:29:13.521 [error] [LS Main stderr] E0628 02:29:13.521197 301928 log.go:398] failed to check terminal shell support: internal: internal error

2026-06-28 02:29:14.021 [error] [LS Main stderr] E0628 02:29:14.020393 301928 log.go:398] failed to check terminal shell support: internal: internal error

2026-06-28 02:29:14.025 [error] [LS Main stderr] E0628 02:29:14.025602 301928 log.go:398] failed to check terminal shell support: internal: internal error

2026-06-28 02:29:18.201 [error] [LS Main stderr] I0628 02:29:18.201508 301928 http_helpers.go:183] URL: https://daily-cloudcode-pa.googleapis.com/v1internal:streamGenerateContent?alt=sse Trace: 0xb63e9b576b61e538

2026-06-28 02:29:18.252 [error] [LS Main stderr] E0628 02:29:18.251904 301928 log.go:398] failed to check terminal shell support: internal: internal error

2026-06-28 02:29:18.253 [error] [LS Main stderr] E0628 02:29:18.253081 301928 log.go:398] failed to check terminal shell support: internal: internal error

2026-06-28 02:29:18.509 [error] [LS Main stderr] I0628 02:29:18.509334 301928 http_helpers.go:183] URL: https://daily-cloudcode-pa.googleapis.com/v1internal:streamGenerateContent?alt=sse Trace: 0x354c3a0660a7ffd9

2026-06-28 02:29:18.918 [error] [LS Main stderr] I0628 02:29:18.918503 301928 http_helpers.go:183] URL: https://daily-cloudcode-pa.googleapis.com/v1internal:streamGenerateContent?alt=sse Trace: 0x2dcf3ee696b49ae3

2026-06-28 02:29:20.148 [error] [LS Main stderr] I0628 02:29:20.148368 301928 http_helpers.go:183] URL: https://daily-cloudcode-pa.googleapis.com/v1internal:streamGenerateContent?alt=sse Trace: 0xdfd08e939fe49959

2026-06-28 02:29:21.977 [error] [LS Main stderr] E0628 02:29:21.977406 301928 log.go:398] failed to check terminal shell support: internal: internal error

2026-06-28 02:29:21.979 [error] [LS Main stderr] E0628 02:29:21.979353 301928 log.go:398] failed to check terminal shell support: internal: internal error

2026-06-28 02:29:22.039 [error] [LS Main stderr] E0628 02:29:22.039132 301928 log.go:398] failed to check terminal shell support: internal: internal error

2026-06-28 02:29:22.040 [error] [LS Main stderr] E0628 02:29:22.040356 301928 log.go:398] failed to check terminal shell support: internal: internal error

2026-06-28 02:29:26.088 [error] [LS Main stderr] I0628 02:29:26.088018 301928 http_helpers.go:183] URL: https://daily-cloudcode-pa.googleapis.com/v1internal:streamGenerateContent?alt=sse Trace: 0xf18bbc3e198672f2

2026-06-28 02:29:26.412 [error] [LS Main stderr] I0628 02:29:26.412610 301928 http_helpers.go:183] URL: https://daily-cloudcode-pa.googleapis.com/v1internal:streamGenerateContent?alt=sse Trace: 0xe0080e606d01ca4e

2026-06-28 02:29:26.905 [error] [LS Main stderr] I0628 02:29:26.905601 301928 http_helpers.go:183] URL: https://daily-cloudcode-pa.googleapis.com/v1internal:streamGenerateContent?alt=sse Trace: 0x744d158dd9fe1da7

2026-06-28 02:29:26.973 [error] [LS Main stderr] E0628 02:29:26.973528 301928 log.go:398] failed to check terminal shell support: internal: internal error

2026-06-28 02:29:26.977 [error] [LS Main stderr] E0628 02:29:26.976456 301928 log.go:398] failed to check terminal shell support: internal: internal error

2026-06-28 02:29:27.645 [error] [LS Main stderr] I0628 02:29:27.645804 301928 http_helpers.go:183] URL: https://daily-cloudcode-pa.googleapis.com/v1internal:streamGenerateContent?alt=sse Trace: 0x667ad55bf56e3d8a

2026-06-28 02:29:29.442 [error] [LS Main stderr] E0628 02:29:29.442423 301928 log.go:398] failed to check terminal shell support: internal: internal error

2026-06-28 02:29:29.444 [error] [LS Main stderr] E0628 02:29:29.443984 301928 log.go:398] failed to check terminal shell support: internal: internal error

2026-06-28 02:29:29.497 [error] [LS Main stderr] E0628 02:29:29.497003 301928 log.go:398] failed to check terminal shell support: internal: internal error

2026-06-28 02:29:29.501 [error] [LS Main stderr] E0628 02:29:29.501192 301928 log.go:398] failed to check terminal shell support: internal: internal error

2026-06-28 02:29:29.527 [error] [LS Main stderr] E0628 02:29:29.527404 301928 log.go:398] failed to check terminal shell support: internal: internal error

2026-06-28 02:29:29.529 [error] [LS Main stderr] E0628 02:29:29.529291 301928 log.go:398] failed to check terminal shell support: internal: internal error

2026-06-28 02:29:29.547 [error] [LS Main stderr] E0628 02:29:29.546392 301928 log.go:398] failed to check terminal shell support: internal: internal error

2026-06-28 02:29:29.549 [error] [LS Main stderr] E0628 02:29:29.549389 301928 log.go:398] failed to check terminal shell support: internal: internal error

2026-06-28 02:29:29.599 [error] [LS Main stderr] I0628 02:29:29.599818 301928 http_helpers.go:183] URL: https://daily-cloudcode-pa.googleapis.com/v1internal:streamGenerateContent?alt=sse Trace: 0xbc595825d0b0088f

2026-06-28 02:29:29.871 [error] [LS Main stderr] I0628 02:29:29.871231 301928 http_helpers.go:183] URL: https://daily-cloudcode-pa.googleapis.com/v1internal:streamGenerateContent?alt=sse Trace: 0x704f021040adde9a

2026-06-28 02:29:33.973 [error] [LS Main stderr] I0628 02:29:33.973178 301928 http_helpers.go:183] URL: https://daily-cloudcode-pa.googleapis.com/v1internal:streamGenerateContent?alt=sse Trace: 0x9393a71f4c2b180f

2026-06-28 02:29:34.028 [error] [LS Main stderr] E0628 02:29:34.028408 301928 log.go:398] failed to check terminal shell support: internal: internal error

2026-06-28 02:29:34.030 [error] [LS Main stderr] E0628 02:29:34.029985 301928 log.go:398] failed to check terminal shell support: internal: internal error

2026-06-28 02:29:36.022 [error] [LS Main stderr] I0628 02:29:36.021985 301928 http_helpers.go:183] URL: https://daily-cloudcode-pa.googleapis.com/v1internal:streamGenerateContent?alt=sse Trace: 0x9873f63bfd5f1e6c

2026-06-28 02:29:36.922 [error] [LS Main stderr] E0628 02:29:36.922940 301928 log.go:398] failed to check terminal shell support: internal: internal error

2026-06-28 02:29:36.924 [error] [LS Main stderr] E0628 02:29:36.923957 301928 log.go:398] failed to check terminal shell support: internal: internal error

2026-06-28 02:29:37.048 [error] [LS Main stderr] E0628 02:29:37.047885 301928 log.go:398] failed to check terminal shell support: internal: internal error

2026-06-28 02:29:37.050 [error] [LS Main stderr] E0628 02:29:37.050037 301928 log.go:398] failed to check terminal shell support: internal: internal error

2026-06-28 02:29:37.080 [error] [LS Main stderr] E0628 02:29:37.079911 301928 log.go:398] failed to check terminal shell support: internal: internal error

2026-06-28 02:29:37.082 [error] [LS Main stderr] E0628 02:29:37.082110 301928 log.go:398] failed to check terminal shell support: internal: internal error

2026-06-28 02:29:37.094 [error] [LS Main stderr] I0628 02:29:37.094495 301928 http_helpers.go:183] URL: https://daily-cloudcode-pa.googleapis.com/v1internal:streamGenerateContent?alt=sse Trace: 0x462aac1303a146e3

2026-06-28 02:29:37.136 [error] [LS Main stderr] E0628 02:29:37.135386 301928 log.go:398] failed to check terminal shell support: internal: internal error

2026-06-28 02:29:37.137 [error] [LS Main stderr] E0628 02:29:37.137381 301928 log.go:398] failed to check terminal shell support: internal: internal error

2026-06-28 02:29:37.760 [error] [LS Main stderr] I0628 02:29:37.760099 301928 http_helpers.go:183] URL: https://daily-cloudcode-pa.googleapis.com/v1internal:streamGenerateContent?alt=sse Trace: 0x592c9659fb94912a

2026-06-28 02:29:38.785 [error] [LS Main stderr] I0628 02:29:38.785335 301928 http_helpers.go:183] URL: https://daily-cloudcode-pa.googleapis.com/v1internal:streamGenerateContent?alt=sse Trace: 0x58edaff3d7bae464

2026-06-28 02:29:41.157 [error] [LS Main stderr] I0628 02:29:41.156963 301928 http_helpers.go:183] URL: https://daily-cloudcode-pa.googleapis.com/v1internal:streamGenerateContent?alt=sse Trace: 0xaebbeacd1a64955d

2026-06-28 02:29:41.207 [error] [LS Main stderr] E0628 02:29:41.207352 301928 log.go:398] failed to check terminal shell support: internal: internal error

2026-06-28 02:29:41.208 [error] [LS Main stderr] E0628 02:29:41.208683 301928 log.go:398] failed to check terminal shell support: internal: internal error

2026-06-28 02:29:42.881 [error] [LS Main stderr] E0628 02:29:42.881289 301928 log.go:398] failed to check terminal shell support: internal: internal error

2026-06-28 02:29:42.884 [error] [LS Main stderr] E0628 02:29:42.884330 301928 log.go:398] failed to check terminal shell support: internal: internal error

2026-06-28 02:29:43.026 [error] [LS Main stderr] E0628 02:29:43.024939 301928 log.go:398] failed to check terminal shell support: internal: internal error

2026-06-28 02:29:43.028 [error] [LS Main stderr] E0628 02:29:43.028364 301928 log.go:398] failed to check terminal shell support: internal: internal error

2026-06-28 02:29:48.658 [error] [LS Main stderr] E0628 02:29:48.658337 301928 log.go:398] failed to check terminal shell support: internal: internal error

2026-06-28 02:29:48.663 [error] [LS Main stderr] E0628 02:29:48.663175 301928 log.go:398] failed to check terminal shell support: internal: internal error

2026-06-28 02:29:48.665 [error] [LS Main stderr] E0628 02:29:48.665053 301928 log.go:398] failed to check terminal shell support: internal: internal error

2026-06-28 02:29:48.668 [error] [LS Main stderr] E0628 02:29:48.666816 301928 log.go:398] failed to check terminal shell support: internal: internal error

2026-06-28 02:29:54.043 [error] [LS Main stderr] I0628 02:29:54.043476 301928 http_helpers.go:183] URL: https://daily-cloudcode-pa.googleapis.com/v1internal:streamGenerateContent?alt=sse Trace: 0x62da9dc9573e1a4c

2026-06-28 02:29:54.043 [error] [LS Main stderr] I0628 02:29:54.043752 301928 http_helpers.go:183] URL: https://daily-cloudcode-pa.googleapis.com/v1internal:streamGenerateContent?alt=sse Trace: 0xbb303e8c28e59143

2026-06-28 02:31:47.039 [error] [LS Main stderr] E0628 02:31:47.039550 301928 log.go:398] failed to check terminal shell support: internal: internal error

2026-06-28 02:31:47.041 [error] [LS Main stderr] E0628 02:31:47.041270 301928 log.go:398] failed to check terminal shell support: internal: internal error

2026-06-28 02:31:47.052 [error] [LS Main stderr] E0628 02:31:47.052458 301928 log.go:398] failed to check terminal shell support: internal: internal error

2026-06-28 02:31:47.067 [error] [LS Main stderr] E0628 02:31:47.067045 301928 log.go:398] failed to check terminal shell support: internal: internal error

2026-06-28 02:31:47.069 [error] [LS Main stderr] E0628 02:31:47.069099 301928 log.go:398] failed to check terminal shell support: internal: internal error

2026-06-28 02:31:47.081 [error] [LS Main stderr] E0628 02:31:47.080329 301928 log.go:398] failed to check terminal shell support: internal: internal error

2026-06-28 02:31:47.083 [error] [LS Main stderr] E0628 02:31:47.082944 301928 log.go:398] failed to check terminal shell support: internal: internal error

2026-06-28 02:31:47.248 [error] [LS Main stderr] E0628 02:31:47.247772 301928 log.go:398] failed to check terminal shell support: internal: internal error

2026-06-28 02:31:47.250 [error] [LS Main stderr] E0628 02:31:47.249681 301928 log.go:398] failed to check terminal shell support: internal: internal error

2026-06-28 02:31:47.252 [error] [LS Main stderr] E0628 02:31:47.251743 301928 log.go:398] failed to check terminal shell support: internal: internal error

2026-06-28 02:31:47.255 [error] [LS Main stderr] E0628 02:31:47.254412 301928 log.go:398] failed to check terminal shell support: internal: internal error

2026-06-28 02:31:47.266 [error] [LS Main stderr] E0628 02:31:47.266680 301928 log.go:398] failed to check terminal shell support: internal: internal error

2026-06-28 02:31:47.268 [error] [LS Main stderr] E0628 02:31:47.268292 301928 log.go:398] failed to check terminal shell support: internal: internal error

2026-06-28 02:31:47.302 [error] [LS Main stderr] E0628 02:31:47.302369 301928 log.go:398] failed to check terminal shell support: internal: internal error

2026-06-28 02:31:47.303 [error] [LS Main stderr] E0628 02:31:47.303709 301928 log.go:398] failed to check terminal shell support: internal: internal error

2026-06-28 02:31:48.022 [error] [LS Main stderr] E0628 02:31:48.021877 301928 log.go:398] failed to check terminal shell support: internal: internal error

2026-06-28 02:31:48.024 [error] [LS Main stderr] E0628 02:31:48.023939 301928 log.go:398] failed to check terminal shell support: internal: internal error

2026-06-28 02:31:52.520 [error] [LS Main stderr] I0628 02:31:52.520164 301928 http_helpers.go:183] URL: https://daily-cloudcode-pa.googleapis.com/v1internal:streamGenerateContent?alt=sse Trace: 0x13e221c20e501c7b

2026-06-28 02:31:52.570 [error] [LS Main stderr] E0628 02:31:52.570459 301928 log.go:398] failed to check terminal shell support: internal: internal error

2026-06-28 02:31:52.573 [error] [LS Main stderr] E0628 02:31:52.573465 301928 log.go:398] failed to check terminal shell support: internal: internal error

2026-06-28 02:31:53.217 [error] [LS Main stderr] E0628 02:31:53.217507 301928 log.go:398] failed to check terminal shell support: internal: internal error

2026-06-28 02:31:53.221 [error] [LS Main stderr] E0628 02:31:53.219792 301928 log.go:398] failed to check terminal shell support: internal: internal error

2026-06-28 02:31:53.314 [error] [LS Main stderr] E0628 02:31:53.313720 301928 log.go:398] failed to check terminal shell support: internal: internal error

2026-06-28 02:31:53.316 [error] [LS Main stderr] E0628 02:31:53.316131 301928 log.go:398] failed to check terminal shell support: internal: internal error

2026-06-28 02:31:58.313 [error] [LS Main stderr] I0628 02:31:58.312827 301928 http_helpers.go:183] URL: https://daily-cloudcode-pa.googleapis.com/v1internal:streamGenerateContent?alt=sse Trace: 0xebc0407c8bf6500c

2026-06-28 02:31:58.368 [error] [LS Main stderr] E0628 02:31:58.368560 301928 log.go:398] failed to check terminal shell support: internal: internal error

2026-06-28 02:31:58.376 [error] [LS Main stderr] E0628 02:31:58.375271 301928 log.go:398] failed to check terminal shell support: internal: internal error

2026-06-28 02:31:58.523 [error] [LS Main stderr] E0628 02:31:58.521047 301928 log.go:398] failed to check terminal shell support: internal: internal error

2026-06-28 02:31:58.524 [error] [LS Main stderr] E0628 02:31:58.524301 301928 log.go:398] failed to check terminal shell support: internal: internal error

2026-06-28 02:31:58.594 [error] [LS Main stderr] E0628 02:31:58.594133 301928 log.go:398] failed to check terminal shell support: internal: internal error

2026-06-28 02:31:58.595 [error] [LS Main stderr] E0628 02:31:58.595561 301928 log.go:398] failed to check terminal shell support: internal: internal error

2026-06-28 02:32:03.377 [error] [LS Main stderr] I0628 02:32:03.377623 301928 http_helpers.go:183] URL: https://daily-cloudcode-pa.googleapis.com/v1internal:streamGenerateContent?alt=sse Trace: 0xe3bb406b44f245f3

2026-06-28 02:32:03.447 [error] [LS Main stderr] E0628 02:32:03.447006 301928 log.go:398] failed to check terminal shell support: internal: internal error

2026-06-28 02:32:03.453 [error] [LS Main stderr] E0628 02:32:03.453098 301928 log.go:398] failed to check terminal shell support: internal: internal error

2026-06-28 02:32:03.770 [error] [LS Main stderr] E0628 02:32:03.770544 301928 log.go:398] failed to check terminal shell support: internal: internal error

2026-06-28 02:32:03.771 [error] [LS Main stderr] E0628 02:32:03.771760 301928 log.go:398] failed to check terminal shell support: internal: internal error

2026-06-28 02:32:03.828 [error] [LS Main stderr] E0628 02:32:03.827524 301928 log.go:398] failed to check terminal shell support: internal: internal error

2026-06-28 02:32:03.831 [error] [LS Main stderr] E0628 02:32:03.830503 301928 log.go:398] failed to check terminal shell support: internal: internal error

2026-06-28 02:32:09.109 [error] [LS Main stderr] I0628 02:32:09.109497 301928 http_helpers.go:183] URL: https://daily-cloudcode-pa.googleapis.com/v1internal:streamGenerateContent?alt=sse Trace: 0xb14aa3b879c5813

2026-06-28 02:32:09.172 [error] [LS Main stderr] E0628 02:32:09.172330 301928 log.go:398] failed to check terminal shell support: internal: internal error

2026-06-28 02:32:09.173 [error] [LS Main stderr] E0628 02:32:09.173456 301928 log.go:398] failed to check terminal shell support: internal: internal error

2026-06-28 02:32:09.314 [error] [LS Main stderr] E0628 02:32:09.314340 301928 log.go:398] failed to check terminal shell support: internal: internal error

2026-06-28 02:32:09.316 [error] [LS Main stderr] E0628 02:32:09.316354 301928 log.go:398] failed to check terminal shell support: internal: internal error

2026-06-28 02:32:09.353 [error] [LS Main stderr] E0628 02:32:09.352732 301928 log.go:398] failed to check terminal shell support: internal: internal error

2026-06-28 02:32:09.354 [error] [LS Main stderr] E0628 02:32:09.354328 301928 log.go:398] failed to check terminal shell support: internal: internal error

2026-06-28 02:32:14.182 [error] [LS Main stderr] I0628 02:32:14.181864 301928 http_helpers.go:183] URL: https://daily-cloudcode-pa.googleapis.com/v1internal:streamGenerateContent?alt=sse Trace: 0x7c69e03a7c7b43d9

2026-06-28 02:32:14.289 [error] [LS Main stderr] E0628 02:32:14.289181 301928 log.go:398] failed to check terminal shell support: internal: internal error

2026-06-28 02:32:14.291 [error] [LS Main stderr] E0628 02:32:14.290987 301928 log.go:398] failed to check terminal shell support: internal: internal error

2026-06-28 02:32:14.349 [error] [LS Main stderr] E0628 02:32:14.349528 301928 log.go:398] failed to check terminal shell support: internal: internal error

2026-06-28 02:32:14.351 [error] [LS Main stderr] E0628 02:32:14.351343 301928 log.go:398] failed to check terminal shell support: internal: internal error

2026-06-28 02:32:14.372 [error] [LS Main stderr] E0628 02:32:14.372121 301928 log.go:398] failed to check terminal shell support: internal: internal error

2026-06-28 02:32:14.373 [error] [LS Main stderr] E0628 02:32:14.373535 301928 log.go:398] failed to check terminal shell support: internal: internal error

2026-06-28 02:32:19.964 [error] [LS Main stderr] I0628 02:32:19.964598 301928 http_helpers.go:183] URL: https://daily-cloudcode-pa.googleapis.com/v1internal:streamGenerateContent?alt=sse Trace: 0xd7ada22cf7be920e

2026-06-28 02:32:20.021 [error] [LS Main stderr] E0628 02:32:20.021037 301928 log.go:398] failed to check terminal shell support: internal: internal error

2026-06-28 02:32:20.023 [error] [LS Main stderr] E0628 02:32:20.022901 301928 log.go:398] failed to check terminal shell support: internal: internal error

2026-06-28 02:32:21.100 [error] [LS Main stderr] E0628 02:32:21.100328 301928 log.go:398] failed to check terminal shell support: internal: internal error

2026-06-28 02:32:21.102 [error] [LS Main stderr] E0628 02:32:21.102029 301928 log.go:398] failed to check terminal shell support: internal: internal error

2026-06-28 02:32:25.494 [error] [LS Main stderr] I0628 02:32:25.494154 301928 http_helpers.go:183] URL: https://daily-cloudcode-pa.googleapis.com/v1internal:generateContent Trace: 0xa1f073fd16e3cbda

2026-06-28 02:32:25.648 [error] [LS Main stderr] E0628 02:32:25.648419 301928 log.go:398] failed to check terminal shell support: internal: internal error

2026-06-28 02:32:25.657 [error] [LS Main stderr] E0628 02:32:25.657193 301928 log.go:398] failed to check terminal shell support: internal: internal error

2026-06-28 02:32:30.613 [error] [LS Main stderr] I0628 02:32:30.613614 301928 http_helpers.go:183] URL: https://daily-cloudcode-pa.googleapis.com/v1internal:streamGenerateContent?alt=sse Trace: 0x4c1c3601db0a0b9f

2026-06-28 02:32:30.676 [error] [LS Main stderr] E0628 02:32:30.676414 301928 log.go:398] failed to check terminal shell support: internal: internal error

2026-06-28 02:32:30.678 [error] [LS Main stderr] E0628 02:32:30.678378 301928 log.go:398] failed to check terminal shell support: internal: internal error

2026-06-28 02:32:31.804 [error] [LS Main stderr] E0628 02:32:31.804798 301928 log.go:398] failed to check terminal shell support: internal: internal error

2026-06-28 02:32:31.806 [error] [LS Main stderr] E0628 02:32:31.806493 301928 log.go:398] failed to check terminal shell support: internal: internal error

2026-06-28 02:32:31.921 [error] [LS Main stderr] E0628 02:32:31.921093 301928 log.go:398] failed to check terminal shell support: internal: internal error

2026-06-28 02:32:31.922 [error] [LS Main stderr] E0628 02:32:31.922205 301928 log.go:398] failed to check terminal shell support: internal: internal error

2026-06-28 02:32:37.169 [error] [LS Main stderr] I0628 02:32:37.169061 301928 http_helpers.go:183] URL: https://daily-cloudcode-pa.googleapis.com/v1internal:streamGenerateContent?alt=sse Trace: 0x95a4f9370e6e10e0

2026-06-28 02:32:37.252 [error] [LS Main stderr] E0628 02:32:37.252004 301928 log.go:398] failed to check terminal shell support: internal: internal error

2026-06-28 02:32:37.254 [error] [LS Main stderr] E0628 02:32:37.254365 301928 log.go:398] failed to check terminal shell support: internal: internal error

2026-06-28 02:32:37.334 [error] [LS Main stderr] E0628 02:32:37.333982 301928 log.go:398] failed to check terminal shell support: internal: internal error

2026-06-28 02:32:37.336 [error] [LS Main stderr] E0628 02:32:37.336306 301928 log.go:398] failed to check terminal shell support: internal: internal error

2026-06-28 02:32:39.327 [error] [LS Main stderr] E0628 02:32:39.327808 301928 log.go:398] failed to check terminal shell support: internal: internal error

2026-06-28 02:32:39.330 [error] [LS Main stderr] E0628 02:32:39.330227 301928 log.go:398] failed to check terminal shell support: internal: internal error

2026-06-28 02:32:44.335 [error] [LS Main stderr] I0628 02:32:44.335464 301928 http_helpers.go:183] URL: https://daily-cloudcode-pa.googleapis.com/v1internal:streamGenerateContent?alt=sse Trace: 0xef82ee90dca4780b

2026-06-28 02:32:44.394 [error] [LS Main stderr] E0628 02:32:44.394268 301928 log.go:398] failed to check terminal shell support: internal: internal error

2026-06-28 02:32:44.397 [error] [LS Main stderr] E0628 02:32:44.397088 301928 log.go:398] failed to check terminal shell support: internal: internal error

2026-06-28 02:32:46.754 [error] [LS Main stderr] E0628 02:32:46.754377 301928 log.go:398] failed to check terminal shell support: internal: internal error

2026-06-28 02:32:46.758 [error] [LS Main stderr] E0628 02:32:46.756791 301928 log.go:398] failed to check terminal shell support: internal: internal error

2026-06-28 02:32:46.863 [error] [LS Main stderr] E0628 02:32:46.863367 301928 log.go:398] failed to check terminal shell support: internal: internal error

2026-06-28 02:32:46.864 [error] [LS Main stderr] E0628 02:32:46.864634 301928 log.go:398] failed to check terminal shell support: internal: internal error

2026-06-28 02:32:52.449 [error] [LS Main stderr] I0628 02:32:52.449040 301928 http_helpers.go:183] URL: https://daily-cloudcode-pa.googleapis.com/v1internal:streamGenerateContent?alt=sse Trace: 0xbb462e8f779e50f6

2026-06-28 02:32:52.499 [error] [LS Main stderr] E0628 02:32:52.498967 301928 log.go:398] failed to check terminal shell support: internal: internal error

2026-06-28 02:32:52.500 [error] [LS Main stderr] E0628 02:32:52.500203 301928 log.go:398] failed to check terminal shell support: internal: internal error

2026-06-28 02:32:53.024 [error] [LS Main stderr] E0628 02:32:53.024332 301928 log.go:398] failed to check terminal shell support: internal: internal error

2026-06-28 02:32:53.028 [error] [LS Main stderr] E0628 02:32:53.027462 301928 log.go:398] failed to check terminal shell support: internal: internal error

2026-06-28 02:32:53.139 [error] [LS Main stderr] E0628 02:32:53.138891 301928 log.go:398] failed to check terminal shell support: internal: internal error

2026-06-28 02:32:53.142 [error] [LS Main stderr] E0628 02:32:53.141962 301928 log.go:398] failed to check terminal shell support: internal: internal error

2026-06-28 02:32:57.985 [error] [LS Main stderr] I0628 02:32:57.984879 301928 http_helpers.go:183] URL: https://daily-cloudcode-pa.googleapis.com/v1internal:streamGenerateContent?alt=sse Trace: 0x86311d64d8b9979e

2026-06-28 02:32:58.052 [error] [LS Main stderr] E0628 02:32:58.052336 301928 log.go:398] failed to check terminal shell support: internal: internal error

2026-06-28 02:32:58.053 [error] [LS Main stderr] E0628 02:32:58.053438 301928 log.go:398] failed to check terminal shell support: internal: internal error

2026-06-28 02:32:59.167 [error] [LS Main stderr] E0628 02:32:59.167148 301928 log.go:398] failed to check terminal shell support: internal: internal error

2026-06-28 02:32:59.207 [error] [LS Main stderr] E0628 02:32:59.207812 301928 log.go:398] failed to check terminal shell support: internal: internal error

2026-06-28 02:32:59.339 [error] [LS Main stderr] E0628 02:32:59.339008 301928 log.go:398] failed to check terminal shell support: internal: internal error

2026-06-28 02:32:59.340 [error] [LS Main stderr] E0628 02:32:59.340334 301928 log.go:398] failed to check terminal shell support: internal: internal error

2026-06-28 02:33:04.176 [error] [LS Main stderr] I0628 02:33:04.176485 301928 http_helpers.go:183] URL: https://daily-cloudcode-pa.googleapis.com/v1internal:streamGenerateContent?alt=sse Trace: 0xf1bd9eb95352916b

2026-06-28 02:33:04.234 [error] [LS Main stderr] E0628 02:33:04.233931 301928 log.go:398] failed to check terminal shell support: internal: internal error

2026-06-28 02:33:04.235 [error] [LS Main stderr] E0628 02:33:04.235638 301928 log.go:398] failed to check terminal shell support: internal: internal error

2026-06-28 02:33:04.709 [error] [LS Main stderr] E0628 02:33:04.709469 301928 log.go:398] failed to check terminal shell support: internal: internal error

2026-06-28 02:33:04.712 [error] [LS Main stderr] E0628 02:33:04.711929 301928 log.go:398] failed to check terminal shell support: internal: internal error

2026-06-28 02:33:04.758 [error] [LS Main stderr] E0628 02:33:04.758252 301928 log.go:398] failed to check terminal shell support: internal: internal error

2026-06-28 02:33:04.760 [error] [LS Main stderr] E0628 02:33:04.760121 301928 log.go:398] failed to check terminal shell support: internal: internal error

2026-06-28 02:33:10.347 [error] [LS Main stderr] I0628 02:33:10.346784 301928 http_helpers.go:183] URL: https://daily-cloudcode-pa.googleapis.com/v1internal:streamGenerateContent?alt=sse Trace: 0xbf770c9121990d44

2026-06-28 02:33:10.399 [error] [LS Main stderr] E0628 02:33:10.399109 301928 log.go:398] failed to check terminal shell support: internal: internal error

2026-06-28 02:33:10.400 [error] [LS Main stderr] E0628 02:33:10.400884 301928 log.go:398] failed to check terminal shell support: internal: internal error

2026-06-28 02:33:18.246 [error] [LS Main stderr] E0628 02:33:18.246097 301928 log.go:398] failed to check terminal shell support: internal: internal error

2026-06-28 02:33:18.247 [error] [LS Main stderr] E0628 02:33:18.247493 301928 log.go:398] failed to check terminal shell support: internal: internal error

2026-06-28 02:33:18.290 [error] [LS Main stderr] E0628 02:33:18.290012 301928 log.go:398] failed to check terminal shell support: internal: internal error

2026-06-28 02:33:18.292 [error] [LS Main stderr] E0628 02:33:18.292089 301928 log.go:398] failed to check terminal shell support: internal: internal error

2026-06-28 02:33:23.620 [error] [LS Main stderr] I0628 02:33:23.620511 301928 http_helpers.go:183] URL: https://daily-cloudcode-pa.googleapis.com/v1internal:streamGenerateContent?alt=sse Trace: 0x21b782cb12ab42

2026-06-28 02:33:23.675 [error] [LS Main stderr] E0628 02:33:23.675207 301928 log.go:398] failed to check terminal shell support: internal: internal error

2026-06-28 02:33:23.677 [error] [LS Main stderr] E0628 02:33:23.677142 301928 log.go:398] failed to check terminal shell support: internal: internal error

2026-06-28 02:33:26.489 [error] [LS Main stderr] I0628 02:33:26.488800 301928 http_helpers.go:183] URL: https://daily-cloudcode-pa.googleapis.com/v1internal:loadCodeAssist Trace: 0x475ed17a2c58af31

2026-06-28 02:33:27.246 [error] [LS Main stderr] I0628 02:33:27.246550 301928 http_helpers.go:183] URL: https://daily-cloudcode-pa.googleapis.com/v1internal:fetchAvailableModels Trace: 0xec9fffa6ed76d972

2026-06-28 02:33:27.253 [error] [LS Main stderr] E0628 02:33:27.252510 301928 log.go:398] failed to check terminal shell support: internal: internal error

2026-06-28 02:33:27.257 [error] [LS Main stderr] E0628 02:33:27.255261 301928 log.go:398] failed to check terminal shell support: internal: internal error

2026-06-28 02:33:27.260 [error] [LS Main stderr] E0628 02:33:27.260503 301928 log.go:398] failed to check terminal shell support: internal: internal error

2026-06-28 02:33:27.266 [error] [LS Main stderr] E0628 02:33:27.266073 301928 log.go:398] failed to check terminal shell support: internal: internal error

2026-06-28 02:33:27.387 [error] [LS Main stderr] E0628 02:33:27.387073 301928 log.go:398] failed to check terminal shell support: internal: internal error

2026-06-28 02:33:27.392 [error] [LS Main stderr] E0628 02:33:27.392670 301928 log.go:398] failed to check terminal shell support: internal: internal error

2026-06-28 02:33:32.669 [error] [LS Main stderr] I0628 02:33:32.669050 301928 http_helpers.go:183] URL: https://daily-cloudcode-pa.googleapis.com/v1internal:streamGenerateContent?alt=sse Trace: 0x5dd018dc769db852

2026-06-28 02:33:32.734 [error] [LS Main stderr] E0628 02:33:32.734565 301928 log.go:398] failed to check terminal shell support: internal: internal error

2026-06-28 02:33:32.740 [error] [LS Main stderr] E0628 02:33:32.740418 301928 log.go:398] failed to check terminal shell support: internal: internal error

2026-06-28 02:33:35.576 [error] [LS Main stderr] E0628 02:33:35.575830 301928 log.go:398] failed to check terminal shell support: internal: internal error

2026-06-28 02:33:35.577 [error] [LS Main stderr] E0628 02:33:35.577629 301928 log.go:398] failed to check terminal shell support: internal: internal error

2026-06-28 02:33:37.660 [error] [LS Main stderr] E0628 02:33:37.660340 301928 log.go:398] failed to check terminal shell support: internal: internal error

2026-06-28 02:33:37.662 [error] [LS Main stderr] E0628 02:33:37.661972 301928 log.go:398] failed to check terminal shell support: internal: internal error

2026-06-28 02:33:42.497 [error] [LS Main stderr] I0628 02:33:42.497154 301928 http_helpers.go:183] URL: https://daily-cloudcode-pa.googleapis.com/v1internal:streamGenerateContent?alt=sse Trace: 0xa53280c8d6246b38

2026-06-28 02:33:42.563 [error] [LS Main stderr] E0628 02:33:42.563612 301928 log.go:398] failed to check terminal shell support: internal: internal error

2026-06-28 02:33:42.566 [error] [LS Main stderr] E0628 02:33:42.565269 301928 log.go:398] failed to check terminal shell support: internal: internal error

2026-06-28 02:33:49.350 [error] [LS Main stderr] E0628 02:33:49.349955 301928 log.go:398] failed to check terminal shell support: internal: internal error

2026-06-28 02:33:49.351 [error] [LS Main stderr] E0628 02:33:49.351731 301928 log.go:398] failed to check terminal shell support: internal: internal error

2026-06-28 02:33:49.558 [error] [LS Main stderr] E0628 02:33:49.558755 301928 log.go:398] failed to check terminal shell support: internal: internal error

2026-06-28 02:33:49.561 [error] [LS Main stderr] E0628 02:33:49.561390 301928 log.go:398] failed to check terminal shell support: internal: internal error

2026-06-28 02:33:54.534 [error] [LS Main stderr] I0628 02:33:54.534024 301928 http_helpers.go:183] URL: https://daily-cloudcode-pa.googleapis.com/v1internal:streamGenerateContent?alt=sse Trace: 0x2b40420022549b39

2026-06-28 02:33:54.618 [error] [LS Main stderr] E0628 02:33:54.618181 301928 log.go:398] failed to check terminal shell support: internal: internal error

2026-06-28 02:33:54.620 [error] [LS Main stderr] E0628 02:33:54.619993 301928 log.go:398] failed to check terminal shell support: internal: internal error

2026-06-28 02:33:54.647 [error] [LS Main stderr] E0628 02:33:54.647029 301928 log.go:398] failed to check terminal shell support: internal: internal error

2026-06-28 02:33:54.649 [error] [LS Main stderr] E0628 02:33:54.648626 301928 log.go:398] failed to check terminal shell support: internal: internal error

2026-06-28 02:33:55.218 [error] [LS Main stderr] E0628 02:33:55.218554 301928 log.go:398] failed to check terminal shell support: internal: internal error

2026-06-28 02:33:55.220 [error] [LS Main stderr] E0628 02:33:55.220352 301928 log.go:398] failed to check terminal shell support: internal: internal error

2026-06-28 02:34:00.726 [error] [LS Main stderr] I0628 02:34:00.725862 301928 http_helpers.go:183] URL: https://daily-cloudcode-pa.googleapis.com/v1internal:streamGenerateContent?alt=sse Trace: 0x46feca9aaa6ef0a3

2026-06-28 02:34:00.777 [error] [LS Main stderr] E0628 02:34:00.777375 301928 log.go:398] failed to check terminal shell support: internal: internal error

2026-06-28 02:34:00.779 [error] [LS Main stderr] E0628 02:34:00.779842 301928 log.go:398] failed to check terminal shell support: internal: internal error

2026-06-28 02:34:02.351 [error] [LS Main stderr] E0628 02:34:02.351427 301928 log.go:398] failed to check terminal shell support: internal: internal error

2026-06-28 02:34:02.354 [error] [LS Main stderr] E0628 02:34:02.354575 301928 log.go:398] failed to check terminal shell support: internal: internal error

2026-06-28 02:34:02.416 [error] [LS Main stderr] E0628 02:34:02.416024 301928 log.go:398] failed to check terminal shell support: internal: internal error

2026-06-28 02:34:02.418 [error] [LS Main stderr] E0628 02:34:02.418490 301928 log.go:398] failed to check terminal shell support: internal: internal error

2026-06-28 02:34:07.279 [error] [LS Main stderr] I0628 02:34:07.279036 301928 http_helpers.go:183] URL: https://daily-cloudcode-pa.googleapis.com/v1internal:streamGenerateContent?alt=sse Trace: 0x1bb0238e04767297

2026-06-28 02:34:07.336 [error] [LS Main stderr] E0628 02:34:07.336053 301928 log.go:398] failed to check terminal shell support: internal: internal error

2026-06-28 02:34:07.337 [error] [LS Main stderr] E0628 02:34:07.337491 301928 log.go:398] failed to check terminal shell support: internal: internal error

2026-06-28 02:34:07.985 [error] [LS Main stderr] E0628 02:34:07.984589 301928 log.go:398] failed to check terminal shell support: internal: internal error

2026-06-28 02:34:07.986 [error] [LS Main stderr] E0628 02:34:07.986637 301928 log.go:398] failed to check terminal shell support: internal: internal error

2026-06-28 02:34:08.034 [error] [LS Main stderr] E0628 02:34:08.034498 301928 log.go:398] failed to check terminal shell support: internal: internal error

2026-06-28 02:34:08.037 [error] [LS Main stderr] E0628 02:34:08.037350 301928 log.go:398] failed to check terminal shell support: internal: internal error

2026-06-28 02:34:13.628 [error] [LS Main stderr] I0628 02:34:13.628714 301928 http_helpers.go:183] URL: https://daily-cloudcode-pa.googleapis.com/v1internal:streamGenerateContent?alt=sse Trace: 0x5df26d163314f2f3

2026-06-28 02:34:13.681 [error] [LS Main stderr] E0628 02:34:13.681381 301928 log.go:398] failed to check terminal shell support: internal: internal error

2026-06-28 02:34:13.683 [error] [LS Main stderr] E0628 02:34:13.683370 301928 log.go:398] failed to check terminal shell support: internal: internal error

2026-06-28 02:34:16.301 [error] [LS Main stderr] E0628 02:34:16.301063 301928 log.go:398] failed to check terminal shell support: internal: internal error

2026-06-28 02:34:16.303 [error] [LS Main stderr] E0628 02:34:16.302754 301928 log.go:398] failed to check terminal shell support: internal: internal error

2026-06-28 02:34:16.406 [error] [LS Main stderr] E0628 02:34:16.405793 301928 log.go:398] failed to check terminal shell support: internal: internal error

2026-06-28 02:34:16.407 [error] [LS Main stderr] E0628 02:34:16.407580 301928 log.go:398] failed to check terminal shell support: internal: internal error

2026-06-28 02:34:21.821 [error] [LS Main stderr] I0628 02:34:21.821693 301928 http_helpers.go:183] URL: https://daily-cloudcode-pa.googleapis.com/v1internal:streamGenerateContent?alt=sse Trace: 0x374668f6b6c5983

2026-06-28 02:34:21.925 [error] [LS Main stderr] E0628 02:34:21.925111 301928 log.go:398] failed to check terminal shell support: internal: internal error

2026-06-28 02:34:21.927 [error] [LS Main stderr] E0628 02:34:21.926988 301928 log.go:398] failed to check terminal shell support: internal: internal error

2026-06-28 02:34:25.565 [error] [LS Main stderr] E0628 02:34:25.565283 301928 log.go:398] failed to check terminal shell support: internal: internal error

2026-06-28 02:34:25.567 [error] [LS Main stderr] E0628 02:34:25.567065 301928 log.go:398] failed to check terminal shell support: internal: internal error

2026-06-28 02:34:26.108 [error] [LS Main stderr] E0628 02:34:26.107940 301928 log.go:398] failed to check terminal shell support: internal: internal error

2026-06-28 02:34:26.109 [error] [LS Main stderr] E0628 02:34:26.109781 301928 log.go:398] failed to check terminal shell support: internal: internal error

2026-06-28 02:34:31.690 [error] [LS Main stderr] I0628 02:34:31.689537 301928 http_helpers.go:183] URL: https://daily-cloudcode-pa.googleapis.com/v1internal:streamGenerateContent?alt=sse Trace: 0x9d11968099832e48

2026-06-28 02:34:31.755 [error] [LS Main stderr] E0628 02:34:31.754938 301928 log.go:398] failed to check terminal shell support: internal: internal error

2026-06-28 02:34:31.756 [error] [LS Main stderr] E0628 02:34:31.756557 301928 log.go:398] failed to check terminal shell support: internal: internal error

2026-06-28 02:34:36.016 [error] [LS Main stderr] E0628 02:34:36.016062 301928 log.go:398] failed to check terminal shell support: internal: internal error

2026-06-28 02:34:36.017 [error] [LS Main stderr] E0628 02:34:36.017241 301928 log.go:398] failed to check terminal shell support: internal: internal error

2026-06-28 02:34:40.050 [error] [LS Main stderr] I0628 02:34:40.050381 301928 http_helpers.go:183] URL: https://daily-cloudcode-pa.googleapis.com/v1internal:generateContent Trace: 0xeee8405d3996cd3a

2026-06-28 02:34:40.186 [error] [LS Main stderr] E0628 02:34:40.186061 301928 log.go:398] failed to check terminal shell support: internal: internal error

2026-06-28 02:34:40.191 [error] [LS Main stderr] E0628 02:34:40.191339 301928 log.go:398] failed to check terminal shell support: internal: internal error

2026-06-28 02:34:45.374 [error] [LS Main stderr] I0628 02:34:45.374144 301928 http_helpers.go:183] URL: https://daily-cloudcode-pa.googleapis.com/v1internal:streamGenerateContent?alt=sse Trace: 0xa1b715a3c6628a0b

2026-06-28 02:34:45.430 [error] [LS Main stderr] E0628 02:34:45.430089 301928 log.go:398] failed to check terminal shell support: internal: internal error

2026-06-28 02:34:45.432 [error] [LS Main stderr] E0628 02:34:45.432393 301928 log.go:398] failed to check terminal shell support: internal: internal error

2026-06-28 02:34:49.574 [error] [LS Main stderr] E0628 02:34:49.574121 301928 log.go:398] failed to check terminal shell support: internal: internal error

2026-06-28 02:34:49.658 [error] [LS Main stderr] E0628 02:34:49.658144 301928 log.go:398] failed to check terminal shell support: internal: internal error

2026-06-28 02:34:49.717 [error] [LS Main stderr] E0628 02:34:49.717352 301928 log.go:398] failed to check terminal shell support: internal: internal error

2026-06-28 02:34:49.719 [error] [LS Main stderr] E0628 02:34:49.719770 301928 log.go:398] failed to check terminal shell support: internal: internal error

2026-06-28 02:34:55.408 [error] [LS Main stderr] I0628 02:34:55.408069 301928 http_helpers.go:183] URL: https://daily-cloudcode-pa.googleapis.com/v1internal:streamGenerateContent?alt=sse Trace: 0x91ba6b221ef0bd98

2026-06-28 02:34:55.469 [error] [LS Main stderr] E0628 02:34:55.469059 301928 log.go:398] failed to check terminal shell support: internal: internal error

2026-06-28 02:34:55.470 [error] [LS Main stderr] E0628 02:34:55.470631 301928 log.go:398] failed to check terminal shell support: internal: internal error

2026-06-28 02:34:58.990 [error] [LS Main stderr] E0628 02:34:58.989914 301928 log.go:398] failed to check terminal shell support: internal: internal error

2026-06-28 02:34:58.992 [error] [LS Main stderr] E0628 02:34:58.992352 301928 log.go:398] failed to check terminal shell support: internal: internal error

2026-06-28 02:34:59.428 [error] [LS Main stderr] E0628 02:34:59.428347 301928 log.go:398] failed to check terminal shell support: internal: internal error

2026-06-28 02:34:59.430 [error] [LS Main stderr] E0628 02:34:59.430096 301928 log.go:398] failed to check terminal shell support: internal: internal error

2026-06-28 02:35:05.442 [error] [LS Main stderr] I0628 02:35:05.442002 301928 http_helpers.go:183] URL: https://daily-cloudcode-pa.googleapis.com/v1internal:streamGenerateContent?alt=sse Trace: 0x750631987aa14cdd

2026-06-28 02:35:05.491 [error] [LS Main stderr] E0628 02:35:05.491910 301928 log.go:398] failed to check terminal shell support: internal: internal error

2026-06-28 02:35:05.493 [error] [LS Main stderr] E0628 02:35:05.493325 301928 log.go:398] failed to check terminal shell support: internal: internal error

2026-06-28 02:35:08.215 [error] [LS Main stderr] E0628 02:35:08.214978 301928 log.go:398] failed to check terminal shell support: internal: internal error

2026-06-28 02:35:08.218 [error] [LS Main stderr] E0628 02:35:08.218576 301928 log.go:398] failed to check terminal shell support: internal: internal error

2026-06-28 02:35:08.279 [error] [LS Main stderr] E0628 02:35:08.279104 301928 log.go:398] failed to check terminal shell support: internal: internal error

2026-06-28 02:35:08.285 [error] [LS Main stderr] E0628 02:35:08.285766 301928 log.go:398] failed to check terminal shell support: internal: internal error

2026-06-28 02:35:13.432 [error] [LS Main stderr] I0628 02:35:13.432160 301928 http_helpers.go:183] URL: https://daily-cloudcode-pa.googleapis.com/v1internal:streamGenerateContent?alt=sse Trace: 0x1721191551e98dcb

2026-06-28 02:35:13.492 [error] [LS Main stderr] E0628 02:35:13.492551 301928 log.go:398] failed to check terminal shell support: internal: internal error

2026-06-28 02:35:13.494 [error] [LS Main stderr] E0628 02:35:13.493924 301928 log.go:398] failed to check terminal shell support: internal: internal error

2026-06-28 02:35:15.696 [error] [LS Main stderr] E0628 02:35:15.696048 301928 log.go:398] failed to check terminal shell support: internal: internal error

2026-06-28 02:35:15.697 [error] [LS Main stderr] E0628 02:35:15.697148 301928 log.go:398] failed to check terminal shell support: internal: internal error

2026-06-28 02:35:15.732 [error] [LS Main stderr] E0628 02:35:15.732091 301928 log.go:398] failed to check terminal shell support: internal: internal error

2026-06-28 02:35:15.734 [error] [LS Main stderr] E0628 02:35:15.734101 301928 log.go:398] failed to check terminal shell support: internal: internal error

2026-06-28 02:35:21.111 [error] [LS Main stderr] I0628 02:35:21.111493 301928 http_helpers.go:183] URL: https://daily-cloudcode-pa.googleapis.com/v1internal:streamGenerateContent?alt=sse Trace: 0xe1a53b20b129dc97

2026-06-28 02:35:21.188 [error] [LS Main stderr] E0628 02:35:21.188454 301928 log.go:398] failed to check terminal shell support: internal: internal error

2026-06-28 02:35:21.193 [error] [LS Main stderr] E0628 02:35:21.193719 301928 log.go:398] failed to check terminal shell support: internal: internal error

2026-06-28 02:35:21.232 [error] [LS Main stderr] E0628 02:35:21.231328 301928 log.go:398] failed to check terminal shell support: internal: internal error

2026-06-28 02:35:21.233 [error] [LS Main stderr] E0628 02:35:21.232909 301928 log.go:398] failed to check terminal shell support: internal: internal error

2026-06-28 02:35:21.394 [error] [LS Main stderr] E0628 02:35:21.394254 301928 log.go:398] failed to check terminal shell support: internal: internal error

2026-06-28 02:35:21.395 [error] [LS Main stderr] E0628 02:35:21.395498 301928 log.go:398] failed to check terminal shell support: internal: internal error

2026-06-28 02:35:26.695 [error] [LS Main stderr] I0628 02:35:26.694633 301928 http_helpers.go:183] URL: https://daily-cloudcode-pa.googleapis.com/v1internal:streamGenerateContent?alt=sse Trace: 0x3eb3b67969a507c0

2026-06-28 02:35:26.761 [error] [LS Main stderr] E0628 02:35:26.761275 301928 log.go:398] failed to check terminal shell support: internal: internal error

2026-06-28 02:35:26.762 [error] [LS Main stderr] E0628 02:35:26.762276 301928 log.go:398] failed to check terminal shell support: internal: internal error

2026-06-28 02:35:28.868 [error] [LS Main stderr] E0628 02:35:28.868026 301928 log.go:398] failed to check terminal shell support: internal: internal error

2026-06-28 02:35:28.870 [error] [LS Main stderr] E0628 02:35:28.869983 301928 log.go:398] failed to check terminal shell support: internal: internal error

2026-06-28 02:35:29.094 [error] [LS Main stderr] E0628 02:35:29.094412 301928 log.go:398] failed to check terminal shell support: internal: internal error

2026-06-28 02:35:29.096 [error] [LS Main stderr] E0628 02:35:29.096372 301928 log.go:398] failed to check terminal shell support: internal: internal error

2026-06-28 02:35:34.525 [error] [LS Main stderr] I0628 02:35:34.525262 301928 http_helpers.go:183] URL: https://daily-cloudcode-pa.googleapis.com/v1internal:streamGenerateContent?alt=sse Trace: 0xdd5e93284e7ccf0e

2026-06-28 02:35:34.582 [error] [LS Main stderr] E0628 02:35:34.582341 301928 log.go:398] failed to check terminal shell support: internal: internal error

2026-06-28 02:35:34.583 [error] [LS Main stderr] E0628 02:35:34.583718 301928 log.go:398] failed to check terminal shell support: internal: internal error

2026-06-28 02:35:39.356 [error] [LS Main stderr] E0628 02:35:39.355846 301928 log.go:398] failed to check terminal shell support: internal: internal error

2026-06-28 02:35:39.358 [error] [LS Main stderr] E0628 02:35:39.358337 301928 log.go:398] failed to check terminal shell support: internal: internal error

2026-06-28 02:35:44.663 [error] [LS Main stderr] I0628 02:35:44.663341 301928 http_helpers.go:183] URL: https://daily-cloudcode-pa.googleapis.com/v1internal:generateContent Trace: 0xdde8aaa4a7796425

2026-06-28 02:35:44.751 [error] [LS Main stderr] E0628 02:35:44.751397 301928 log.go:398] failed to check terminal shell support: internal: internal error

2026-06-28 02:35:44.753 [error] [LS Main stderr] E0628 02:35:44.753008 301928 log.go:398] failed to check terminal shell support: internal: internal error

2026-06-28 02:35:44.804 [error] [LS Main stderr] E0628 02:35:44.804027 301928 log.go:398] failed to check terminal shell support: internal: internal error

2026-06-28 02:35:44.807 [error] [LS Main stderr] E0628 02:35:44.807306 301928 log.go:398] failed to check terminal shell support: internal: internal error

2026-06-28 02:35:46.506 [error] [LS Main stderr] I0628 02:35:46.506683 301928 http_helpers.go:183] URL: https://daily-cloudcode-pa.googleapis.com/v1internal:streamGenerateContent?alt=sse Trace: 0x13011b954f03afc4

2026-06-28 02:35:50.601 [error] [LS Main stderr] I0628 02:35:50.600957 301928 http_helpers.go:183] URL: https://daily-cloudcode-pa.googleapis.com/v1internal:streamGenerateContent?alt=sse Trace: 0xcae32fff22abcc6b

2026-06-28 02:35:50.661 [error] [LS Main stderr] E0628 02:35:50.660451 301928 log.go:398] failed to check terminal shell support: internal: internal error

2026-06-28 02:35:50.669 [error] [LS Main stderr] E0628 02:35:50.664420 301928 log.go:398] failed to check terminal shell support: internal: internal error

2026-06-28 02:35:51.026 [error] [LS Main stderr] E0628 02:35:51.026342 301928 log.go:398] failed to check terminal shell support: internal: internal error

2026-06-28 02:35:51.027 [error] [LS Main stderr] E0628 02:35:51.027325 301928 log.go:398] failed to check terminal shell support: internal: internal error

2026-06-28 02:35:53.219 [error] [LS Main stderr] E0628 02:35:53.219739 301928 log.go:398] failed to check terminal shell support: internal: internal error

2026-06-28 02:35:53.220 [error] [LS Main stderr] E0628 02:35:53.220800 301928 log.go:398] failed to check terminal shell support: internal: internal error

2026-06-28 02:35:55.358 [error] [LS Main stderr] E0628 02:35:55.358314 301928 log.go:398] failed to check terminal shell support: internal: internal error

2026-06-28 02:35:55.360 [error] [LS Main stderr] E0628 02:35:55.359858 301928 log.go:398] failed to check terminal shell support: internal: internal error

2026-06-28 02:35:55.402 [error] [LS Main stderr] E0628 02:35:55.402419 301928 log.go:398] failed to check terminal shell support: internal: internal error

2026-06-28 02:35:55.404 [error] [LS Main stderr] E0628 02:35:55.403911 301928 log.go:398] failed to check terminal shell support: internal: internal error

2026-06-28 02:35:55.448 [error] [LS Main stderr] E0628 02:35:55.448356 301928 log.go:398] failed to check terminal shell support: internal: internal error

2026-06-28 02:35:55.450 [error] [LS Main stderr] E0628 02:35:55.450371 301928 log.go:398] failed to check terminal shell support: internal: internal error

2026-06-28 02:36:01.046 [error] [LS Main stderr] I0628 02:36:01.046319 301928 http_helpers.go:183] URL: https://daily-cloudcode-pa.googleapis.com/v1internal:streamGenerateContent?alt=sse Trace: 0x2f6c38995886709b

2026-06-28 02:36:01.126 [error] [LS Main stderr] E0628 02:36:01.126207 301928 log.go:398] failed to check terminal shell support: internal: internal error

2026-06-28 02:36:01.128 [error] [LS Main stderr] E0628 02:36:01.128333 301928 log.go:398] failed to check terminal shell support: internal: internal error

2026-06-28 02:36:01.518 [error] [LS Main stderr] E0628 02:36:01.518469 301928 log.go:398] failed to check terminal shell support: internal: internal error

2026-06-28 02:36:01.520 [error] [LS Main stderr] E0628 02:36:01.520093 301928 log.go:398] failed to check terminal shell support: internal: internal error

2026-06-28 02:36:03.611 [error] [LS Main stderr] E0628 02:36:03.610955 301928 log.go:398] failed to check terminal shell support: internal: internal error

2026-06-28 02:36:03.612 [error] [LS Main stderr] E0628 02:36:03.612265 301928 log.go:398] failed to check terminal shell support: internal: internal error

2026-06-28 02:36:08.394 [error] [LS Main stderr] I0628 02:36:08.394252 301928 http_helpers.go:183] URL: https://daily-cloudcode-pa.googleapis.com/v1internal:streamGenerateContent?alt=sse Trace: 0xb8f1483b25934ec3

2026-06-28 02:36:08.445 [error] [LS Main stderr] E0628 02:36:08.445424 301928 log.go:398] failed to check terminal shell support: internal: internal error

2026-06-28 02:36:08.446 [error] [LS Main stderr] E0628 02:36:08.446864 301928 log.go:398] failed to check terminal shell support: internal: internal error

2026-06-28 02:36:12.848 [error] [LS Main stderr] E0628 02:36:12.848299 301928 log.go:398] failed to check terminal shell support: internal: internal error

2026-06-28 02:36:12.851 [error] [LS Main stderr] E0628 02:36:12.850055 301928 log.go:398] failed to check terminal shell support: internal: internal error

2026-06-28 02:36:13.661 [error] [LS Main stderr] E0628 02:36:13.661371 301928 log.go:398] failed to check terminal shell support: internal: internal error

2026-06-28 02:36:13.663 [error] [LS Main stderr] E0628 02:36:13.662839 301928 log.go:398] failed to check terminal shell support: internal: internal error

2026-06-28 02:36:18.557 [error] [LS Main stderr] I0628 02:36:18.557016 301928 http_helpers.go:183] URL: https://daily-cloudcode-pa.googleapis.com/v1internal:streamGenerateContent?alt=sse Trace: 0x4d55f4d5021284fc

2026-06-28 02:36:18.613 [error] [LS Main stderr] E0628 02:36:18.613152 301928 log.go:398] failed to check terminal shell support: internal: internal error

2026-06-28 02:36:18.615 [error] [LS Main stderr] E0628 02:36:18.615032 301928 log.go:398] failed to check terminal shell support: internal: internal error

2026-06-28 02:36:23.928 [error] [LS Main stderr] E0628 02:36:23.928592 301928 log.go:398] failed to check terminal shell support: internal: internal error

2026-06-28 02:36:23.930 [error] [LS Main stderr] E0628 02:36:23.930347 301928 log.go:398] failed to check terminal shell support: internal: internal error

2026-06-28 02:36:23.958 [error] [LS Main stderr] E0628 02:36:23.957821 301928 log.go:398] failed to check terminal shell support: internal: internal error

2026-06-28 02:36:23.959 [error] [LS Main stderr] E0628 02:36:23.959255 301928 log.go:398] failed to check terminal shell support: internal: internal error

2026-06-28 02:36:28.933 [error] [LS Main stderr] I0628 02:36:28.932829 301928 http_helpers.go:183] URL: https://daily-cloudcode-pa.googleapis.com/v1internal:streamGenerateContent?alt=sse Trace: 0x63de71238daa5725

2026-06-28 02:36:28.999 [error] [LS Main stderr] E0628 02:36:28.999202 301928 log.go:398] failed to check terminal shell support: internal: internal error

2026-06-28 02:36:29.001 [error] [LS Main stderr] E0628 02:36:29.001355 301928 log.go:398] failed to check terminal shell support: internal: internal error

2026-06-28 02:36:30.625 [error] [LS Main stderr] E0628 02:36:30.625861 301928 log.go:398] failed to check terminal shell support: internal: internal error

2026-06-28 02:36:30.627 [error] [LS Main stderr] E0628 02:36:30.627326 301928 log.go:398] failed to check terminal shell support: internal: internal error

2026-06-28 02:36:32.764 [error] [LS Main stderr] E0628 02:36:32.763946 301928 log.go:398] failed to check terminal shell support: internal: internal error

2026-06-28 02:36:32.765 [error] [LS Main stderr] E0628 02:36:32.765265 301928 log.go:398] failed to check terminal shell support: internal: internal error

2026-06-28 02:36:38.116 [error] [LS Main stderr] I0628 02:36:38.116522 301928 http_helpers.go:183] URL: https://daily-cloudcode-pa.googleapis.com/v1internal:streamGenerateContent?alt=sse Trace: 0x612ff48b06dc00b8

2026-06-28 02:36:38.178 [error] [LS Main stderr] E0628 02:36:38.177368 301928 log.go:398] failed to check terminal shell support: internal: internal error

2026-06-28 02:36:38.180 [error] [LS Main stderr] E0628 02:36:38.180165 301928 log.go:398] failed to check terminal shell support: internal: internal error

2026-06-28 02:36:38.514 [error] [LS Main stderr] E0628 02:36:38.514358 301928 log.go:398] failed to check terminal shell support: internal: internal error

2026-06-28 02:36:38.516 [error] [LS Main stderr] E0628 02:36:38.516100 301928 log.go:398] failed to check terminal shell support: internal: internal error

2026-06-28 02:36:38.556 [error] [LS Main stderr] E0628 02:36:38.556336 301928 log.go:398] failed to check terminal shell support: internal: internal error

2026-06-28 02:36:38.558 [error] [LS Main stderr] E0628 02:36:38.558077 301928 log.go:398] failed to check terminal shell support: internal: internal error

2026-06-28 02:36:43.498 [error] [LS Main stderr] I0628 02:36:43.498637 301928 http_helpers.go:183] URL: https://daily-cloudcode-pa.googleapis.com/v1internal:streamGenerateContent?alt=sse Trace: 0x144c9151054cd269

2026-06-28 02:36:43.558 [error] [LS Main stderr] E0628 02:36:43.557043 301928 log.go:398] failed to check terminal shell support: internal: internal error

2026-06-28 02:36:43.562 [error] [LS Main stderr] E0628 02:36:43.561472 301928 log.go:398] failed to check terminal shell support: internal: internal error

2026-06-28 02:36:45.031 [error] [LS Main stderr] E0628 02:36:45.031371 301928 log.go:398] failed to check terminal shell support: internal: internal error

2026-06-28 02:36:45.033 [error] [LS Main stderr] E0628 02:36:45.033120 301928 log.go:398] failed to check terminal shell support: internal: internal error

2026-06-28 02:36:45.060 [error] [LS Main stderr] E0628 02:36:45.060402 301928 log.go:398] failed to check terminal shell support: internal: internal error

2026-06-28 02:36:45.062 [error] [LS Main stderr] E0628 02:36:45.062308 301928 log.go:398] failed to check terminal shell support: internal: internal error

2026-06-28 02:36:49.790 [error] [LS Main stderr] I0628 02:36:49.790133 301928 http_helpers.go:183] URL: https://daily-cloudcode-pa.googleapis.com/v1internal:streamGenerateContent?alt=sse Trace: 0xa316b6ea76c8b0a4

2026-06-28 02:36:49.867 [error] [LS Main stderr] E0628 02:36:49.867045 301928 log.go:398] failed to check terminal shell support: internal: internal error

2026-06-28 02:36:49.869 [error] [LS Main stderr] E0628 02:36:49.868809 301928 log.go:398] failed to check terminal shell support: internal: internal error

2026-06-28 02:36:56.754 [error] [LS Main stderr] E0628 02:36:56.754847 301928 log.go:398] failed to check terminal shell support: internal: internal error

2026-06-28 02:36:56.757 [error] [LS Main stderr] E0628 02:36:56.757143 301928 log.go:398] failed to check terminal shell support: internal: internal error

2026-06-28 02:36:59.169 [error] [LS Main stderr] E0628 02:36:59.169592 301928 log.go:398] failed to check terminal shell support: internal: internal error

2026-06-28 02:36:59.171 [error] [LS Main stderr] E0628 02:36:59.170957 301928 log.go:398] failed to check terminal shell support: internal: internal error

2026-06-28 02:37:04.742 [error] [LS Main stderr] I0628 02:37:04.742391 301928 http_helpers.go:183] URL: https://daily-cloudcode-pa.googleapis.com/v1internal:streamGenerateContent?alt=sse Trace: 0xf4f97dd93313d376

2026-06-28 02:37:04.804 [error] [LS Main stderr] E0628 02:37:04.803729 301928 log.go:398] failed to check terminal shell support: internal: internal error

2026-06-28 02:37:04.806 [error] [LS Main stderr] E0628 02:37:04.805888 301928 log.go:398] failed to check terminal shell support: internal: internal error

2026-06-28 02:37:06.787 [error] [LS Main stderr] E0628 02:37:06.787765 301928 log.go:398] failed to check terminal shell support: internal: internal error

2026-06-28 02:37:06.790 [error] [LS Main stderr] E0628 02:37:06.789720 301928 log.go:398] failed to check terminal shell support: internal: internal error

2026-06-28 02:37:06.837 [error] [LS Main stderr] E0628 02:37:06.837129 301928 log.go:398] failed to check terminal shell support: internal: internal error

2026-06-28 02:37:06.839 [error] [LS Main stderr] E0628 02:37:06.839250 301928 log.go:398] failed to check terminal shell support: internal: internal error

2026-06-28 02:37:11.908 [error] [LS Main stderr] I0628 02:37:11.908418 301928 http_helpers.go:183] URL: https://daily-cloudcode-pa.googleapis.com/v1internal:streamGenerateContent?alt=sse Trace: 0x4dc2089a91f327a0

2026-06-28 02:37:11.966 [error] [LS Main stderr] E0628 02:37:11.965749 301928 log.go:398] failed to check terminal shell support: internal: internal error

2026-06-28 02:37:11.972 [error] [LS Main stderr] E0628 02:37:11.972000 301928 log.go:398] failed to check terminal shell support: internal: internal error

2026-06-28 02:37:20.970 [error] [LS Main stderr] E0628 02:37:20.970130 301928 log.go:398] failed to check terminal shell support: internal: internal error

2026-06-28 02:37:20.971 [error] [LS Main stderr] E0628 02:37:20.971795 301928 log.go:398] failed to check terminal shell support: internal: internal error

2026-06-28 02:37:21.139 [error] [LS Main stderr] E0628 02:37:21.139176 301928 log.go:398] failed to check terminal shell support: internal: internal error

2026-06-28 02:37:21.140 [error] [LS Main stderr] E0628 02:37:21.140338 301928 log.go:398] failed to check terminal shell support: internal: internal error

2026-06-28 02:37:26.246 [error] [LS Main stderr] I0628 02:37:26.245703 301928 http_helpers.go:183] URL: https://daily-cloudcode-pa.googleapis.com/v1internal:streamGenerateContent?alt=sse Trace: 0x5ffccae8ef8b9fdb

2026-06-28 02:37:26.300 [error] [LS Main stderr] E0628 02:37:26.300077 301928 log.go:398] failed to check terminal shell support: internal: internal error

2026-06-28 02:37:26.305 [error] [LS Main stderr] E0628 02:37:26.305879 301928 log.go:398] failed to check terminal shell support: internal: internal error

2026-06-28 02:37:29.764 [error] [LS Main stderr] E0628 02:37:29.763780 301928 log.go:398] failed to check terminal shell support: internal: internal error

2026-06-28 02:37:29.766 [error] [LS Main stderr] E0628 02:37:29.765997 301928 log.go:398] failed to check terminal shell support: internal: internal error

2026-06-28 02:37:30.368 [error] [LS Main stderr] E0628 02:37:30.368082 301928 log.go:398] failed to check terminal shell support: internal: internal error

2026-06-28 02:37:30.370 [error] [LS Main stderr] E0628 02:37:30.369452 301928 log.go:398] failed to check terminal shell support: internal: internal error

2026-06-28 02:37:35.665 [error] [LS Main stderr] I0628 02:37:35.664668 301928 http_helpers.go:183] URL: https://daily-cloudcode-pa.googleapis.com/v1internal:streamGenerateContent?alt=sse Trace: 0x67de277ca9eb944b

2026-06-28 02:37:35.752 [error] [LS Main stderr] E0628 02:37:35.752059 301928 log.go:398] failed to check terminal shell support: internal: internal error

2026-06-28 02:37:35.753 [error] [LS Main stderr] E0628 02:37:35.753243 301928 log.go:398] failed to check terminal shell support: internal: internal error

2026-06-28 02:37:35.796 [error] [LS Main stderr] E0628 02:37:35.795557 301928 log.go:398] failed to check terminal shell support: internal: internal error

2026-06-28 02:37:35.798 [error] [LS Main stderr] E0628 02:37:35.798318 301928 log.go:398] failed to check terminal shell support: internal: internal error

2026-06-28 02:37:37.561 [error] [LS Main stderr] E0628 02:37:37.561342 301928 log.go:398] failed to check terminal shell support: internal: internal error

2026-06-28 02:37:37.563 [error] [LS Main stderr] E0628 02:37:37.563005 301928 log.go:398] failed to check terminal shell support: internal: internal error

2026-06-28 02:37:42.318 [error] [LS Main stderr] I0628 02:37:42.318558 301928 http_helpers.go:183] URL: https://daily-cloudcode-pa.googleapis.com/v1internal:streamGenerateContent?alt=sse Trace: 0x27598cba58e7079

2026-06-28 02:37:42.379 [error] [LS Main stderr] E0628 02:37:42.379262 301928 log.go:398] failed to check terminal shell support: internal: internal error

2026-06-28 02:37:42.386 [error] [LS Main stderr] E0628 02:37:42.386341 301928 log.go:398] failed to check terminal shell support: internal: internal error

2026-06-28 02:37:42.803 [error] [LS Main stderr] E0628 02:37:42.803353 301928 log.go:398] failed to check terminal shell support: internal: internal error

2026-06-28 02:37:42.808 [error] [LS Main stderr] E0628 02:37:42.808389 301928 log.go:398] failed to check terminal shell support: internal: internal error

2026-06-28 02:37:43.986 [error] [LS Main stderr] E0628 02:37:43.986440 301928 log.go:398] failed to check terminal shell support: internal: internal error

2026-06-28 02:37:43.989 [error] [LS Main stderr] E0628 02:37:43.989070 301928 log.go:398] failed to check terminal shell support: internal: internal error

2026-06-28 02:37:43.992 [error] [LS Main stderr] E0628 02:37:43.992283 301928 log.go:398] failed to check terminal shell support: internal: internal error

2026-06-28 02:37:44.025 [error] [LS Main stderr] E0628 02:37:44.025388 301928 log.go:398] failed to check terminal shell support: internal: internal error

2026-06-28 02:37:44.027 [error] [LS Main stderr] E0628 02:37:44.027493 301928 log.go:398] failed to check terminal shell support: internal: internal error

2026-06-28 02:37:45.029 [error] [LS Main stderr] E0628 02:37:45.029348 301928 log.go:398] failed to check terminal shell support: internal: internal error

2026-06-28 02:37:45.031 [error] [LS Main stderr] E0628 02:37:45.031131 301928 log.go:398] failed to check terminal shell support: internal: internal error

2026-06-28 02:37:47.898 [error] [LS Main stderr] E0628 02:37:47.898352 301928 log.go:398] failed to check terminal shell support: internal: internal error

2026-06-28 02:37:47.900 [error] [LS Main stderr] E0628 02:37:47.900170 301928 log.go:398] failed to check terminal shell support: internal: internal error

2026-06-28 02:37:47.920 [error] [LS Main stderr] E0628 02:37:47.920464 301928 log.go:398] failed to check terminal shell support: internal: internal error

2026-06-28 02:37:47.924 [error] [LS Main stderr] E0628 02:37:47.923479 301928 log.go:398] failed to check terminal shell support: internal: internal error

2026-06-28 02:37:48.017 [error] [LS Main stderr] E0628 02:37:48.016339 301928 log.go:398] failed to check terminal shell support: internal: internal error

2026-06-28 02:37:48.018 [error] [LS Main stderr] E0628 02:37:48.018083 301928 log.go:398] failed to check terminal shell support: internal: internal error

2026-06-28 02:37:53.381 [error] [LS Main stderr] I0628 02:37:53.381312 301928 http_helpers.go:183] URL: https://daily-cloudcode-pa.googleapis.com/v1internal:streamGenerateContent?alt=sse Trace: 0x2be84d2803fb021c

2026-06-28 02:37:53.451 [error] [LS Main stderr] E0628 02:37:53.451066 301928 log.go:398] failed to check terminal shell support: internal: internal error

2026-06-28 02:37:53.455 [error] [LS Main stderr] E0628 02:37:53.454397 301928 log.go:398] failed to check terminal shell support: internal: internal error

2026-06-28 02:37:53.560 [error] [LS Main stderr] E0628 02:37:53.560518 301928 log.go:398] failed to check terminal shell support: internal: internal error

2026-06-28 02:37:53.562 [error] [LS Main stderr] E0628 02:37:53.562241 301928 log.go:398] failed to check terminal shell support: internal: internal error

2026-06-28 02:37:53.610 [error] [LS Main stderr] E0628 02:37:53.609888 301928 log.go:398] failed to check terminal shell support: internal: internal error

2026-06-28 02:37:53.611 [error] [LS Main stderr] E0628 02:37:53.611084 301928 log.go:398] failed to check terminal shell support: internal: internal error

2026-06-28 02:37:55.221 [error] [LS Main stderr] E0628 02:37:55.220707 301928 log.go:398] failed to check terminal shell support: internal: internal error

2026-06-28 02:37:55.225 [error] [LS Main stderr] E0628 02:37:55.225178 301928 log.go:398] failed to check terminal shell support: internal: internal error

2026-06-28 02:37:58.702 [error] [LS Main stderr] I0628 02:37:58.702205 301928 http_helpers.go:183] URL: https://daily-cloudcode-pa.googleapis.com/v1internal:streamGenerateContent?alt=sse Trace: 0xacd84948d94603f6

2026-06-28 02:37:58.748 [error] [LS Main stderr] E0628 02:37:58.747919 301928 log.go:398] failed to check terminal shell support: internal: internal error

2026-06-28 02:37:58.754 [error] [LS Main stderr] E0628 02:37:58.754147 301928 log.go:398] failed to check terminal shell support: internal: internal error

2026-06-28 02:38:00.969 [error] [LS Main stderr] E0628 02:38:00.968737 301928 log.go:398] failed to check terminal shell support: internal: internal error

2026-06-28 02:38:00.971 [error] [LS Main stderr] E0628 02:38:00.970584 301928 log.go:398] failed to check terminal shell support: internal: internal error

2026-06-28 02:38:01.007 [error] [LS Main stderr] E0628 02:38:01.007195 301928 log.go:398] failed to check terminal shell support: internal: internal error

2026-06-28 02:38:01.009 [error] [LS Main stderr] E0628 02:38:01.009003 301928 log.go:398] failed to check terminal shell support: internal: internal error

2026-06-28 02:38:01.035 [error] [LS Main stderr] E0628 02:38:01.035322 301928 log.go:398] failed to check terminal shell support: internal: internal error

2026-06-28 02:38:01.037 [error] [LS Main stderr] E0628 02:38:01.037390 301928 log.go:398] failed to check terminal shell support: internal: internal error

2026-06-28 02:38:02.019 [error] [LS Main stderr] E0628 02:38:02.019404 301928 log.go:398] failed to check terminal shell support: internal: internal error

2026-06-28 02:38:02.021 [error] [LS Main stderr] E0628 02:38:02.020517 301928 log.go:398] failed to check terminal shell support: internal: internal error

2026-06-28 02:38:06.372 [error] [LS Main stderr] I0628 02:38:06.371836 301928 http_helpers.go:183] URL: https://daily-cloudcode-pa.googleapis.com/v1internal:streamGenerateContent?alt=sse Trace: 0x8e0014d77e5af809

2026-06-28 02:38:06.431 [error] [LS Main stderr] E0628 02:38:06.431127 301928 log.go:398] failed to check terminal shell support: internal: internal error

2026-06-28 02:38:06.432 [error] [LS Main stderr] E0628 02:38:06.432413 301928 log.go:398] failed to check terminal shell support: internal: internal error

2026-06-28 02:38:08.523 [error] [LS Main stderr] E0628 02:38:08.522479 301928 log.go:398] failed to check terminal shell support: internal: internal error

2026-06-28 02:38:08.530 [error] [LS Main stderr] E0628 02:38:08.530164 301928 log.go:398] failed to check terminal shell support: internal: internal error

2026-06-28 02:38:08.564 [error] [LS Main stderr] E0628 02:38:08.563808 301928 log.go:398] failed to check terminal shell support: internal: internal error

2026-06-28 02:38:08.566 [error] [LS Main stderr] E0628 02:38:08.566042 301928 log.go:398] failed to check terminal shell support: internal: internal error

2026-06-28 02:38:13.176 [error] [LS Main stderr] I0628 02:38:13.176246 301928 http_helpers.go:183] URL: https://daily-cloudcode-pa.googleapis.com/v1internal:streamGenerateContent?alt=sse Trace: 0x99c71788a67a8da4

2026-06-28 02:38:13.238 [error] [LS Main stderr] E0628 02:38:13.236975 301928 log.go:398] failed to check terminal shell support: internal: internal error

2026-06-28 02:38:13.240 [error] [LS Main stderr] E0628 02:38:13.240149 301928 log.go:398] failed to check terminal shell support: internal: internal error

2026-06-28 02:38:13.817 [error] [LS Main stderr] E0628 02:38:13.817234 301928 log.go:398] failed to check terminal shell support: internal: internal error

2026-06-28 02:38:13.818 [error] [LS Main stderr] E0628 02:38:13.818222 301928 log.go:398] failed to check terminal shell support: internal: internal error

2026-06-28 02:38:18.910 [error] [LS Main stderr] E0628 02:38:18.910116 301928 log.go:398] failed to check terminal shell support: internal: internal error

2026-06-28 02:38:18.912 [error] [LS Main stderr] E0628 02:38:18.912278 301928 log.go:398] failed to check terminal shell support: internal: internal error

2026-06-28 02:38:19.020 [error] [LS Main stderr] E0628 02:38:19.019806 301928 log.go:398] failed to check terminal shell support: internal: internal error

2026-06-28 02:38:19.022 [error] [LS Main stderr] E0628 02:38:19.021879 301928 log.go:398] failed to check terminal shell support: internal: internal error

2026-06-28 02:38:22.019 [error] [LS Main stderr] E0628 02:38:22.019326 301928 log.go:398] failed to check terminal shell support: internal: internal error

2026-06-28 02:38:22.020 [error] [LS Main stderr] E0628 02:38:22.020782 301928 log.go:398] failed to check terminal shell support: internal: internal error

2026-06-28 02:38:23.588 [error] [LS Main stderr] I0628 02:38:23.588465 301928 http_helpers.go:183] URL: https://daily-cloudcode-pa.googleapis.com/v1internal:streamGenerateContent?alt=sse Trace: 0x8c2d21f891330b23

2026-06-28 02:38:23.667 [error] [LS Main stderr] E0628 02:38:23.666087 301928 log.go:398] failed to check terminal shell support: internal: internal error

2026-06-28 02:38:23.670 [error] [LS Main stderr] E0628 02:38:23.668656 301928 log.go:398] failed to check terminal shell support: internal: internal error

2026-06-28 02:38:23.777 [error] [LS Main stderr] E0628 02:38:23.777710 301928 log.go:398] failed to check terminal shell support: internal: internal error

2026-06-28 02:38:23.780 [error] [LS Main stderr] E0628 02:38:23.779529 301928 log.go:398] failed to check terminal shell support: internal: internal error

2026-06-28 02:38:23.802 [error] [LS Main stderr] E0628 02:38:23.802095 301928 log.go:398] failed to check terminal shell support: internal: internal error

2026-06-28 02:38:23.804 [error] [LS Main stderr] E0628 02:38:23.804106 301928 log.go:398] failed to check terminal shell support: internal: internal error

2026-06-28 02:38:23.846 [error] [LS Main stderr] E0628 02:38:23.846317 301928 log.go:398] failed to check terminal shell support: internal: internal error

2026-06-28 02:38:23.849 [error] [LS Main stderr] E0628 02:38:23.848435 301928 log.go:398] failed to check terminal shell support: internal: internal error

2026-06-28 02:38:26.492 [error] [LS Main stderr] I0628 02:38:26.492426 301928 http_helpers.go:183] URL: https://daily-cloudcode-pa.googleapis.com/v1internal:loadCodeAssist Trace: 0x26c0a673fdc2a79e

2026-06-28 02:38:27.122 [error] [LS Main stderr] I0628 02:38:27.122528 301928 http_helpers.go:183] URL: https://daily-cloudcode-pa.googleapis.com/v1internal:fetchAvailableModels Trace: 0x41ad844a613bf0e3

2026-06-28 02:38:27.138 [error] [LS Main stderr] E0628 02:38:27.138609 301928 log.go:398] failed to check terminal shell support: internal: internal error

2026-06-28 02:38:27.141 [error] [LS Main stderr] E0628 02:38:27.141202 301928 log.go:398] failed to check terminal shell support: internal: internal error

2026-06-28 02:38:27.143 [error] [LS Main stderr] E0628 02:38:27.143224 301928 log.go:398] failed to check terminal shell support: internal: internal error

2026-06-28 02:38:27.146 [error] [LS Main stderr] E0628 02:38:27.145266 301928 log.go:398] failed to check terminal shell support: internal: internal error

2026-06-28 02:38:28.262 [error] [LS Main stderr] I0628 02:38:28.262164 301928 http_helpers.go:183] URL: https://daily-cloudcode-pa.googleapis.com/v1internal:streamGenerateContent?alt=sse Trace: 0xdcebcdf7bc320169

2026-06-28 02:38:28.318 [error] [LS Main stderr] E0628 02:38:28.318522 301928 log.go:398] failed to check terminal shell support: internal: internal error

2026-06-28 02:38:28.320 [error] [LS Main stderr] E0628 02:38:28.320259 301928 log.go:398] failed to check terminal shell support: internal: internal error

2026-06-28 02:38:28.442 [error] [LS Main stderr] E0628 02:38:28.442925 301928 log.go:398] failed to check terminal shell support: internal: internal error

2026-06-28 02:38:28.444 [error] [LS Main stderr] E0628 02:38:28.443980 301928 log.go:398] failed to check terminal shell support: internal: internal error

2026-06-28 02:38:28.561 [error] [LS Main stderr] E0628 02:38:28.561435 301928 log.go:398] failed to check terminal shell support: internal: internal error

2026-06-28 02:38:28.562 [error] [LS Main stderr] E0628 02:38:28.562628 301928 log.go:398] failed to check terminal shell support: internal: internal error

2026-06-28 02:38:34.120 [error] [LS Main stderr] I0628 02:38:34.119720 301928 http_helpers.go:183] URL: https://daily-cloudcode-pa.googleapis.com/v1internal:streamGenerateContent?alt=sse Trace: 0xb9bdc52640befd5e

2026-06-28 02:38:34.200 [error] [LS Main stderr] E0628 02:38:34.200389 301928 log.go:398] failed to check terminal shell support: internal: internal error

2026-06-28 02:38:34.205 [error] [LS Main stderr] E0628 02:38:34.205105 301928 log.go:398] failed to check terminal shell support: internal: internal error

2026-06-28 02:38:41.412 [error] [LS Main stderr] I0628 02:38:41.412566 301928 http_helpers.go:183] URL: https://daily-cloudcode-pa.googleapis.com/v1internal:loadCodeAssist Trace: 0xc456d803c7864571

2026-06-28 02:38:42.123 [error] [LS Main stderr] I0628 02:38:42.123772 301928 http_helpers.go:183] URL: https://daily-cloudcode-pa.googleapis.com/v1internal:fetchAvailableModels Trace: 0xe23cc12839e1964d

2026-06-28 02:38:42.127 [error] [LS Main stderr] E0628 02:38:42.127352 301928 log.go:398] failed to check terminal shell support: internal: internal error

2026-06-28 02:38:42.130 [error] [LS Main stderr] E0628 02:38:42.130257 301928 log.go:398] failed to check terminal shell support: internal: internal error

2026-06-28 02:38:44.115 [error] [LS Main stderr] E0628 02:38:44.114928 301928 log.go:398] failed to check terminal shell support: internal: internal error

2026-06-28 02:38:44.117 [error] [LS Main stderr] E0628 02:38:44.116725 301928 log.go:398] failed to check terminal shell support: internal: internal error

2026-06-28 02:38:45.021 [error] [LS Main stderr] E0628 02:38:45.021243 301928 log.go:398] failed to check terminal shell support: internal: internal error

2026-06-28 02:38:45.025 [error] [LS Main stderr] E0628 02:38:45.024012 301928 log.go:398] failed to check terminal shell support: internal: internal error

2026-06-28 02:38:46.019 [error] [LS Main stderr] E0628 02:38:46.019138 301928 log.go:398] failed to check terminal shell support: internal: internal error

2026-06-28 02:38:46.021 [error] [LS Main stderr] E0628 02:38:46.021476 301928 log.go:398] failed to check terminal shell support: internal: internal error

2026-06-28 02:38:48.781 [error] [LS Main stderr] I0628 02:38:48.781538 301928 http_helpers.go:183] URL: https://daily-cloudcode-pa.googleapis.com/v1internal:streamGenerateContent?alt=sse Trace: 0xe0247f8f6a21af18

2026-06-28 02:38:48.842 [error] [LS Main stderr] E0628 02:38:48.842325 301928 log.go:398] failed to check terminal shell support: internal: internal error

2026-06-28 02:38:48.844 [error] [LS Main stderr] E0628 02:38:48.844075 301928 log.go:398] failed to check terminal shell support: internal: internal error

2026-06-28 02:38:48.890 [error] [LS Main stderr] E0628 02:38:48.890189 301928 log.go:398] failed to check terminal shell support: internal: internal error

2026-06-28 02:38:48.891 [error] [LS Main stderr] E0628 02:38:48.891890 301928 log.go:398] failed to check terminal shell support: internal: internal error

2026-06-28 02:38:48.921 [error] [LS Main stderr] E0628 02:38:48.920533 301928 log.go:398] failed to check terminal shell support: internal: internal error

2026-06-28 02:38:48.923 [error] [LS Main stderr] E0628 02:38:48.923416 301928 log.go:398] failed to check terminal shell support: internal: internal error

2026-06-28 02:38:48.951 [error] [LS Main stderr] E0628 02:38:48.951327 301928 log.go:398] failed to check terminal shell support: internal: internal error

2026-06-28 02:38:48.953 [error] [LS Main stderr] E0628 02:38:48.953203 301928 log.go:398] failed to check terminal shell support: internal: internal error

2026-06-28 02:38:50.032 [error] [LS Main stderr] E0628 02:38:50.032055 301928 log.go:398] failed to check terminal shell support: internal: internal error

2026-06-28 02:38:50.034 [error] [LS Main stderr] E0628 02:38:50.033326 301928 log.go:398] failed to check terminal shell support: internal: internal error

2026-06-28 02:38:54.072 [error] [LS Main stderr] I0628 02:38:54.072343 301928 http_helpers.go:183] URL: https://daily-cloudcode-pa.googleapis.com/v1internal:streamGenerateContent?alt=sse Trace: 0x14fc7681953bb9cb

2026-06-28 02:38:54.116 [error] [LS Main stderr] E0628 02:38:54.115903 301928 log.go:398] failed to check terminal shell support: internal: internal error

2026-06-28 02:38:54.117 [error] [LS Main stderr] E0628 02:38:54.117492 301928 log.go:398] failed to check terminal shell support: internal: internal error

2026-06-28 02:38:58.662 [error] [LS Main stderr] E0628 02:38:58.662081 301928 log.go:398] failed to check terminal shell support: internal: internal error

2026-06-28 02:38:58.665 [error] [LS Main stderr] E0628 02:38:58.664709 301928 log.go:398] failed to check terminal shell support: internal: internal error

2026-06-28 02:38:58.712 [error] [LS Main stderr] E0628 02:38:58.711964 301928 log.go:398] failed to check terminal shell support: internal: internal error

2026-06-28 02:38:58.714 [error] [LS Main stderr] E0628 02:38:58.714350 301928 log.go:398] failed to check terminal shell support: internal: internal error

2026-06-28 02:39:03.936 [error] [LS Main stderr] I0628 02:39:03.936120 301928 http_helpers.go:183] URL: https://daily-cloudcode-pa.googleapis.com/v1internal:streamGenerateContent?alt=sse Trace: 0xd04ab2970cf329b5

2026-06-28 02:39:03.994 [error] [LS Main stderr] E0628 02:39:03.994339 301928 log.go:398] failed to check terminal shell support: internal: internal error

2026-06-28 02:39:03.996 [error] [LS Main stderr] E0628 02:39:03.996355 301928 log.go:398] failed to check terminal shell support: internal: internal error

2026-06-28 02:39:05.379 [error] [LS Main stderr] E0628 02:39:05.379079 301928 log.go:398] failed to check terminal shell support: internal: internal error

2026-06-28 02:39:05.380 [error] [LS Main stderr] E0628 02:39:05.380597 301928 log.go:398] failed to check terminal shell support: internal: internal error

2026-06-28 02:39:05.439 [error] [LS Main stderr] E0628 02:39:05.439409 301928 log.go:398] failed to check terminal shell support: internal: internal error

2026-06-28 02:39:05.441 [error] [LS Main stderr] E0628 02:39:05.441368 301928 log.go:398] failed to check terminal shell support: internal: internal error

2026-06-28 02:39:10.899 [error] [LS Main stderr] I0628 02:39:10.898868 301928 http_helpers.go:183] URL: https://daily-cloudcode-pa.googleapis.com/v1internal:streamGenerateContent?alt=sse Trace: 0xf8ec4fb3659213ff

2026-06-28 02:39:10.957 [error] [LS Main stderr] E0628 02:39:10.957204 301928 log.go:398] failed to check terminal shell support: internal: internal error

2026-06-28 02:39:10.959 [error] [LS Main stderr] E0628 02:39:10.959336 301928 log.go:398] failed to check terminal shell support: internal: internal error

2026-06-28 02:39:11.844 [error] [LS Main stderr] E0628 02:39:11.844869 301928 log.go:398] failed to check terminal shell support: internal: internal error

2026-06-28 02:39:11.847 [error] [LS Main stderr] E0628 02:39:11.847462 301928 log.go:398] failed to check terminal shell support: internal: internal error

2026-06-28 02:39:11.871 [error] [LS Main stderr] E0628 02:39:11.870828 301928 log.go:398] failed to check terminal shell support: internal: internal error

2026-06-28 02:39:11.873 [error] [LS Main stderr] E0628 02:39:11.873368 301928 log.go:398] failed to check terminal shell support: internal: internal error

2026-06-28 02:39:17.043 [error] [LS Main stderr] I0628 02:39:17.042950 301928 http_helpers.go:183] URL: https://daily-cloudcode-pa.googleapis.com/v1internal:streamGenerateContent?alt=sse Trace: 0xcbff59db44bb79ba

2026-06-28 02:39:17.101 [error] [LS Main stderr] E0628 02:39:17.101703 301928 log.go:398] failed to check terminal shell support: internal: internal error

2026-06-28 02:39:17.103 [error] [LS Main stderr] E0628 02:39:17.103115 301928 log.go:398] failed to check terminal shell support: internal: internal error

2026-06-28 02:39:22.130 [error] [LS Main stderr] E0628 02:39:22.130432 301928 log.go:398] failed to check terminal shell support: internal: internal error

2026-06-28 02:39:22.132 [error] [LS Main stderr] E0628 02:39:22.132009 301928 log.go:398] failed to check terminal shell support: internal: internal error

2026-06-28 02:39:22.151 [error] [LS Main stderr] E0628 02:39:22.151365 301928 log.go:398] failed to check terminal shell support: internal: internal error

2026-06-28 02:39:22.153 [error] [LS Main stderr] E0628 02:39:22.153511 301928 log.go:398] failed to check terminal shell support: internal: internal error

2026-06-28 02:39:27.052 [error] [LS Main stderr] I0628 02:39:27.051699 301928 http_helpers.go:183] URL: https://daily-cloudcode-pa.googleapis.com/v1internal:streamGenerateContent?alt=sse Trace: 0xcd471f1fc4a00049

2026-06-28 02:39:27.115 [error] [LS Main stderr] E0628 02:39:27.115564 301928 log.go:398] failed to check terminal shell support: internal: internal error

2026-06-28 02:39:27.116 [error] [LS Main stderr] E0628 02:39:27.116870 301928 log.go:398] failed to check terminal shell support: internal: internal error

2026-06-28 02:39:29.004 [error] [LS Main stderr] E0628 02:39:29.004082 301928 log.go:398] failed to check terminal shell support: internal: internal error

2026-06-28 02:39:29.005 [error] [LS Main stderr] E0628 02:39:29.005882 301928 log.go:398] failed to check terminal shell support: internal: internal error

2026-06-28 02:39:29.091 [error] [LS Main stderr] E0628 02:39:29.091049 301928 log.go:398] failed to check terminal shell support: internal: internal error

2026-06-28 02:39:29.093 [error] [LS Main stderr] E0628 02:39:29.093784 301928 log.go:398] failed to check terminal shell support: internal: internal error

2026-06-28 02:39:34.246 [error] [LS Main stderr] I0628 02:39:34.245970 301928 http_helpers.go:183] URL: https://daily-cloudcode-pa.googleapis.com/v1internal:streamGenerateContent?alt=sse Trace: 0x35dc9f5d5583c86a

2026-06-28 02:39:34.309 [error] [LS Main stderr] E0628 02:39:34.308606 301928 log.go:398] failed to check terminal shell support: internal: internal error

2026-06-28 02:39:34.321 [error] [LS Main stderr] E0628 02:39:34.321467 301928 log.go:398] failed to check terminal shell support: internal: internal error

2026-06-28 02:39:34.806 [error] [LS Main stderr] E0628 02:39:34.806118 301928 log.go:398] failed to check terminal shell support: internal: internal error

2026-06-28 02:39:34.809 [error] [LS Main stderr] E0628 02:39:34.808408 301928 log.go:398] failed to check terminal shell support: internal: internal error

2026-06-28 02:39:34.845 [error] [LS Main stderr] E0628 02:39:34.845373 301928 log.go:398] failed to check terminal shell support: internal: internal error

2026-06-28 02:39:34.846 [error] [LS Main stderr] E0628 02:39:34.846617 301928 log.go:398] failed to check terminal shell support: internal: internal error

2026-06-28 02:39:39.775 [error] [LS Main stderr] I0628 02:39:39.775634 301928 http_helpers.go:183] URL: https://daily-cloudcode-pa.googleapis.com/v1internal:streamGenerateContent?alt=sse Trace: 0x625e123951b3cd09

2026-06-28 02:39:39.829 [error] [LS Main stderr] E0628 02:39:39.828951 301928 log.go:398] failed to check terminal shell support: internal: internal error

2026-06-28 02:39:39.831 [error] [LS Main stderr] E0628 02:39:39.830892 301928 log.go:398] failed to check terminal shell support: internal: internal error

2026-06-28 02:39:41.296 [error] [LS Main stderr] E0628 02:39:41.296830 301928 log.go:398] failed to check terminal shell support: internal: internal error

2026-06-28 02:39:41.299 [error] [LS Main stderr] E0628 02:39:41.299180 301928 log.go:398] failed to check terminal shell support: internal: internal error

2026-06-28 02:39:41.592 [error] [LS Main stderr] E0628 02:39:41.592388 301928 log.go:398] failed to check terminal shell support: internal: internal error

2026-06-28 02:39:41.594 [error] [LS Main stderr] E0628 02:39:41.594334 301928 log.go:398] failed to check terminal shell support: internal: internal error

2026-06-28 02:39:47.149 [error] [LS Main stderr] I0628 02:39:47.149668 301928 http_helpers.go:183] URL: https://daily-cloudcode-pa.googleapis.com/v1internal:streamGenerateContent?alt=sse Trace: 0x2607f3d2d9ce2138

2026-06-28 02:39:47.200 [error] [LS Main stderr] E0628 02:39:47.200266 301928 log.go:398] failed to check terminal shell support: internal: internal error

2026-06-28 02:39:47.207 [error] [LS Main stderr] E0628 02:39:47.207348 301928 log.go:398] failed to check terminal shell support: internal: internal error

2026-06-28 02:39:48.744 [error] [LS Main stderr] E0628 02:39:48.744174 301928 log.go:398] failed to check terminal shell support: internal: internal error

2026-06-28 02:39:48.747 [error] [LS Main stderr] E0628 02:39:48.746424 301928 log.go:398] failed to check terminal shell support: internal: internal error

2026-06-28 02:39:48.809 [error] [LS Main stderr] E0628 02:39:48.809345 301928 log.go:398] failed to check terminal shell support: internal: internal error

2026-06-28 02:39:48.810 [error] [LS Main stderr] E0628 02:39:48.810772 301928 log.go:398] failed to check terminal shell support: internal: internal error

2026-06-28 02:39:59.236 [error] [LS Main stderr] I0628 02:39:59.235943 301928 http_helpers.go:183] URL: https://daily-cloudcode-pa.googleapis.com/v1internal:streamGenerateContent?alt=sse Trace: 0x1e2400d18a25f05c

2026-06-28 02:39:59.359 [error] [LS Main stderr] E0628 02:39:59.359362 301928 log.go:398] failed to check terminal shell support: internal: internal error

2026-06-28 02:39:59.361 [error] [LS Main stderr] E0628 02:39:59.360938 301928 log.go:398] failed to check terminal shell support: internal: internal error

2026-06-28 02:39:59.431 [error] [LS Main stderr] E0628 02:39:59.430850 301928 log.go:398] failed to check terminal shell support: internal: internal error

2026-06-28 02:39:59.432 [error] [LS Main stderr] E0628 02:39:59.432474 301928 log.go:398] failed to check terminal shell support: internal: internal error

2026-06-28 02:39:59.460 [error] [LS Main stderr] E0628 02:39:59.460134 301928 log.go:398] failed to check terminal shell support: internal: internal error

2026-06-28 02:39:59.461 [error] [LS Main stderr] E0628 02:39:59.461321 301928 log.go:398] failed to check terminal shell support: internal: internal error

2026-06-28 02:40:04.557 [error] [LS Main stderr] I0628 02:40:04.557339 301928 http_helpers.go:183] URL: https://daily-cloudcode-pa.googleapis.com/v1internal:streamGenerateContent?alt=sse Trace: 0x5012ab6873fab5e3

2026-06-28 02:40:04.614 [error] [LS Main stderr] E0628 02:40:04.614326 301928 log.go:398] failed to check terminal shell support: internal: internal error

2026-06-28 02:40:04.616 [error] [LS Main stderr] E0628 02:40:04.616029 301928 log.go:398] failed to check terminal shell support: internal: internal error

2026-06-28 02:40:10.895 [error] [LS Main stderr] E0628 02:40:10.895437 301928 log.go:398] failed to check terminal shell support: internal: internal error

2026-06-28 02:40:10.899 [error] [LS Main stderr] E0628 02:40:10.898412 301928 log.go:398] failed to check terminal shell support: internal: internal error

2026-06-28 02:40:10.973 [error] [LS Main stderr] E0628 02:40:10.973324 301928 log.go:398] failed to check terminal shell support: internal: internal error

2026-06-28 02:40:10.976 [error] [LS Main stderr] E0628 02:40:10.976391 301928 log.go:398] failed to check terminal shell support: internal: internal error

2026-06-28 02:40:16.230 [error] [LS Main stderr] I0628 02:40:16.229771 301928 http_helpers.go:183] URL: https://daily-cloudcode-pa.googleapis.com/v1internal:streamGenerateContent?alt=sse Trace: 0x79610bcaa1db1d98

2026-06-28 02:40:16.298 [error] [LS Main stderr] E0628 02:40:16.298041 301928 log.go:398] failed to check terminal shell support: internal: internal error

2026-06-28 02:40:16.300 [error] [LS Main stderr] E0628 02:40:16.300024 301928 log.go:398] failed to check terminal shell support: internal: internal error

2026-06-28 02:40:20.494 [error] [LS Main stderr] E0628 02:40:20.493611 301928 log.go:398] failed to check terminal shell support: internal: internal error

2026-06-28 02:40:20.495 [error] [LS Main stderr] E0628 02:40:20.495111 301928 log.go:398] failed to check terminal shell support: internal: internal error

2026-06-28 02:40:20.623 [error] [LS Main stderr] E0628 02:40:20.623836 301928 log.go:398] failed to check terminal shell support: internal: internal error

2026-06-28 02:40:20.625 [error] [LS Main stderr] E0628 02:40:20.625316 301928 log.go:398] failed to check terminal shell support: internal: internal error

2026-06-28 02:40:26.222 [error] [LS Main stderr] I0628 02:40:26.222313 301928 http_helpers.go:183] URL: https://daily-cloudcode-pa.googleapis.com/v1internal:streamGenerateContent?alt=sse Trace: 0xe516c9c7d5efdef2

2026-06-28 02:40:26.287 [error] [LS Main stderr] E0628 02:40:26.286817 301928 log.go:398] failed to check terminal shell support: internal: internal error

2026-06-28 02:40:26.289 [error] [LS Main stderr] E0628 02:40:26.289283 301928 log.go:398] failed to check terminal shell support: internal: internal error

2026-06-28 02:40:28.659 [error] [LS Main stderr] E0628 02:40:28.659011 301928 log.go:398] failed to check terminal shell support: internal: internal error

2026-06-28 02:40:28.661 [error] [LS Main stderr] E0628 02:40:28.661067 301928 log.go:398] failed to check terminal shell support: internal: internal error

2026-06-28 02:40:28.732 [error] [LS Main stderr] E0628 02:40:28.732389 301928 log.go:398] failed to check terminal shell support: internal: internal error

2026-06-28 02:40:28.733 [error] [LS Main stderr] E0628 02:40:28.733812 301928 log.go:398] failed to check terminal shell support: internal: internal error

2026-06-28 02:40:34.047 [error] [LS Main stderr] I0628 02:40:34.046798 301928 http_helpers.go:183] URL: https://daily-cloudcode-pa.googleapis.com/v1internal:streamGenerateContent?alt=sse Trace: 0x51d08914012b643f

2026-06-28 02:40:34.116 [error] [LS Main stderr] E0628 02:40:34.116465 301928 log.go:398] failed to check terminal shell support: internal: internal error

2026-06-28 02:40:34.123 [error] [LS Main stderr] E0628 02:40:34.123670 301928 log.go:398] failed to check terminal shell support: internal: internal error

2026-06-28 02:40:37.689 [error] [LS Main stderr] E0628 02:40:37.688766 301928 log.go:398] failed to check terminal shell support: internal: internal error

2026-06-28 02:40:37.691 [error] [LS Main stderr] E0628 02:40:37.691409 301928 log.go:398] failed to check terminal shell support: internal: internal error

2026-06-28 02:40:38.369 [error] [LS Main stderr] E0628 02:40:38.369308 301928 log.go:398] failed to check terminal shell support: internal: internal error

2026-06-28 02:40:38.371 [error] [LS Main stderr] E0628 02:40:38.371190 301928 log.go:398] failed to check terminal shell support: internal: internal error

2026-06-28 02:40:38.372 [error] [LS Main stderr] E0628 02:40:38.372855 301928 log.go:398] failed to check terminal shell support: internal: internal error

2026-06-28 02:40:38.398 [error] [LS Main stderr] E0628 02:40:38.398056 301928 log.go:398] failed to check terminal shell support: internal: internal error

2026-06-28 02:40:38.399 [error] [LS Main stderr] E0628 02:40:38.399761 301928 log.go:398] failed to check terminal shell support: internal: internal error

2026-06-28 02:40:39.014 [error] [LS Main stderr] E0628 02:40:39.014322 301928 log.go:398] failed to check terminal shell support: internal: internal error

2026-06-28 02:40:39.016 [error] [LS Main stderr] E0628 02:40:39.015925 301928 log.go:398] failed to check terminal shell support: internal: internal error

2026-06-28 02:40:42.752 [error] [LS Main stderr] E0628 02:40:42.752061 301928 log.go:398] failed to check terminal shell support: internal: internal error

2026-06-28 02:40:42.754 [error] [LS Main stderr] E0628 02:40:42.753960 301928 log.go:398] failed to check terminal shell support: internal: internal error

2026-06-28 02:40:42.773 [error] [LS Main stderr] E0628 02:40:42.772929 301928 log.go:398] failed to check terminal shell support: internal: internal error

2026-06-28 02:40:42.775 [error] [LS Main stderr] E0628 02:40:42.775005 301928 log.go:398] failed to check terminal shell support: internal: internal error

2026-06-28 02:40:43.016 [error] [LS Main stderr] E0628 02:40:43.016350 301928 log.go:398] failed to check terminal shell support: internal: internal error

2026-06-28 02:40:43.018 [error] [LS Main stderr] E0628 02:40:43.018354 301928 log.go:398] failed to check terminal shell support: internal: internal error

2026-06-28 02:40:45.530 [error] [LS Main stderr] E0628 02:40:45.529362 301928 log.go:398] failed to check terminal shell support: internal: internal error

2026-06-28 02:40:45.533 [error] [LS Main stderr] E0628 02:40:45.533355 301928 log.go:398] failed to check terminal shell support: internal: internal error

2026-06-28 02:40:45.540 [error] [LS Main stderr] E0628 02:40:45.540626 301928 log.go:398] failed to check terminal shell support: internal: internal error

2026-06-28 02:40:45.543 [error] [LS Main stderr] E0628 02:40:45.543140 301928 log.go:398] failed to check terminal shell support: internal: internal error

2026-06-28 02:40:45.718 [error] [LS Main stderr] E0628 02:40:45.718409 301928 log.go:398] failed to check terminal shell support: internal: internal error

2026-06-28 02:40:45.721 [error] [LS Main stderr] E0628 02:40:45.721559 301928 log.go:398] failed to check terminal shell support: internal: internal error

2026-06-28 02:40:46.025 [error] [LS Main stderr] E0628 02:40:46.025539 301928 log.go:398] failed to check terminal shell support: internal: internal error

2026-06-28 02:40:46.032 [error] [LS Main stderr] E0628 02:40:46.032535 301928 log.go:398] failed to check terminal shell support: internal: internal error

2026-06-28 02:42:21.302 [error] [LS Main stderr] E0628 02:42:21.300429 301928 log.go:398] failed to check terminal shell support: internal: internal error

2026-06-28 02:42:21.303 [error] [LS Main stderr] E0628 02:42:21.302477 301928 log.go:398] failed to check terminal shell support: internal: internal error

2026-06-28 02:42:21.307 [error] [LS Main stderr] E0628 02:42:21.307633 301928 log.go:398] failed to check terminal shell support: internal: internal error

2026-06-28 02:42:21.322 [error] [LS Main stderr] E0628 02:42:21.322174 301928 log.go:398] failed to check terminal shell support: internal: internal error

2026-06-28 02:42:21.324 [error] [LS Main stderr] E0628 02:42:21.323947 301928 log.go:398] failed to check terminal shell support: internal: internal error

2026-06-28 02:42:21.360 [error] [LS Main stderr] E0628 02:42:21.359986 301928 log.go:398] failed to check terminal shell support: internal: internal error

2026-06-28 02:42:21.362 [error] [LS Main stderr] E0628 02:42:21.362749 301928 log.go:398] failed to check terminal shell support: internal: internal error

2026-06-28 02:42:21.485 [error] [LS Main stderr] E0628 02:42:21.485650 301928 log.go:398] failed to check terminal shell support: internal: internal error

2026-06-28 02:42:21.487 [error] [LS Main stderr] E0628 02:42:21.487339 301928 log.go:398] failed to check terminal shell support: internal: internal error

2026-06-28 02:42:21.500 [error] [LS Main stderr] E0628 02:42:21.499974 301928 log.go:398] failed to check terminal shell support: internal: internal error

2026-06-28 02:42:21.501 [error] [LS Main stderr] E0628 02:42:21.501326 301928 log.go:398] failed to check terminal shell support: internal: internal error

2026-06-28 02:42:21.525 [error] [LS Main stderr] E0628 02:42:21.525699 301928 log.go:398] failed to check terminal shell support: internal: internal error

2026-06-28 02:42:21.529 [error] [LS Main stderr] E0628 02:42:21.529147 301928 log.go:398] failed to check terminal shell support: internal: internal error

2026-06-28 02:42:21.538 [error] [LS Main stderr] E0628 02:42:21.538745 301928 log.go:398] failed to check terminal shell support: internal: internal error

2026-06-28 02:42:21.541 [error] [LS Main stderr] E0628 02:42:21.541316 301928 log.go:398] failed to check terminal shell support: internal: internal error

2026-06-28 02:42:21.572 [error] [LS Main stderr] E0628 02:42:21.572179 301928 log.go:398] failed to check terminal shell support: internal: internal error

2026-06-28 02:42:21.573 [error] [LS Main stderr] E0628 02:42:21.573639 301928 log.go:398] failed to check terminal shell support: internal: internal error

2026-06-28 02:42:21.587 [error] [LS Main stderr] E0628 02:42:21.587175 301928 log.go:398] failed to check terminal shell support: internal: internal error

2026-06-28 02:42:21.589 [error] [LS Main stderr] E0628 02:42:21.589082 301928 log.go:398] failed to check terminal shell support: internal: internal error

2026-06-28 02:42:21.599 [error] [LS Main stderr] E0628 02:42:21.598692 301928 log.go:398] failed to check terminal shell support: internal: internal error

2026-06-28 02:42:21.601 [error] [LS Main stderr] E0628 02:42:21.600995 301928 log.go:398] failed to check terminal shell support: internal: internal error

2026-06-28 02:42:22.027 [error] [LS Main stderr] E0628 02:42:22.026350 301928 log.go:398] failed to check terminal shell support: internal: internal error

2026-06-28 02:42:22.029 [error] [LS Main stderr] E0628 02:42:22.029243 301928 log.go:398] failed to check terminal shell support: internal: internal error

2026-06-28 02:42:23.086 [error] [LS Main stderr] I0628 02:42:23.086541 301928 http_helpers.go:183] URL: https://daily-cloudcode-pa.googleapis.com/v1internal:streamGenerateContent?alt=sse Trace: 0xc286581d65555ea4

2026-06-28 02:42:26.782 [error] [LS Main stderr] I0628 02:42:26.782150 301928 http_helpers.go:183] URL: https://daily-cloudcode-pa.googleapis.com/v1internal:streamGenerateContent?alt=sse Trace: 0xe38c0cf73d238daa

2026-06-28 02:42:26.835 [error] [LS Main stderr] E0628 02:42:26.834627 301928 log.go:398] failed to check terminal shell support: internal: internal error

2026-06-28 02:42:26.836 [error] [LS Main stderr] E0628 02:42:26.836269 301928 log.go:398] failed to check terminal shell support: internal: internal error

2026-06-28 02:42:28.017 [error] [LS Main stderr] E0628 02:42:28.016736 301928 log.go:398] failed to check terminal shell support: internal: internal error

2026-06-28 02:42:28.018 [error] [LS Main stderr] E0628 02:42:28.018591 301928 log.go:398] failed to check terminal shell support: internal: internal error

2026-06-28 02:42:31.414 [error] [LS Main stderr] E0628 02:42:31.414388 301928 log.go:398] failed to check terminal shell support: internal: internal error

2026-06-28 02:42:31.421 [error] [LS Main stderr] E0628 02:42:31.420939 301928 log.go:398] failed to check terminal shell support: internal: internal error

2026-06-28 02:42:32.028 [error] [LS Main stderr] E0628 02:42:32.028189 301928 log.go:398] failed to check terminal shell support: internal: internal error

2026-06-28 02:42:32.032 [error] [LS Main stderr] E0628 02:42:32.031512 301928 log.go:398] failed to check terminal shell support: internal: internal error

2026-06-28 02:42:46.004 [error] [LS Main stderr] E0628 02:42:46.003912 301928 log.go:398] Failed to set trajectory start index for sync refresh: could not convert a single message before hitting truncation; the most recent step (run_command) is too large to fit in the available context. It has ~2850 tokens (text: 2850, image: 0), exceeding the cascade_config.checkpoint_config.max_token_limit (1920). Consider reducing the size of the system instructions, or adjusting tool implementations to return smaller outputs

2026-06-28 02:42:46.021 [error] [LS Main stderr] E0628 02:42:46.020873 301928 log.go:398] Failed to set trajectory start index for async refresh: could not convert a single message before hitting truncation; the most recent step (run_command) is too large to fit in the available context. It has ~2850 tokens (text: 2850, image: 0), exceeding the cascade_config.checkpoint_config.max_token_limit (1920). Consider reducing the size of the system instructions, or adjusting tool implementations to return smaller outputs

2026-06-28 02:42:47.066 [error] [LS Main stderr] I0628 02:42:47.066513 301928 http_helpers.go:183] URL: https://daily-cloudcode-pa.googleapis.com/v1internal:streamGenerateContent?alt=sse Trace: 0x799bcd2f5b3d19f0

2026-06-28 02:42:47.680 [error] [LS Main stderr] I0628 02:42:47.680682 301928 http_helpers.go:183] URL: https://daily-cloudcode-pa.googleapis.com/v1internal:streamGenerateContent?alt=sse Trace: 0x4ad01c74fc77523d

2026-06-28 02:42:54.220 [error] [LS Main stderr] I0628 02:42:54.220774 301928 http_helpers.go:183] URL: https://daily-cloudcode-pa.googleapis.com/v1internal:streamGenerateContent?alt=sse Trace: 0x1cdddb360c20bfa6

2026-06-28 02:43:01.982 [error] [LS Main stderr] I0628 02:43:01.982199 301928 http_helpers.go:183] URL: https://daily-cloudcode-pa.googleapis.com/v1internal:streamGenerateContent?alt=sse Trace: 0xdfd8238456f0aff6

2026-06-28 02:43:02.264 [error] [LS Main stderr] I0628 02:43:02.263934 301928 http_helpers.go:183] URL: https://daily-cloudcode-pa.googleapis.com/v1internal:streamGenerateContent?alt=sse Trace: 0x5cf114677b8687dd

2026-06-28 02:43:05.191 [error] [LS Main stderr] I0628 02:43:05.191151 301928 http_helpers.go:183] URL: https://daily-cloudcode-pa.googleapis.com/v1internal:streamGenerateContent?alt=sse Trace: 0x5f1aedf7007a5a12

2026-06-28 02:43:05.258 [error] [LS Main stderr] I0628 02:43:05.258186 301928 http_helpers.go:183] URL: https://daily-cloudcode-pa.googleapis.com/v1internal:streamGenerateContent?alt=sse Trace: 0xbcb706e4df6cd201

2026-06-28 02:43:06.423 [error] [LS Main stderr] I0628 02:43:06.422873 301928 http_helpers.go:183] URL: https://daily-cloudcode-pa.googleapis.com/v1internal:streamGenerateContent?alt=sse Trace: 0x55cba2fdc0854938

2026-06-28 02:43:13.074 [error] [LS Main stderr] I0628 02:43:13.074694 301928 http_helpers.go:183] URL: https://daily-cloudcode-pa.googleapis.com/v1internal:streamGenerateContent?alt=sse Trace: 0x1910559d5c6d6ad7

2026-06-28 02:43:13.198 [error] [LS Main stderr] I0628 02:43:13.198159 301928 http_helpers.go:183] URL: https://daily-cloudcode-pa.googleapis.com/v1internal:streamGenerateContent?alt=sse Trace: 0x875f9b886943a99a

2026-06-28 02:43:27.181 [error] [LS Main stderr] I0628 02:43:27.181176 301928 http_helpers.go:183] URL: https://daily-cloudcode-pa.googleapis.com/v1internal:loadCodeAssist Trace: 0x6ad297531eb27594

2026-06-28 02:43:28.487 [error] [LS Main stderr] I0628 02:43:28.487288 301928 http_helpers.go:183] URL: https://daily-cloudcode-pa.googleapis.com/v1internal:fetchAvailableModels Trace: 0x94264b7bf86da3b4

2026-06-28 02:43:28.505 [error] [LS Main stderr] E0628 02:43:28.503878 301928 log.go:398] failed to check terminal shell support: internal: internal error

2026-06-28 02:43:28.509 [error] [LS Main stderr] E0628 02:43:28.509465 301928 log.go:398] failed to check terminal shell support: internal: internal error

2026-06-28 02:43:52.473 [error] [LS Main stderr] I0628 02:43:52.473131 301928 http_helpers.go:183] URL: https://daily-cloudcode-pa.googleapis.com/v1internal:streamGenerateContent?alt=sse Trace: 0x3e48de63f38dcf4

2026-06-28 02:43:52.552 [error] [LS Main stderr] I0628 02:43:52.552421 301928 http_helpers.go:183] URL: https://daily-cloudcode-pa.googleapis.com/v1internal:streamGenerateContent?alt=sse Trace: 0xd2d09c218b58fa81

2026-06-28 02:45:02.570 [error] [LS Main stderr] I0628 02:45:02.570763 301928 http_helpers.go:183] URL: https://daily-cloudcode-pa.googleapis.com/v1internal:streamGenerateContent?alt=sse Trace: 0xf1926293e5c7262c

2026-06-28 02:45:02.666 [error] [LS Main stderr] I0628 02:45:02.666572 301928 http_helpers.go:183] URL: https://daily-cloudcode-pa.googleapis.com/v1internal:streamGenerateContent?alt=sse Trace: 0x8a89a1e777a70baf

2026-06-28 02:45:04.693 [error] [LS Main stderr] I0628 02:45:04.693394 301928 http_helpers.go:183] URL: https://daily-cloudcode-pa.googleapis.com/v1internal:streamGenerateContent?alt=sse Trace: 0xe6281a6d23553595

2026-06-28 02:45:05.101 [error] [LS Main stderr] I0628 02:45:05.101148 301928 http_helpers.go:183] URL: https://daily-cloudcode-pa.googleapis.com/v1internal:streamGenerateContent?alt=sse Trace: 0x1a0a5c13a19e4d03

2026-06-28 02:45:05.718 [error] [LS Main stderr] I0628 02:45:05.718646 301928 http_helpers.go:183] URL: https://daily-cloudcode-pa.googleapis.com/v1internal:streamGenerateContent?alt=sse Trace: 0x7a517245cde8c8b4

2026-06-28 02:45:07.562 [error] [LS Main stderr] I0628 02:45:07.562127 301928 http_helpers.go:183] URL: https://daily-cloudcode-pa.googleapis.com/v1internal:streamGenerateContent?alt=sse Trace: 0x8dbbce1646aca216

2026-06-28 02:45:07.690 [error] [LS Main stderr] I0628 02:45:07.689945 301928 http_helpers.go:183] URL: https://daily-cloudcode-pa.googleapis.com/v1internal:streamGenerateContent?alt=sse Trace: 0xc6df1e3a92ab70de

2026-06-28 02:45:08.666 [error] [LS Main stderr] I0628 02:45:08.666820 301928 http_helpers.go:183] URL: https://daily-cloudcode-pa.googleapis.com/v1internal:streamGenerateContent?alt=sse Trace: 0x7523ace84b30196f

2026-06-28 02:45:11.327 [error] [LS Main stderr] I0628 02:45:11.327603 301928 http_helpers.go:183] URL: https://daily-cloudcode-pa.googleapis.com/v1internal:streamGenerateContent?alt=sse Trace: 0x56bf173f20a29521

2026-06-28 02:45:11.391 [error] [LS Main stderr] I0628 02:45:11.391259 301928 http_helpers.go:183] URL: https://daily-cloudcode-pa.googleapis.com/v1internal:streamGenerateContent?alt=sse Trace: 0xc62119fe98b6c486

2026-06-28 02:45:18.626 [error] [LS Main stderr] I0628 02:45:18.626359 301928 http_helpers.go:183] URL: https://daily-cloudcode-pa.googleapis.com/v1internal:streamGenerateContent?alt=sse Trace: 0x3f15642f235eab7c

2026-06-28 02:45:19.685 [error] [LS Main stderr] I0628 02:45:19.685016 301928 http_helpers.go:183] URL: https://daily-cloudcode-pa.googleapis.com/v1internal:streamGenerateContent?alt=sse Trace: 0xeacd4c97b9f93026

2026-06-28 02:45:34.184 [error] [LS Main stderr] I0628 02:45:34.184690 301928 http_helpers.go:183] URL: https://daily-cloudcode-pa.googleapis.com/v1internal:streamGenerateContent?alt=sse Trace: 0x39a332057001f5ca

2026-06-28 02:45:34.515 [error] [LS Main stderr] I0628 02:45:34.515147 301928 http_helpers.go:183] URL: https://daily-cloudcode-pa.googleapis.com/v1internal:streamGenerateContent?alt=sse Trace: 0xdbb1f54edfebbde5

2026-06-28 02:45:35.618 [error] [LS Main stderr] I0628 02:45:35.618451 301928 http_helpers.go:183] URL: https://daily-cloudcode-pa.googleapis.com/v1internal:streamGenerateContent?alt=sse Trace: 0x2f1fdd9f576e3b56

2026-06-28 02:45:35.652 [error] [LS Main stderr] I0628 02:45:35.652254 301928 http_helpers.go:183] URL: https://daily-cloudcode-pa.googleapis.com/v1internal:streamGenerateContent?alt=sse Trace: 0xd6c0eda6d8f97413

2026-06-28 02:45:36.707 [error] [LS Main stderr] I0628 02:45:36.707497 301928 http_helpers.go:183] URL: https://daily-cloudcode-pa.googleapis.com/v1internal:streamGenerateContent?alt=sse Trace: 0xc1bd8402f8c9984e

2026-06-28 02:45:42.430 [error] [LS Main stderr] I0628 02:45:42.430662 301928 http_helpers.go:183] URL: https://daily-cloudcode-pa.googleapis.com/v1internal:streamGenerateContent?alt=sse Trace: 0x84a4d97d268720dc

2026-06-28 02:45:42.780 [error] [LS Main stderr] I0628 02:45:42.780169 301928 http_helpers.go:183] URL: https://daily-cloudcode-pa.googleapis.com/v1internal:streamGenerateContent?alt=sse Trace: 0x65694f00cbde5b9b

2026-06-28 02:45:44.014 [error] [LS Main stderr] I0628 02:45:44.014125 301928 http_helpers.go:183] URL: https://daily-cloudcode-pa.googleapis.com/v1internal:streamGenerateContent?alt=sse Trace: 0x45b8db5354a021eb

2026-06-28 02:45:47.807 [error] [LS Main stderr] I0628 02:45:47.806649 301928 http_helpers.go:183] URL: https://daily-cloudcode-pa.googleapis.com/v1internal:streamGenerateContent?alt=sse Trace: 0xfd2f3711e12d6968

2026-06-28 02:45:48.314 [error] [LS Main stderr] I0628 02:45:48.314022 301928 http_helpers.go:183] URL: https://daily-cloudcode-pa.googleapis.com/v1internal:streamGenerateContent?alt=sse Trace: 0xe03afc82cac96e4e

2026-06-28 02:45:49.116 [error] [LS Main stderr] I0628 02:45:49.116684 301928 http_helpers.go:183] URL: https://daily-cloudcode-pa.googleapis.com/v1internal:streamGenerateContent?alt=sse Trace: 0xa066dc87e46bd87b

2026-06-28 02:45:50.568 [error] [LS Main stderr] I0628 02:45:50.568284 301928 http_helpers.go:183] URL: https://daily-cloudcode-pa.googleapis.com/v1internal:streamGenerateContent?alt=sse Trace: 0xb697ca64f77b64e3
I0628 02:45:50.568380 301928 http_helpers.go:183] URL: https://daily-cloudcode-pa.googleapis.com/v1internal:streamGenerateContent?alt=sse Trace: 0x979c257faea2769

2026-06-28 02:45:51.592 [error] [LS Main stderr] I0628 02:45:51.592312 301928 http_helpers.go:183] URL: https://daily-cloudcode-pa.googleapis.com/v1internal:streamGenerateContent?alt=sse Trace: 0xcba7beb9f283a7f2

2026-06-28 02:45:59.140 [error] [LS Main stderr] I0628 02:45:59.140694 301928 http_helpers.go:183] URL: https://daily-cloudcode-pa.googleapis.com/v1internal:streamGenerateContent?alt=sse Trace: 0xd7167d7bcbb229e0

2026-06-28 02:45:59.237 [error] [LS Main stderr] I0628 02:45:59.237169 301928 http_helpers.go:183] URL: https://daily-cloudcode-pa.googleapis.com/v1internal:streamGenerateContent?alt=sse Trace: 0xcdc34d5d436f3561

2026-06-28 02:46:00.300 [error] [LS Main stderr] I0628 02:46:00.299868 301928 http_helpers.go:183] URL: https://daily-cloudcode-pa.googleapis.com/v1internal:streamGenerateContent?alt=sse Trace: 0xdf27b85702942788

2026-06-28 02:46:00.475 [error] [LS Main stderr] I0628 02:46:00.474920 301928 http_helpers.go:183] URL: https://daily-cloudcode-pa.googleapis.com/v1internal:streamGenerateContent?alt=sse Trace: 0xfb043fa9fccfcf75

2026-06-28 02:46:01.218 [error] [LS Main stderr] I0628 02:46:01.218238 301928 http_helpers.go:183] URL: https://daily-cloudcode-pa.googleapis.com/v1internal:streamGenerateContent?alt=sse Trace: 0xc20208e6b73076f6

2026-06-28 02:46:02.653 [error] [LS Main stderr] I0628 02:46:02.653135 301928 http_helpers.go:183] URL: https://daily-cloudcode-pa.googleapis.com/v1internal:streamGenerateContent?alt=sse Trace: 0xeb4fb579e7baee53

2026-06-28 02:46:04.181 [error] [LS Main stderr] I0628 02:46:04.181713 301928 http_helpers.go:183] URL: https://daily-cloudcode-pa.googleapis.com/v1internal:streamGenerateContent?alt=sse Trace: 0x40c060611929aa8d

2026-06-28 02:46:04.494 [error] [LS Main stderr] I0628 02:46:04.494185 301928 http_helpers.go:183] URL: https://daily-cloudcode-pa.googleapis.com/v1internal:streamGenerateContent?alt=sse Trace: 0x431bd886ab9f0c94

2026-06-28 02:46:05.600 [error] [LS Main stderr] I0628 02:46:05.600640 301928 http_helpers.go:183] URL: https://daily-cloudcode-pa.googleapis.com/v1internal:streamGenerateContent?alt=sse Trace: 0x21b7a73c33b62182

2026-06-28 02:46:12.000 [error] [LS Main stderr] I0628 02:46:11.999788 301928 http_helpers.go:183] URL: https://daily-cloudcode-pa.googleapis.com/v1internal:streamGenerateContent?alt=sse Trace: 0xa400a28b8850d3bc

2026-06-28 02:46:12.254 [error] [LS Main stderr] I0628 02:46:12.254582 301928 http_helpers.go:183] URL: https://daily-cloudcode-pa.googleapis.com/v1internal:streamGenerateContent?alt=sse Trace: 0x4204e20e518d3512

2026-06-28 02:46:13.608 [error] [LS Main stderr] I0628 02:46:13.608310 301928 http_helpers.go:183] URL: https://daily-cloudcode-pa.googleapis.com/v1internal:streamGenerateContent?alt=sse Trace: 0xbd1b016f11f95c76

2026-06-28 02:46:13.762 [error] [LS Main stderr] I0628 02:46:13.762264 301928 http_helpers.go:183] URL: https://daily-cloudcode-pa.googleapis.com/v1internal:streamGenerateContent?alt=sse Trace: 0xb4560e448377bbda

2026-06-28 02:46:14.632 [error] [LS Main stderr] I0628 02:46:14.632301 301928 http_helpers.go:183] URL: https://daily-cloudcode-pa.googleapis.com/v1internal:streamGenerateContent?alt=sse Trace: 0x5bbca433f644c2f6

2026-06-28 02:46:15.667 [error] [LS Main stderr] I0628 02:46:15.667567 301928 http_helpers.go:183] URL: https://daily-cloudcode-pa.googleapis.com/v1internal:streamGenerateContent?alt=sse Trace: 0xaf03814778cb5bc1

2026-06-28 02:46:15.780 [error] [LS Main stderr] I0628 02:46:15.780093 301928 http_helpers.go:183] URL: https://daily-cloudcode-pa.googleapis.com/v1internal:streamGenerateContent?alt=sse Trace: 0xa98fd2495aeaba4b

2026-06-28 02:46:16.954 [error] [LS Main stderr] I0628 02:46:16.954045 301928 http_helpers.go:183] URL: https://daily-cloudcode-pa.googleapis.com/v1internal:streamGenerateContent?alt=sse Trace: 0x472e22cad164b3ee

2026-06-28 02:46:18.060 [error] [LS Main stderr] I0628 02:46:18.059765 301928 http_helpers.go:183] URL: https://daily-cloudcode-pa.googleapis.com/v1internal:streamGenerateContent?alt=sse Trace: 0x4d2cfd6d2b12eb73

2026-06-28 02:46:18.526 [error] [LS Main stderr] I0628 02:46:18.525889 301928 http_helpers.go:183] URL: https://daily-cloudcode-pa.googleapis.com/v1internal:streamGenerateContent?alt=sse Trace: 0xf240eaa451806bc2

2026-06-28 02:46:31.630 [error] [LS Main stderr] I0628 02:46:31.630757 301928 http_helpers.go:183] URL: https://daily-cloudcode-pa.googleapis.com/v1internal:streamGenerateContent?alt=sse Trace: 0xed700907d43aa40e

2026-06-28 02:46:31.702 [error] [LS Main stderr] I0628 02:46:31.702556 301928 http_helpers.go:183] URL: https://daily-cloudcode-pa.googleapis.com/v1internal:streamGenerateContent?alt=sse Trace: 0x94e7d096d5c12ba

2026-06-28 02:46:32.966 [error] [LS Main stderr] I0628 02:46:32.966442 301928 http_helpers.go:183] URL: https://daily-cloudcode-pa.googleapis.com/v1internal:streamGenerateContent?alt=sse Trace: 0x874328ec091844c6

2026-06-28 02:46:35.304 [error] [LS Main stderr] I0628 02:46:35.304614 301928 http_helpers.go:183] URL: https://daily-cloudcode-pa.googleapis.com/v1internal:streamGenerateContent?alt=sse Trace: 0xb905e653de333fe3

2026-06-28 02:46:35.400 [error] [LS Main stderr] I0628 02:46:35.399945 301928 http_helpers.go:183] URL: https://daily-cloudcode-pa.googleapis.com/v1internal:streamGenerateContent?alt=sse Trace: 0xaf339baf391cea1c

2026-06-28 02:46:36.547 [error] [LS Main stderr] I0628 02:46:36.546961 301928 http_helpers.go:183] URL: https://daily-cloudcode-pa.googleapis.com/v1internal:streamGenerateContent?alt=sse Trace: 0x1676f54de1172dfa

2026-06-28 02:46:36.547 [error] [LS Main stderr] I0628 02:46:36.547265 301928 http_helpers.go:183] URL: https://daily-cloudcode-pa.googleapis.com/v1internal:streamGenerateContent?alt=sse Trace: 0x2b58233a87a45e6a

2026-06-28 02:46:38.082 [error] [LS Main stderr] I0628 02:46:38.082347 301928 http_helpers.go:183] URL: https://daily-cloudcode-pa.googleapis.com/v1internal:streamGenerateContent?alt=sse Trace: 0x18fb4e95846341af

2026-06-28 02:46:39.030 [error] [LS Main stderr] I0628 02:46:39.030096 301928 http_helpers.go:183] URL: https://daily-cloudcode-pa.googleapis.com/v1internal:streamGenerateContent?alt=sse Trace: 0x1ba176d7c6ae2ae4

2026-06-28 02:46:40.176 [error] [LS Main stderr] I0628 02:46:40.176653 301928 http_helpers.go:183] URL: https://daily-cloudcode-pa.googleapis.com/v1internal:streamGenerateContent?alt=sse Trace: 0xba71533897dd9390

2026-06-28 02:46:52.828 [error] [LS Main stderr] I0628 02:46:52.828635 301928 http_helpers.go:183] URL: https://daily-cloudcode-pa.googleapis.com/v1internal:streamGenerateContent?alt=sse Trace: 0xe0f68b16742854de

2026-06-28 02:46:52.901 [error] [LS Main stderr] I0628 02:46:52.901482 301928 http_helpers.go:183] URL: https://daily-cloudcode-pa.googleapis.com/v1internal:streamGenerateContent?alt=sse Trace: 0xd1a3d314ebc258e3

2026-06-28 02:46:54.364 [error] [LS Main stderr] I0628 02:46:54.364078 301928 http_helpers.go:183] URL: https://daily-cloudcode-pa.googleapis.com/v1internal:streamGenerateContent?alt=sse Trace: 0x939f33cb7e2b10fe

2026-06-28 02:46:54.672 [error] [LS Main stderr] I0628 02:46:54.672651 301928 http_helpers.go:183] URL: https://daily-cloudcode-pa.googleapis.com/v1internal:streamGenerateContent?alt=sse Trace: 0x56e338aa8225372e

2026-06-28 02:46:55.797 [error] [LS Main stderr] I0628 02:46:55.797372 301928 http_helpers.go:183] URL: https://daily-cloudcode-pa.googleapis.com/v1internal:streamGenerateContent?alt=sse Trace: 0x2764a8ea54687276

2026-06-28 02:46:55.840 [error] [LS Main stderr] I0628 02:46:55.839724 301928 http_helpers.go:183] URL: https://daily-cloudcode-pa.googleapis.com/v1internal:streamGenerateContent?alt=sse Trace: 0xa4d6e9d7c601cfb3

2026-06-28 02:47:34.198 [error] [LS Main stderr] I0628 02:47:34.198322 301928 http_helpers.go:183] URL: https://daily-cloudcode-pa.googleapis.com/v1internal:streamGenerateContent?alt=sse Trace: 0x5e2f908f1e4b71a6

2026-06-28 02:47:34.390 [error] [LS Main stderr] I0628 02:47:34.390280 301928 http_helpers.go:183] URL: https://daily-cloudcode-pa.googleapis.com/v1internal:streamGenerateContent?alt=sse Trace: 0x1f08d0b558bf1733

2026-06-28 02:47:35.706 [error] [LS Main stderr] I0628 02:47:35.706483 301928 http_helpers.go:183] URL: https://daily-cloudcode-pa.googleapis.com/v1internal:streamGenerateContent?alt=sse Trace: 0xd6c851f303d0400a

2026-06-28 02:47:35.975 [error] [LS Main stderr] I0628 02:47:35.975029 301928 http_helpers.go:183] URL: https://daily-cloudcode-pa.googleapis.com/v1internal:streamGenerateContent?alt=sse Trace: 0x27aef530332b7e57

2026-06-28 02:47:45.086 [error] [LS Main stderr] E0628 02:47:45.085356 301928 log.go:398] failed to check terminal shell support: internal: internal error

2026-06-28 02:47:45.094 [error] [LS Main stderr] E0628 02:47:45.093507 301928 log.go:398] failed to check terminal shell support: internal: internal error

2026-06-28 02:47:45.166 [error] [LS Main stderr] E0628 02:47:45.166435 301928 log.go:398] failed to check terminal shell support: internal: internal error

2026-06-28 02:47:45.168 [error] [LS Main stderr] E0628 02:47:45.168119 301928 log.go:398] failed to check terminal shell support: internal: internal error

2026-06-28 02:47:45.170 [error] [LS Main stderr] E0628 02:47:45.170067 301928 log.go:398] failed to check terminal shell support: internal: internal error

2026-06-28 02:47:45.202 [error] [LS Main stderr] E0628 02:47:45.202431 301928 log.go:398] failed to check terminal shell support: internal: internal error

2026-06-28 02:47:45.204 [error] [LS Main stderr] E0628 02:47:45.204821 301928 log.go:398] failed to check terminal shell support: internal: internal error

2026-06-28 02:47:46.023 [error] [LS Main stderr] E0628 02:47:46.023422 301928 log.go:398] failed to check terminal shell support: internal: internal error

2026-06-28 02:47:46.025 [error] [LS Main stderr] E0628 02:47:46.024917 301928 log.go:398] failed to check terminal shell support: internal: internal error

2026-06-28 02:47:46.458 [error] [LS Main stderr] E0628 02:47:46.458475 301928 log.go:398] failed to check terminal shell support: internal: internal error

2026-06-28 02:47:46.469 [error] [LS Main stderr] E0628 02:47:46.468904 301928 log.go:398] failed to check terminal shell support: internal: internal error

2026-06-28 02:47:46.471 [error] [LS Main stderr] E0628 02:47:46.471076 301928 log.go:398] failed to check terminal shell support: internal: internal error

2026-06-28 02:47:46.473 [error] [LS Main stderr] E0628 02:47:46.473354 301928 log.go:398] failed to check terminal shell support: internal: internal error

2026-06-28 02:47:46.483 [error] [LS Main stderr] E0628 02:47:46.483280 301928 log.go:398] failed to check terminal shell support: internal: internal error

2026-06-28 02:47:46.485 [error] [LS Main stderr] E0628 02:47:46.484823 301928 log.go:398] failed to check terminal shell support: internal: internal error

2026-06-28 02:47:46.498 [error] [LS Main stderr] E0628 02:47:46.498859 301928 log.go:398] failed to check terminal shell support: internal: internal error

2026-06-28 02:47:46.501 [error] [LS Main stderr] E0628 02:47:46.501243 301928 log.go:398] failed to check terminal shell support: internal: internal error

2026-06-28 02:47:46.514 [error] [LS Main stderr] E0628 02:47:46.513736 301928 log.go:398] failed to check terminal shell support: internal: internal error

2026-06-28 02:47:46.516 [error] [LS Main stderr] E0628 02:47:46.516764 301928 log.go:398] failed to check terminal shell support: internal: internal error

2026-06-28 02:47:46.551 [error] [LS Main stderr] E0628 02:47:46.550926 301928 log.go:398] failed to check terminal shell support: internal: internal error

2026-06-28 02:47:46.553 [error] [LS Main stderr] E0628 02:47:46.553325 301928 log.go:398] failed to check terminal shell support: internal: internal error

2026-06-28 02:47:46.571 [error] [LS Main stderr] E0628 02:47:46.571150 301928 log.go:398] failed to check terminal shell support: internal: internal error

2026-06-28 02:47:46.573 [error] [LS Main stderr] E0628 02:47:46.573192 301928 log.go:398] failed to check terminal shell support: internal: internal error

2026-06-28 02:47:51.199 [error] [LS Main stderr] I0628 02:47:51.198889 301928 http_helpers.go:183] URL: https://daily-cloudcode-pa.googleapis.com/v1internal:streamGenerateContent?alt=sse Trace: 0xc92b7bdf4583afd9

2026-06-28 02:47:51.254 [error] [LS Main stderr] E0628 02:47:51.254442 301928 log.go:398] failed to check terminal shell support: internal: internal error

2026-06-28 02:47:51.256 [error] [LS Main stderr] E0628 02:47:51.256373 301928 log.go:398] failed to check terminal shell support: internal: internal error

2026-06-28 02:47:53.722 [error] [LS Main stderr] E0628 02:47:53.722684 301928 log.go:398] failed to check terminal shell support: internal: internal error

2026-06-28 02:47:53.726 [error] [LS Main stderr] E0628 02:47:53.725444 301928 log.go:398] failed to check terminal shell support: internal: internal error

2026-06-28 02:47:53.849 [error] [LS Main stderr] E0628 02:47:53.849737 301928 log.go:398] failed to check terminal shell support: internal: internal error

2026-06-28 02:47:53.852 [error] [LS Main stderr] E0628 02:47:53.852392 301928 log.go:398] failed to check terminal shell support: internal: internal error

2026-06-28 02:47:53.858 [error] [LS Main stderr] E0628 02:47:53.857869 301928 log.go:398] failed to check terminal shell support: internal: internal error

2026-06-28 02:47:53.861 [error] [LS Main stderr] E0628 02:47:53.861410 301928 log.go:398] failed to check terminal shell support: internal: internal error

2026-06-28 02:47:54.883 [error] [LS Main stderr] I0628 02:47:54.883602 301928 http_helpers.go:183] URL: https://daily-cloudcode-pa.googleapis.com/v1internal:streamGenerateContent?alt=sse Trace: 0x1d33cf46262a44df

2026-06-28 02:47:55.498 [error] [LS Main stderr] I0628 02:47:55.498383 301928 http_helpers.go:183] URL: https://daily-cloudcode-pa.googleapis.com/v1internal:streamGenerateContent?alt=sse Trace: 0x8fd7667896dba063

2026-06-28 02:47:55.888 [error] [LS Main stderr] E0628 02:47:55.888310 301928 log.go:398] failed to check terminal shell support: internal: internal error

2026-06-28 02:47:55.889 [error] [LS Main stderr] E0628 02:47:55.889839 301928 log.go:398] failed to check terminal shell support: internal: internal error

2026-06-28 02:48:00.356 [error] [LS Main stderr] I0628 02:48:00.356088 301928 http_helpers.go:183] URL: https://daily-cloudcode-pa.googleapis.com/v1internal:streamGenerateContent?alt=sse Trace: 0x1ec8e1a0685f9708

2026-06-28 02:48:00.413 [error] [LS Main stderr] E0628 02:48:00.413045 301928 log.go:398] failed to check terminal shell support: internal: internal error

2026-06-28 02:48:00.414 [error] [LS Main stderr] E0628 02:48:00.414042 301928 log.go:398] failed to check terminal shell support: internal: internal error

2026-06-28 02:48:01.456 [error] [LS Main stderr] E0628 02:48:01.456059 301928 log.go:398] failed to check terminal shell support: internal: internal error

2026-06-28 02:48:01.457 [error] [LS Main stderr] E0628 02:48:01.457394 301928 log.go:398] failed to check terminal shell support: internal: internal error

2026-06-28 02:48:02.034 [error] [LS Main stderr] E0628 02:48:02.034623 301928 log.go:398] failed to check terminal shell support: internal: internal error

2026-06-28 02:48:02.038 [error] [LS Main stderr] E0628 02:48:02.037961 301928 log.go:398] failed to check terminal shell support: internal: internal error

2026-06-28 02:48:07.548 [error] [LS Main stderr] E0628 02:48:07.547763 301928 log.go:398] failed to check terminal shell support: internal: internal error

2026-06-28 02:48:07.555 [error] [LS Main stderr] E0628 02:48:07.555420 301928 log.go:398] failed to check terminal shell support: internal: internal error

2026-06-28 02:48:07.566 [error] [LS Main stderr] E0628 02:48:07.565552 301928 log.go:398] failed to check terminal shell support: internal: internal error

2026-06-28 02:48:07.570 [error] [LS Main stderr] E0628 02:48:07.569399 301928 log.go:398] failed to check terminal shell support: internal: internal error

2026-06-28 02:48:27.080 [error] [LS Main stderr] I0628 02:48:27.079960 301928 http_helpers.go:183] URL: https://daily-cloudcode-pa.googleapis.com/v1internal:loadCodeAssist Trace: 0xc766174eb1c2eb4c

2026-06-28 02:48:27.877 [error] [LS Main stderr] I0628 02:48:27.877675 301928 http_helpers.go:183] URL: https://daily-cloudcode-pa.googleapis.com/v1internal:fetchAvailableModels Trace: 0xcd5a083db85743c7

2026-06-28 02:48:27.886 [error] [LS Main stderr] E0628 02:48:27.886114 301928 log.go:398] failed to check terminal shell support: internal: internal error

2026-06-28 02:48:27.888 [error] [LS Main stderr] E0628 02:48:27.888580 301928 log.go:398] failed to check terminal shell support: internal: internal error

