2026-06-27 23:08:07.945 [info] [LS Main] Starting language server from: /opt/antigravity-ide/resources/app/extensions/antigravity/bin/language_server_linux_x64
2026-06-27 23:08:07.971 [info] [LS Main] Args: --csrf_token e76e7fb7-d09b-444f-8373-f02ac128760c --extension_server_port 40623 --extension_server_csrf_token 3fbc4602-6f9d-4f94-bfff-7dd7aa1896cb --app_data_dir antigravity-ide --subclient_type ide --cloud_code_endpoint https://cloudcode-pa.googleapis.com
2026-06-27 23:08:07.977 [info] [LS Main] Process spawned with PID: 21361
2026-06-27 23:08:08.034 [error] [LS Main stderr] I0627 23:08:08.034532 21361 server.go:1296] Starting language server process with pid 21361

2026-06-27 23:08:08.036 [error] [LS Main stderr] I0627 23:08:08.034593 21361 server.go:336] Setting GOMAXPROCS to 4
I0627 23:08:08.035293 21361 server.go:479] Language server will attempt to listen on host localhost

2026-06-27 23:08:08.037 [error] [LS Main stderr] I0627 23:08:08.036889 21361 server.go:493] Language server listening on random port at 39387 for HTTPS (gRPC)
I0627 23:08:08.037541 21361 server.go:500] Language server listening on random port at 45105 for HTTP

2026-06-27 23:08:08.545 [error] [LS Main stderr] I0627 23:08:08.544697 21361 server.go:472] Created extension server client at port 40623

2026-06-27 23:08:08.563 [error] [LS Main stderr] I0627 23:08:08.558449 21361 manager.go:92] Creating trajectory store manager with proto store and SQLite store

2026-06-27 23:08:09.151 [error] No LS client info found for local authority
2026-06-27 23:08:11.559 [error] [LS Main stderr] E0627 23:08:11.559410 21361 log.go:398] WaitForReady failed: context deadline exceeded

2026-06-27 23:08:11.559 [error] [LS Main stderr] I0627 23:08:11.559669 21361 server.go:2283] Auth succeeded, refreshing features and managers

2026-06-27 23:08:11.777 [error] [LS Main stderr] I0627 23:08:11.744151 21361 http_helpers.go:183] URL: https://cloudcode-pa.googleapis.com/v1internal:loadCodeAssist Trace: 0x37286822b46fc4a4

2026-06-27 23:08:13.314 [error] [LS Main stderr] I0627 23:08:13.313918 21361 http_helpers.go:183] URL: https://cloudcode-pa.googleapis.com/v1internal:fetchAvailableModels Trace: 0x24e88123b568f0d1

2026-06-27 23:08:13.327 [error] [LS Main stderr] I0627 23:08:13.326783 21361 server.go:2289] State refresh took 1767ms

2026-06-27 23:08:13.337 [info] [LS Main] LS started on port 39387
2026-06-27 23:08:13.341 [error] [LS Main stderr] I0627 23:08:13.341500 21361 server.go:1944] initialized server successfully in 5.30687956s

2026-06-27 23:08:13.356 [error] [LS Main stderr] 2026/06/27 23:08:13 http: TLS handshake error from 127.0.0.1:35520: EOF

2026-06-27 23:08:13.526 [error] [LS Main stderr] E0627 23:08:13.525625 21361 interceptor.go:74] /exa.language_server_pb.LanguageServerService/GetSlashCommands (unknown): failed to resolve cascade config: neither PlanModel nor RequestedModel specified. You must specify a valid model.

2026-06-27 23:08:13.526 [error] [LS Main stderr] E0627 23:08:13.526009 21361 interceptor.go:74] /exa.language_server_pb.LanguageServerService/GetSlashCommands (unknown): failed to resolve cascade config: neither PlanModel nor RequestedModel specified. You must specify a valid model.

2026-06-27 23:08:13.566 [error] [LS Main stderr] E0627 23:08:13.566041 21361 interceptor.go:74] /exa.language_server_pb.LanguageServerService/GetSlashCommands (unknown): failed to resolve cascade config: neither PlanModel nor RequestedModel specified. You must specify a valid model.

2026-06-27 23:08:13.566 [error] [LS Main stderr] E0627 23:08:13.566644 21361 interceptor.go:74] /exa.language_server_pb.LanguageServerService/GetSlashCommands (unknown): failed to resolve cascade config: neither PlanModel nor RequestedModel specified. You must specify a valid model.

2026-06-27 23:08:13.567 [error] [LS Main stderr] E0627 23:08:13.567359 21361 interceptor.go:74] /exa.language_server_pb.LanguageServerService/GetSlashCommands (unknown): failed to resolve cascade config: neither PlanModel nor RequestedModel specified. You must specify a valid model.

2026-06-27 23:08:13.568 [error] [LS Main stderr] E0627 23:08:13.568183 21361 interceptor.go:74] /exa.language_server_pb.LanguageServerService/GetSlashCommands (unknown): failed to resolve cascade config: neither PlanModel nor RequestedModel specified. You must specify a valid model.

2026-06-27 23:08:13.569 [error] [LS Main stderr] E0627 23:08:13.569441 21361 interceptor.go:74] /exa.language_server_pb.LanguageServerService/GetSlashCommands (unknown): failed to resolve cascade config: neither PlanModel nor RequestedModel specified. You must specify a valid model.

2026-06-27 23:08:13.569 [error] [LS Main stderr] E0627 23:08:13.569650 21361 interceptor.go:74] /exa.language_server_pb.LanguageServerService/GetSlashCommands (unknown): failed to resolve cascade config: neither PlanModel nor RequestedModel specified. You must specify a valid model.

2026-06-27 23:08:13.570 [error] [LS Main stderr] E0627 23:08:13.570596 21361 interceptor.go:74] /exa.language_server_pb.LanguageServerService/GetSlashCommands (unknown): failed to resolve cascade config: neither PlanModel nor RequestedModel specified. You must specify a valid model.
E0627 23:08:13.570671 21361 interceptor.go:74] /exa.language_server_pb.LanguageServerService/GetSlashCommands (unknown): failed to resolve cascade config: neither PlanModel nor RequestedModel specified. You must specify a valid model.

2026-06-27 23:08:16.030 [error] [LS Main stderr] I0627 23:08:16.029842 21361 http_helpers.go:183] URL: https://daily-cloudcode-pa.googleapis.com/v1internal:loadCodeAssist Trace: 0x69322550a96954a8

2026-06-27 23:08:17.670 [error] [LS Main stderr] I0627 23:08:17.670327 21361 http_helpers.go:183] URL: https://daily-cloudcode-pa.googleapis.com/v1internal:fetchAvailableModels Trace: 0xbf3e442e742c95cb

2026-06-27 23:08:17.691 [error] [LS Main stderr] E0627 23:08:17.691548 21361 log.go:398] failed to check terminal shell support: internal: internal error

2026-06-27 23:08:17.699 [error] [LS Main stderr] E0627 23:08:17.699630 21361 log.go:398] failed to check terminal shell support: internal: internal error

2026-06-27 23:08:17.707 [error] [LS Main stderr] E0627 23:08:17.706955 21361 log.go:398] failed to check terminal shell support: internal: internal error

2026-06-27 23:08:17.714 [error] [LS Main stderr] E0627 23:08:17.714461 21361 log.go:398] failed to check terminal shell support: internal: internal error

2026-06-27 23:08:17.717 [error] [LS Main stderr] E0627 23:08:17.716720 21361 log.go:398] failed to check terminal shell support: internal: internal error

2026-06-27 23:08:17.723 [error] [LS Main stderr] E0627 23:08:17.720362 21361 log.go:398] failed to check terminal shell support: internal: internal error

2026-06-27 23:08:17.724 [error] [LS Main stderr] E0627 23:08:17.724211 21361 log.go:398] failed to check terminal shell support: internal: internal error

2026-06-27 23:08:17.726 [error] [LS Main stderr] E0627 23:08:17.726233 21361 log.go:398] failed to check terminal shell support: internal: internal error

2026-06-27 23:08:17.728 [error] [LS Main stderr] E0627 23:08:17.728105 21361 log.go:398] failed to check terminal shell support: internal: internal error

2026-06-27 23:08:17.729 [error] [LS Main stderr] E0627 23:08:17.729834 21361 log.go:398] failed to check terminal shell support: internal: internal error

2026-06-27 23:08:17.732 [error] [LS Main stderr] E0627 23:08:17.731946 21361 log.go:398] failed to check terminal shell support: internal: internal error

2026-06-27 23:08:17.733 [error] [LS Main stderr] E0627 23:08:17.733443 21361 log.go:398] failed to check terminal shell support: internal: internal error

2026-06-27 23:08:17.735 [error] [LS Main stderr] E0627 23:08:17.734772 21361 log.go:398] failed to check terminal shell support: internal: internal error

2026-06-27 23:08:17.736 [error] [LS Main stderr] E0627 23:08:17.736076 21361 log.go:398] failed to check terminal shell support: internal: internal error

2026-06-27 23:08:17.738 [error] [LS Main stderr] E0627 23:08:17.738039 21361 log.go:398] failed to check terminal shell support: internal: internal error

2026-06-27 23:08:17.741 [error] [LS Main stderr] E0627 23:08:17.739789 21361 log.go:398] failed to check terminal shell support: internal: internal error

2026-06-27 23:08:17.741 [error] [LS Main stderr] E0627 23:08:17.741621 21361 log.go:398] failed to check terminal shell support: internal: internal error

2026-06-27 23:08:17.743 [error] [LS Main stderr] E0627 23:08:17.743106 21361 log.go:398] failed to check terminal shell support: internal: internal error

2026-06-27 23:08:17.745 [error] [LS Main stderr] E0627 23:08:17.745755 21361 log.go:398] failed to check terminal shell support: internal: internal error

2026-06-27 23:08:17.747 [error] [LS Main stderr] E0627 23:08:17.747744 21361 log.go:398] failed to check terminal shell support: internal: internal error

2026-06-27 23:08:17.751 [error] [LS Main stderr] E0627 23:08:17.749627 21361 log.go:398] failed to check terminal shell support: internal: internal error

2026-06-27 23:08:17.753 [error] [LS Main stderr] E0627 23:08:17.751768 21361 log.go:398] failed to check terminal shell support: internal: internal error

2026-06-27 23:08:17.754 [error] [LS Main stderr] E0627 23:08:17.754070 21361 log.go:398] failed to check terminal shell support: internal: internal error

2026-06-27 23:08:17.755 [error] [LS Main stderr] E0627 23:08:17.755162 21361 log.go:398] failed to check terminal shell support: internal: internal error

2026-06-27 23:08:17.757 [error] [LS Main stderr] E0627 23:08:17.756316 21361 log.go:398] failed to check terminal shell support: internal: internal error

2026-06-27 23:08:17.759 [error] [LS Main stderr] E0627 23:08:17.757684 21361 log.go:398] failed to check terminal shell support: internal: internal error

2026-06-27 23:08:17.760 [error] [LS Main stderr] E0627 23:08:17.759429 21361 log.go:398] failed to check terminal shell support: internal: internal error

2026-06-27 23:08:17.762 [error] [LS Main stderr] E0627 23:08:17.761212 21361 log.go:398] failed to check terminal shell support: internal: internal error

2026-06-27 23:08:17.764 [error] [LS Main stderr] E0627 23:08:17.763073 21361 log.go:398] failed to check terminal shell support: internal: internal error
E0627 23:08:17.764517 21361 log.go:398] failed to check terminal shell support: internal: internal error

2026-06-27 23:08:17.768 [error] [LS Main stderr] E0627 23:08:17.766538 21361 log.go:398] failed to check terminal shell support: internal: internal error

2026-06-27 23:08:17.768 [error] [LS Main stderr] E0627 23:08:17.768708 21361 log.go:398] failed to check terminal shell support: internal: internal error

2026-06-27 23:08:17.771 [error] [LS Main stderr] E0627 23:08:17.769940 21361 log.go:398] failed to check terminal shell support: internal: internal error

2026-06-27 23:08:17.773 [error] [LS Main stderr] E0627 23:08:17.772011 21361 log.go:398] failed to check terminal shell support: internal: internal error

2026-06-27 23:08:17.774 [error] [LS Main stderr] E0627 23:08:17.774077 21361 log.go:398] failed to check terminal shell support: internal: internal error

2026-06-27 23:08:17.776 [error] [LS Main stderr] E0627 23:08:17.776739 21361 log.go:398] failed to check terminal shell support: internal: internal error

2026-06-27 23:08:17.778 [error] [LS Main stderr] E0627 23:08:17.778554 21361 log.go:398] failed to check terminal shell support: internal: internal error

2026-06-27 23:08:17.780 [error] [LS Main stderr] E0627 23:08:17.780438 21361 log.go:398] failed to check terminal shell support: internal: internal error

2026-06-27 23:08:17.782 [error] [LS Main stderr] E0627 23:08:17.781729 21361 log.go:398] failed to check terminal shell support: internal: internal error

2026-06-27 23:08:17.783 [error] [LS Main stderr] E0627 23:08:17.783345 21361 log.go:398] failed to check terminal shell support: internal: internal error

2026-06-27 23:08:17.785 [error] [LS Main stderr] E0627 23:08:17.784838 21361 log.go:398] failed to check terminal shell support: internal: internal error

2026-06-27 23:08:17.787 [error] [LS Main stderr] E0627 23:08:17.787104 21361 log.go:398] failed to check terminal shell support: internal: internal error

2026-06-27 23:08:17.790 [error] [LS Main stderr] E0627 23:08:17.789182 21361 log.go:398] failed to check terminal shell support: internal: internal error

2026-06-27 23:08:17.791 [error] [LS Main stderr] E0627 23:08:17.791064 21361 log.go:398] failed to check terminal shell support: internal: internal error

2026-06-27 23:08:17.793 [error] [LS Main stderr] E0627 23:08:17.792933 21361 log.go:398] failed to check terminal shell support: internal: internal error

2026-06-27 23:08:17.795 [error] [LS Main stderr] E0627 23:08:17.795074 21361 log.go:398] failed to check terminal shell support: internal: internal error

2026-06-27 23:08:17.796 [error] [LS Main stderr] E0627 23:08:17.796418 21361 log.go:398] failed to check terminal shell support: internal: internal error

2026-06-27 23:08:17.799 [error] [LS Main stderr] E0627 23:08:17.798077 21361 log.go:398] failed to check terminal shell support: internal: internal error

2026-06-27 23:08:17.800 [error] [LS Main stderr] E0627 23:08:17.800181 21361 log.go:398] failed to check terminal shell support: internal: internal error

2026-06-27 23:08:17.801 [error] [LS Main stderr] E0627 23:08:17.801680 21361 log.go:398] failed to check terminal shell support: internal: internal error

2026-06-27 23:08:17.803 [error] [LS Main stderr] E0627 23:08:17.803771 21361 log.go:398] failed to check terminal shell support: internal: internal error

2026-06-27 23:08:17.806 [error] [LS Main stderr] E0627 23:08:17.806108 21361 log.go:398] failed to check terminal shell support: internal: internal error

2026-06-27 23:08:17.808 [error] [LS Main stderr] E0627 23:08:17.808007 21361 log.go:398] failed to check terminal shell support: internal: internal error

2026-06-27 23:08:17.809 [error] [LS Main stderr] E0627 23:08:17.809590 21361 log.go:398] failed to check terminal shell support: internal: internal error

2026-06-27 23:08:17.811 [error] [LS Main stderr] E0627 23:08:17.811064 21361 log.go:398] failed to check terminal shell support: internal: internal error

2026-06-27 23:08:17.813 [error] [LS Main stderr] E0627 23:08:17.813070 21361 log.go:398] failed to check terminal shell support: internal: internal error

2026-06-27 23:08:17.814 [error] [LS Main stderr] E0627 23:08:17.814858 21361 log.go:398] failed to check terminal shell support: internal: internal error

2026-06-27 23:08:17.816 [error] [LS Main stderr] E0627 23:08:17.816655 21361 log.go:398] failed to check terminal shell support: internal: internal error

2026-06-27 23:08:17.818 [error] [LS Main stderr] E0627 23:08:17.818053 21361 log.go:398] failed to check terminal shell support: internal: internal error

2026-06-27 23:08:17.820 [error] [LS Main stderr] E0627 23:08:17.819295 21361 log.go:398] failed to check terminal shell support: internal: internal error

2026-06-27 23:08:17.822 [error] [LS Main stderr] E0627 23:08:17.821930 21361 log.go:398] failed to check terminal shell support: internal: internal error

2026-06-27 23:08:17.823 [error] [LS Main stderr] E0627 23:08:17.823433 21361 log.go:398] failed to check terminal shell support: internal: internal error

2026-06-27 23:08:17.825 [error] [LS Main stderr] E0627 23:08:17.825266 21361 log.go:398] failed to check terminal shell support: internal: internal error

2026-06-27 23:08:17.826 [error] [LS Main stderr] E0627 23:08:17.826374 21361 log.go:398] failed to check terminal shell support: internal: internal error

2026-06-27 23:08:17.828 [error] [LS Main stderr] E0627 23:08:17.828145 21361 log.go:398] failed to check terminal shell support: internal: internal error

2026-06-27 23:08:17.830 [error] [LS Main stderr] E0627 23:08:17.830063 21361 log.go:398] failed to check terminal shell support: internal: internal error

2026-06-27 23:08:17.837 [error] [LS Main stderr] E0627 23:08:17.831393 21361 log.go:398] failed to check terminal shell support: internal: internal error

2026-06-27 23:08:17.839 [error] [LS Main stderr] E0627 23:08:17.839123 21361 log.go:398] failed to check terminal shell support: internal: internal error

2026-06-27 23:08:17.841 [error] [LS Main stderr] E0627 23:08:17.841008 21361 log.go:398] failed to check terminal shell support: internal: internal error

2026-06-27 23:08:17.843 [error] [LS Main stderr] E0627 23:08:17.843089 21361 log.go:398] failed to check terminal shell support: internal: internal error

2026-06-27 23:08:18.913 [error] [LS Main stderr] I0627 23:08:18.913109 21361 http_helpers.go:183] URL: https://daily-cloudcode-pa.googleapis.com/v1internal:loadCodeAssist Trace: 0xa1ec68e2f314f745

2026-06-27 23:13:10.282 [error] [LS Main stderr] E0627 23:13:10.282198 21361 log.go:398] failed to check terminal shell support: internal: internal error

2026-06-27 23:13:10.287 [error] [LS Main stderr] E0627 23:13:10.286846 21361 log.go:398] failed to check terminal shell support: internal: internal error

2026-06-27 23:13:14.312 [error] [LS Main stderr] I0627 23:13:14.312150 21361 http_helpers.go:183] URL: https://daily-cloudcode-pa.googleapis.com/v1internal:loadCodeAssist Trace: 0xc86e807b50a028ec

2026-06-27 23:13:15.638 [error] [LS Main stderr] I0627 23:13:15.637780 21361 http_helpers.go:183] URL: https://daily-cloudcode-pa.googleapis.com/v1internal:fetchAvailableModels Trace: 0x72c1a9faebd9de35

2026-06-27 23:13:15.654 [error] [LS Main stderr] E0627 23:13:15.654131 21361 log.go:398] failed to check terminal shell support: internal: internal error

2026-06-27 23:13:15.657 [error] [LS Main stderr] E0627 23:13:15.657159 21361 log.go:398] failed to check terminal shell support: internal: internal error

2026-06-27 23:15:29.241 [error] [LS Main stderr] E0627 23:15:29.241761 21361 log.go:398] failed to check terminal shell support: internal: internal error

2026-06-27 23:15:29.243 [error] [LS Main stderr] E0627 23:15:29.242872 21361 log.go:398] failed to check terminal shell support: internal: internal error

2026-06-27 23:15:29.247 [error] [LS Main stderr] E0627 23:15:29.247097 21361 log.go:398] failed to check terminal shell support: internal: internal error

2026-06-27 23:15:29.249 [error] [LS Main stderr] E0627 23:15:29.249110 21361 log.go:398] failed to check terminal shell support: internal: internal error

2026-06-27 23:15:29.252 [error] [LS Main stderr] E0627 23:15:29.251256 21361 log.go:398] failed to check terminal shell support: internal: internal error

2026-06-27 23:15:29.254 [error] [LS Main stderr] E0627 23:15:29.253113 21361 log.go:398] failed to check terminal shell support: internal: internal error

2026-06-27 23:15:29.256 [error] [LS Main stderr] E0627 23:15:29.256074 21361 log.go:398] failed to check terminal shell support: internal: internal error

2026-06-27 23:15:29.262 [error] [LS Main stderr] E0627 23:15:29.262134 21361 log.go:398] failed to check terminal shell support: internal: internal error

2026-06-27 23:15:29.264 [error] [LS Main stderr] E0627 23:15:29.264450 21361 log.go:398] failed to check terminal shell support: internal: internal error

2026-06-27 23:15:29.366 [error] [LS Main stderr] E0627 23:15:29.365226 21361 log.go:398] failed to check terminal shell support: internal: internal error

2026-06-27 23:15:29.369 [error] [LS Main stderr] E0627 23:15:29.369254 21361 log.go:398] failed to check terminal shell support: internal: internal error

2026-06-27 23:15:29.386 [error] [LS Main stderr] E0627 23:15:29.386100 21361 log.go:398] failed to check terminal shell support: internal: internal error

2026-06-27 23:15:29.389 [error] [LS Main stderr] E0627 23:15:29.389161 21361 log.go:398] failed to check terminal shell support: internal: internal error

2026-06-27 23:15:29.589 [error] [LS Main stderr] E0627 23:15:29.589513 21361 log.go:398] failed to check terminal shell support: internal: internal error

2026-06-27 23:15:29.594 [error] [LS Main stderr] E0627 23:15:29.594401 21361 log.go:398] failed to check terminal shell support: internal: internal error

2026-06-27 23:15:37.676 [error] [LS Main stderr] I0627 23:15:37.675734 21361 http_helpers.go:183] URL: https://daily-cloudcode-pa.googleapis.com/v1internal:streamGenerateContent?alt=sse Trace: 0x9f4da5817051b4ce

2026-06-27 23:15:37.728 [error] [LS Main stderr] E0627 23:15:37.728117 21361 log.go:398] failed to check terminal shell support: internal: internal error

2026-06-27 23:15:37.729 [error] [LS Main stderr] E0627 23:15:37.729638 21361 log.go:398] failed to check terminal shell support: internal: internal error

2026-06-27 23:15:38.682 [error] [LS Main stderr] E0627 23:15:38.682089 21361 log.go:398] failed to check terminal shell support: internal: internal error

2026-06-27 23:15:38.684 [error] [LS Main stderr] E0627 23:15:38.684298 21361 log.go:398] failed to check terminal shell support: internal: internal error

2026-06-27 23:15:38.695 [error] [LS Main stderr] E0627 23:15:38.695043 21361 log.go:398] failed to check terminal shell support: internal: internal error

2026-06-27 23:15:38.699 [error] [LS Main stderr] E0627 23:15:38.698909 21361 log.go:398] failed to check terminal shell support: internal: internal error

2026-06-27 23:15:38.720 [error] [LS Main stderr] E0627 23:15:38.720113 21361 log.go:398] failed to check terminal shell support: internal: internal error

2026-06-27 23:15:38.722 [error] [LS Main stderr] E0627 23:15:38.721934 21361 log.go:398] failed to check terminal shell support: internal: internal error

2026-06-27 23:15:40.951 [error] [LS Main stderr] I0627 23:15:40.950439 21361 http_helpers.go:183] URL: https://daily-cloudcode-pa.googleapis.com/v1internal:streamGenerateContent?alt=sse Trace: 0x74c6d5151b7b56d9

2026-06-27 23:15:44.613 [error] [LS Main stderr] E0627 23:15:44.613360 21361 log.go:398] failed to check terminal shell support: internal: internal error

2026-06-27 23:15:44.620 [error] [LS Main stderr] E0627 23:15:44.620106 21361 log.go:398] failed to check terminal shell support: internal: internal error

2026-06-27 23:15:45.456 [error] [LS Main stderr] I0627 23:15:45.456071 21361 http_helpers.go:183] URL: https://daily-cloudcode-pa.googleapis.com/v1internal:streamGenerateContent?alt=sse Trace: 0x189655ff28715d6c

2026-06-27 23:15:45.526 [error] [LS Main stderr] E0627 23:15:45.525193 21361 log.go:398] failed to check terminal shell support: internal: internal error

2026-06-27 23:15:45.527 [error] [LS Main stderr] E0627 23:15:45.527102 21361 log.go:398] failed to check terminal shell support: internal: internal error

2026-06-27 23:15:45.726 [error] [LS Main stderr] E0627 23:15:45.726698 21361 log.go:398] failed to check terminal shell support: internal: internal error

2026-06-27 23:15:45.728 [error] [LS Main stderr] E0627 23:15:45.728780 21361 log.go:398] failed to check terminal shell support: internal: internal error

2026-06-27 23:15:45.747 [error] [LS Main stderr] E0627 23:15:45.747072 21361 log.go:398] failed to check terminal shell support: internal: internal error

2026-06-27 23:15:45.749 [error] [LS Main stderr] E0627 23:15:45.749121 21361 log.go:398] failed to check terminal shell support: internal: internal error

2026-06-27 23:15:45.769 [error] [LS Main stderr] E0627 23:15:45.769216 21361 log.go:398] failed to check terminal shell support: internal: internal error

2026-06-27 23:15:45.772 [error] [LS Main stderr] E0627 23:15:45.772528 21361 log.go:398] failed to check terminal shell support: internal: internal error

2026-06-27 23:15:45.805 [error] [LS Main stderr] E0627 23:15:45.804906 21361 log.go:398] failed to check terminal shell support: internal: internal error

2026-06-27 23:15:45.809 [error] [LS Main stderr] E0627 23:15:45.809583 21361 log.go:398] failed to check terminal shell support: internal: internal error

2026-06-27 23:15:52.423 [error] [LS Main stderr] I0627 23:15:52.423116 21361 http_helpers.go:183] URL: https://daily-cloudcode-pa.googleapis.com/v1internal:streamGenerateContent?alt=sse Trace: 0x5a0a02c4bc13d99b

2026-06-27 23:15:52.474 [error] [LS Main stderr] E0627 23:15:52.474590 21361 log.go:398] failed to check terminal shell support: internal: internal error

2026-06-27 23:15:52.476 [error] [LS Main stderr] E0627 23:15:52.476234 21361 log.go:398] failed to check terminal shell support: internal: internal error

2026-06-27 23:15:52.776 [error] [LS Main stderr] E0627 23:15:52.775278 21361 log.go:398] failed to check terminal shell support: internal: internal error

2026-06-27 23:15:52.778 [error] [LS Main stderr] E0627 23:15:52.778436 21361 log.go:398] failed to check terminal shell support: internal: internal error

2026-06-27 23:15:52.809 [error] [LS Main stderr] E0627 23:15:52.809375 21361 log.go:398] failed to check terminal shell support: internal: internal error

2026-06-27 23:15:52.811 [error] [LS Main stderr] E0627 23:15:52.811587 21361 log.go:398] failed to check terminal shell support: internal: internal error

2026-06-27 23:15:58.564 [error] [LS Main stderr] I0627 23:15:58.564406 21361 http_helpers.go:183] URL: https://daily-cloudcode-pa.googleapis.com/v1internal:streamGenerateContent?alt=sse Trace: 0x28f5a0f7d162bfb5

2026-06-27 23:15:58.616 [error] [LS Main stderr] E0627 23:15:58.616043 21361 log.go:398] failed to check terminal shell support: internal: internal error

2026-06-27 23:15:58.618 [error] [LS Main stderr] E0627 23:15:58.617836 21361 log.go:398] failed to check terminal shell support: internal: internal error

2026-06-27 23:15:58.925 [error] [LS Main stderr] E0627 23:15:58.925812 21361 log.go:398] failed to check terminal shell support: internal: internal error

2026-06-27 23:15:58.927 [error] [LS Main stderr] E0627 23:15:58.927051 21361 log.go:398] failed to check terminal shell support: internal: internal error

2026-06-27 23:15:59.020 [error] [LS Main stderr] E0627 23:15:59.019401 21361 log.go:398] failed to check terminal shell support: internal: internal error

2026-06-27 23:15:59.027 [error] [LS Main stderr] E0627 23:15:59.027622 21361 log.go:398] failed to check terminal shell support: internal: internal error

2026-06-27 23:16:05.733 [error] [LS Main stderr] I0627 23:16:05.732711 21361 http_helpers.go:183] URL: https://daily-cloudcode-pa.googleapis.com/v1internal:streamGenerateContent?alt=sse Trace: 0x38c209e6bfd13d57

2026-06-27 23:16:05.801 [error] [LS Main stderr] E0627 23:16:05.801278 21361 log.go:398] failed to check terminal shell support: internal: internal error

2026-06-27 23:16:05.802 [error] [LS Main stderr] E0627 23:16:05.802825 21361 log.go:398] failed to check terminal shell support: internal: internal error

2026-06-27 23:16:05.875 [error] [LS Main stderr] E0627 23:16:05.874847 21361 log.go:398] failed to check terminal shell support: internal: internal error

2026-06-27 23:16:05.878 [error] [LS Main stderr] E0627 23:16:05.878034 21361 log.go:398] failed to check terminal shell support: internal: internal error

2026-06-27 23:16:05.914 [error] [LS Main stderr] E0627 23:16:05.914591 21361 log.go:398] failed to check terminal shell support: internal: internal error

2026-06-27 23:16:05.916 [error] [LS Main stderr] E0627 23:16:05.916251 21361 log.go:398] failed to check terminal shell support: internal: internal error

2026-06-27 23:16:12.491 [error] [LS Main stderr] I0627 23:16:12.491097 21361 http_helpers.go:183] URL: https://daily-cloudcode-pa.googleapis.com/v1internal:streamGenerateContent?alt=sse Trace: 0xfafe5bd5fa44884b

2026-06-27 23:16:12.544 [error] [LS Main stderr] E0627 23:16:12.544050 21361 log.go:398] failed to check terminal shell support: internal: internal error

2026-06-27 23:16:12.546 [error] [LS Main stderr] E0627 23:16:12.546409 21361 log.go:398] failed to check terminal shell support: internal: internal error

2026-06-27 23:16:12.873 [error] [LS Main stderr] E0627 23:16:12.872788 21361 log.go:398] failed to check terminal shell support: internal: internal error

2026-06-27 23:16:12.875 [error] [LS Main stderr] E0627 23:16:12.874691 21361 log.go:398] failed to check terminal shell support: internal: internal error

2026-06-27 23:16:12.899 [error] [LS Main stderr] E0627 23:16:12.899122 21361 log.go:398] failed to check terminal shell support: internal: internal error

2026-06-27 23:16:12.900 [error] [LS Main stderr] E0627 23:16:12.900485 21361 log.go:398] failed to check terminal shell support: internal: internal error

2026-06-27 23:16:19.706 [error] [LS Main stderr] I0627 23:16:19.706228 21361 http_helpers.go:183] URL: https://daily-cloudcode-pa.googleapis.com/v1internal:streamGenerateContent?alt=sse Trace: 0x9edbb7716a201db2

2026-06-27 23:16:19.756 [error] [LS Main stderr] E0627 23:16:19.756314 21361 log.go:398] failed to check terminal shell support: internal: internal error

2026-06-27 23:16:19.758 [error] [LS Main stderr] E0627 23:16:19.758088 21361 log.go:398] failed to check terminal shell support: internal: internal error

2026-06-27 23:16:21.994 [error] [LS Main stderr] E0627 23:16:21.994207 21361 log.go:398] failed to check terminal shell support: internal: internal error

2026-06-27 23:16:21.997 [error] [LS Main stderr] E0627 23:16:21.997204 21361 log.go:398] failed to check terminal shell support: internal: internal error

2026-06-27 23:16:22.029 [error] [LS Main stderr] E0627 23:16:22.029434 21361 log.go:398] failed to check terminal shell support: internal: internal error

2026-06-27 23:16:22.031 [error] [LS Main stderr] E0627 23:16:22.031098 21361 log.go:398] failed to check terminal shell support: internal: internal error

2026-06-27 23:16:28.418 [error] [LS Main stderr] I0627 23:16:28.418494 21361 http_helpers.go:183] URL: https://daily-cloudcode-pa.googleapis.com/v1internal:streamGenerateContent?alt=sse Trace: 0x3eea9bd55871d9c7

2026-06-27 23:16:28.469 [error] [LS Main stderr] E0627 23:16:28.469599 21361 log.go:398] failed to check terminal shell support: internal: internal error

2026-06-27 23:16:28.474 [error] [LS Main stderr] E0627 23:16:28.474536 21361 log.go:398] failed to check terminal shell support: internal: internal error

2026-06-27 23:16:31.802 [error] [LS Main stderr] E0627 23:16:31.802124 21361 log.go:398] failed to check terminal shell support: internal: internal error

2026-06-27 23:16:31.804 [error] [LS Main stderr] E0627 23:16:31.804271 21361 log.go:398] failed to check terminal shell support: internal: internal error

2026-06-27 23:16:31.846 [error] [LS Main stderr] E0627 23:16:31.846176 21361 log.go:398] failed to check terminal shell support: internal: internal error

2026-06-27 23:16:31.848 [error] [LS Main stderr] E0627 23:16:31.848062 21361 log.go:398] failed to check terminal shell support: internal: internal error

2026-06-27 23:16:38.295 [error] [LS Main stderr] I0627 23:16:38.295310 21361 http_helpers.go:183] URL: https://daily-cloudcode-pa.googleapis.com/v1internal:streamGenerateContent?alt=sse Trace: 0xafb0d6c65230ad38

2026-06-27 23:16:38.371 [error] [LS Main stderr] E0627 23:16:38.371113 21361 log.go:398] failed to check terminal shell support: internal: internal error

2026-06-27 23:16:38.373 [error] [LS Main stderr] E0627 23:16:38.373068 21361 log.go:398] failed to check terminal shell support: internal: internal error

2026-06-27 23:16:38.560 [error] [LS Main stderr] E0627 23:16:38.560077 21361 log.go:398] failed to check terminal shell support: internal: internal error

2026-06-27 23:16:38.561 [error] [LS Main stderr] E0627 23:16:38.561311 21361 log.go:398] failed to check terminal shell support: internal: internal error

2026-06-27 23:16:38.597 [error] [LS Main stderr] E0627 23:16:38.597075 21361 log.go:398] failed to check terminal shell support: internal: internal error

2026-06-27 23:16:38.599 [error] [LS Main stderr] E0627 23:16:38.598828 21361 log.go:398] failed to check terminal shell support: internal: internal error

2026-06-27 23:16:43.619 [error] [LS Main stderr] I0627 23:16:43.619204 21361 http_helpers.go:183] URL: https://daily-cloudcode-pa.googleapis.com/v1internal:streamGenerateContent?alt=sse Trace: 0xceade3b1d5e1f874

2026-06-27 23:16:43.671 [error] [LS Main stderr] E0627 23:16:43.671006 21361 log.go:398] failed to check terminal shell support: internal: internal error

2026-06-27 23:16:43.673 [error] [LS Main stderr] E0627 23:16:43.672306 21361 log.go:398] failed to check terminal shell support: internal: internal error

2026-06-27 23:16:48.870 [error] [LS Main stderr] E0627 23:16:48.870710 21361 log.go:398] failed to check terminal shell support: internal: internal error

2026-06-27 23:16:48.872 [error] [LS Main stderr] E0627 23:16:48.871950 21361 log.go:398] failed to check terminal shell support: internal: internal error

2026-06-27 23:16:48.945 [error] [LS Main stderr] E0627 23:16:48.945033 21361 log.go:398] failed to check terminal shell support: internal: internal error

2026-06-27 23:16:48.947 [error] [LS Main stderr] E0627 23:16:48.947205 21361 log.go:398] failed to check terminal shell support: internal: internal error

2026-06-27 23:16:55.088 [error] [LS Main stderr] I0627 23:16:55.087825 21361 http_helpers.go:183] URL: https://daily-cloudcode-pa.googleapis.com/v1internal:streamGenerateContent?alt=sse Trace: 0xc7d7411f3a812f64

2026-06-27 23:16:55.141 [error] [LS Main stderr] E0627 23:16:55.140954 21361 log.go:398] failed to check terminal shell support: internal: internal error

2026-06-27 23:16:55.143 [error] [LS Main stderr] E0627 23:16:55.142985 21361 log.go:398] failed to check terminal shell support: internal: internal error

2026-06-27 23:16:59.910 [error] [LS Main stderr] E0627 23:16:59.909958 21361 log.go:398] failed to check terminal shell support: internal: internal error

2026-06-27 23:16:59.912 [error] [LS Main stderr] E0627 23:16:59.911790 21361 log.go:398] failed to check terminal shell support: internal: internal error

2026-06-27 23:16:59.935 [error] [LS Main stderr] E0627 23:16:59.934997 21361 log.go:398] failed to check terminal shell support: internal: internal error

2026-06-27 23:16:59.936 [error] [LS Main stderr] E0627 23:16:59.936413 21361 log.go:398] failed to check terminal shell support: internal: internal error

2026-06-27 23:17:06.557 [error] [LS Main stderr] I0627 23:17:06.556865 21361 http_helpers.go:183] URL: https://daily-cloudcode-pa.googleapis.com/v1internal:streamGenerateContent?alt=sse Trace: 0x669d99267bd35d61

2026-06-27 23:17:06.623 [error] [LS Main stderr] E0627 23:17:06.623875 21361 log.go:398] failed to check terminal shell support: internal: internal error

2026-06-27 23:17:06.625 [error] [LS Main stderr] E0627 23:17:06.625499 21361 log.go:398] failed to check terminal shell support: internal: internal error

2026-06-27 23:17:06.659 [error] [LS Main stderr] E0627 23:17:06.659108 21361 log.go:398] failed to check terminal shell support: internal: internal error

2026-06-27 23:17:06.661 [error] [LS Main stderr] E0627 23:17:06.661718 21361 log.go:398] failed to check terminal shell support: internal: internal error

2026-06-27 23:17:06.687 [error] [LS Main stderr] E0627 23:17:06.682420 21361 log.go:398] failed to check terminal shell support: internal: internal error

2026-06-27 23:17:06.689 [error] [LS Main stderr] E0627 23:17:06.689124 21361 log.go:398] failed to check terminal shell support: internal: internal error

2026-06-27 23:17:12.086 [error] [LS Main stderr] I0627 23:17:12.086138 21361 http_helpers.go:183] URL: https://daily-cloudcode-pa.googleapis.com/v1internal:streamGenerateContent?alt=sse Trace: 0x5d18a29861d06971

2026-06-27 23:17:12.142 [error] [LS Main stderr] E0627 23:17:12.142091 21361 log.go:398] failed to check terminal shell support: internal: internal error

2026-06-27 23:17:12.147 [error] [LS Main stderr] E0627 23:17:12.147056 21361 log.go:398] failed to check terminal shell support: internal: internal error

2026-06-27 23:17:12.177 [error] [LS Main stderr] E0627 23:17:12.177460 21361 log.go:398] failed to check terminal shell support: internal: internal error

2026-06-27 23:17:12.179 [error] [LS Main stderr] E0627 23:17:12.178881 21361 log.go:398] failed to check terminal shell support: internal: internal error

2026-06-27 23:17:12.195 [error] [LS Main stderr] E0627 23:17:12.195106 21361 log.go:398] failed to check terminal shell support: internal: internal error

2026-06-27 23:17:12.196 [error] [LS Main stderr] E0627 23:17:12.196541 21361 log.go:398] failed to check terminal shell support: internal: internal error

2026-06-27 23:17:18.027 [error] [LS Main stderr] I0627 23:17:18.026766 21361 http_helpers.go:183] URL: https://daily-cloudcode-pa.googleapis.com/v1internal:streamGenerateContent?alt=sse Trace: 0xde890b7abb83e9e9

2026-06-27 23:17:18.084 [error] [LS Main stderr] E0627 23:17:18.084631 21361 log.go:398] failed to check terminal shell support: internal: internal error

2026-06-27 23:17:18.087 [error] [LS Main stderr] E0627 23:17:18.087165 21361 log.go:398] failed to check terminal shell support: internal: internal error

2026-06-27 23:17:26.991 [error] [LS Main stderr] E0627 23:17:26.990958 21361 log.go:398] failed to check terminal shell support: internal: internal error

2026-06-27 23:17:26.992 [error] [LS Main stderr] E0627 23:17:26.992310 21361 log.go:398] failed to check terminal shell support: internal: internal error

2026-06-27 23:17:27.400 [error] [LS Main stderr] E0627 23:17:27.400097 21361 log.go:398] failed to check terminal shell support: internal: internal error

2026-06-27 23:17:27.402 [error] [LS Main stderr] E0627 23:17:27.401880 21361 log.go:398] failed to check terminal shell support: internal: internal error

2026-06-27 23:17:33.488 [error] [LS Main stderr] I0627 23:17:33.488460 21361 http_helpers.go:183] URL: https://daily-cloudcode-pa.googleapis.com/v1internal:streamGenerateContent?alt=sse Trace: 0xbf3244e7e311f8c6

2026-06-27 23:17:33.544 [error] [LS Main stderr] E0627 23:17:33.544627 21361 log.go:398] failed to check terminal shell support: internal: internal error

2026-06-27 23:17:33.553 [error] [LS Main stderr] E0627 23:17:33.553852 21361 log.go:398] failed to check terminal shell support: internal: internal error

2026-06-27 23:17:36.042 [error] [LS Main stderr] E0627 23:17:36.042746 21361 log.go:398] failed to check terminal shell support: internal: internal error

2026-06-27 23:17:36.045 [error] [LS Main stderr] E0627 23:17:36.045192 21361 log.go:398] failed to check terminal shell support: internal: internal error

2026-06-27 23:17:36.069 [error] [LS Main stderr] E0627 23:17:36.069567 21361 log.go:398] failed to check terminal shell support: internal: internal error

2026-06-27 23:17:36.071 [error] [LS Main stderr] E0627 23:17:36.071755 21361 log.go:398] failed to check terminal shell support: internal: internal error

2026-06-27 23:17:41.886 [error] [LS Main stderr] I0627 23:17:41.885877 21361 http_helpers.go:183] URL: https://daily-cloudcode-pa.googleapis.com/v1internal:streamGenerateContent?alt=sse Trace: 0x11a6bcce2f989f83

2026-06-27 23:17:41.944 [error] [LS Main stderr] E0627 23:17:41.944874 21361 log.go:398] failed to check terminal shell support: internal: internal error

2026-06-27 23:17:41.948 [error] [LS Main stderr] E0627 23:17:41.946184 21361 log.go:398] failed to check terminal shell support: internal: internal error

2026-06-27 23:17:48.535 [error] [LS Main stderr] E0627 23:17:48.535376 21361 log.go:398] failed to check terminal shell support: internal: internal error

2026-06-27 23:17:48.542 [error] [LS Main stderr] E0627 23:17:48.541605 21361 log.go:398] failed to check terminal shell support: internal: internal error

2026-06-27 23:17:48.579 [error] [LS Main stderr] E0627 23:17:48.579025 21361 log.go:398] failed to check terminal shell support: internal: internal error

2026-06-27 23:17:48.581 [error] [LS Main stderr] E0627 23:17:48.581145 21361 log.go:398] failed to check terminal shell support: internal: internal error

2026-06-27 23:17:54.583 [error] [LS Main stderr] I0627 23:17:54.583277 21361 http_helpers.go:183] URL: https://daily-cloudcode-pa.googleapis.com/v1internal:streamGenerateContent?alt=sse Trace: 0x94d75f70539dbc1a

2026-06-27 23:17:54.636 [error] [LS Main stderr] E0627 23:17:54.636494 21361 log.go:398] failed to check terminal shell support: internal: internal error

2026-06-27 23:17:54.638 [error] [LS Main stderr] E0627 23:17:54.638545 21361 log.go:398] failed to check terminal shell support: internal: internal error

2026-06-27 23:17:55.403 [error] [LS Main stderr] E0627 23:17:55.403085 21361 log.go:398] failed to check terminal shell support: internal: internal error

2026-06-27 23:17:55.406 [error] [LS Main stderr] E0627 23:17:55.406202 21361 log.go:398] failed to check terminal shell support: internal: internal error

2026-06-27 23:17:55.426 [error] [LS Main stderr] E0627 23:17:55.426232 21361 log.go:398] failed to check terminal shell support: internal: internal error

2026-06-27 23:17:55.430 [error] [LS Main stderr] E0627 23:17:55.429144 21361 log.go:398] failed to check terminal shell support: internal: internal error

2026-06-27 23:18:01.137 [error] [LS Main stderr] I0627 23:18:01.136741 21361 http_helpers.go:183] URL: https://daily-cloudcode-pa.googleapis.com/v1internal:streamGenerateContent?alt=sse Trace: 0x655bb828c183a66

2026-06-27 23:18:01.189 [error] [LS Main stderr] E0627 23:18:01.189691 21361 log.go:398] failed to check terminal shell support: internal: internal error

2026-06-27 23:18:01.191 [error] [LS Main stderr] E0627 23:18:01.191498 21361 log.go:398] failed to check terminal shell support: internal: internal error

2026-06-27 23:18:02.242 [error] [LS Main stderr] E0627 23:18:02.242209 21361 log.go:398] failed to check terminal shell support: internal: internal error

2026-06-27 23:18:02.245 [error] [LS Main stderr] E0627 23:18:02.245213 21361 log.go:398] failed to check terminal shell support: internal: internal error

2026-06-27 23:18:02.278 [error] [LS Main stderr] E0627 23:18:02.277624 21361 log.go:398] failed to check terminal shell support: internal: internal error

2026-06-27 23:18:02.282 [error] [LS Main stderr] E0627 23:18:02.282230 21361 log.go:398] failed to check terminal shell support: internal: internal error

2026-06-27 23:18:08.291 [error] [LS Main stderr] I0627 23:18:08.290907 21361 http_helpers.go:183] URL: https://daily-cloudcode-pa.googleapis.com/v1internal:streamGenerateContent?alt=sse Trace: 0xaa9f800269127960

2026-06-27 23:18:08.352 [error] [LS Main stderr] E0627 23:18:08.351921 21361 log.go:398] failed to check terminal shell support: internal: internal error

2026-06-27 23:18:08.356 [error] [LS Main stderr] E0627 23:18:08.356577 21361 log.go:398] failed to check terminal shell support: internal: internal error

2026-06-27 23:18:08.411 [error] [LS Main stderr] E0627 23:18:08.409653 21361 log.go:398] failed to check terminal shell support: internal: internal error

2026-06-27 23:18:08.414 [error] [LS Main stderr] E0627 23:18:08.414303 21361 log.go:398] failed to check terminal shell support: internal: internal error

2026-06-27 23:18:08.461 [error] [LS Main stderr] E0627 23:18:08.461264 21361 log.go:398] failed to check terminal shell support: internal: internal error

2026-06-27 23:18:08.463 [error] [LS Main stderr] E0627 23:18:08.463223 21361 log.go:398] failed to check terminal shell support: internal: internal error

2026-06-27 23:18:11.093 [error] [LS Main stderr] I0627 23:18:11.093072 21361 http_helpers.go:183] URL: https://daily-cloudcode-pa.googleapis.com/v1internal:loadCodeAssist Trace: 0x9152db9279d995c3

2026-06-27 23:18:11.993 [error] [LS Main stderr] I0627 23:18:11.991465 21361 http_helpers.go:183] URL: https://daily-cloudcode-pa.googleapis.com/v1internal:fetchAvailableModels Trace: 0x74036c1c755c17dc

2026-06-27 23:18:11.999 [error] [LS Main stderr] E0627 23:18:11.998947 21361 log.go:398] failed to check terminal shell support: internal: internal error

2026-06-27 23:18:12.001 [error] [LS Main stderr] E0627 23:18:12.001146 21361 log.go:398] failed to check terminal shell support: internal: internal error

2026-06-27 23:18:12.007 [error] [LS Main stderr] E0627 23:18:12.004094 21361 log.go:398] failed to check terminal shell support: internal: internal error

2026-06-27 23:18:12.008 [error] [LS Main stderr] E0627 23:18:12.007776 21361 log.go:398] failed to check terminal shell support: internal: internal error

2026-06-27 23:18:12.571 [error] [LS Main stderr] E0627 23:18:12.571340 21361 log.go:398] failed to check terminal shell support: internal: internal error

2026-06-27 23:18:12.573 [error] [LS Main stderr] E0627 23:18:12.573130 21361 log.go:398] failed to check terminal shell support: internal: internal error

2026-06-27 23:18:13.722 [error] [LS Main stderr] I0627 23:18:13.721829 21361 http_helpers.go:183] URL: https://daily-cloudcode-pa.googleapis.com/v1internal:streamGenerateContent?alt=sse Trace: 0x5f1d88dc4ebdf462

2026-06-27 23:18:13.779 [error] [LS Main stderr] E0627 23:18:13.779108 21361 log.go:398] failed to check terminal shell support: internal: internal error

2026-06-27 23:18:13.780 [error] [LS Main stderr] E0627 23:18:13.780531 21361 log.go:398] failed to check terminal shell support: internal: internal error

2026-06-27 23:18:13.941 [error] [LS Main stderr] E0627 23:18:13.941159 21361 log.go:398] failed to check terminal shell support: internal: internal error

2026-06-27 23:18:13.946 [error] [LS Main stderr] E0627 23:18:13.945703 21361 log.go:398] failed to check terminal shell support: internal: internal error

2026-06-27 23:18:14.015 [error] [LS Main stderr] E0627 23:18:14.015145 21361 log.go:398] failed to check terminal shell support: internal: internal error

2026-06-27 23:18:14.017 [error] [LS Main stderr] E0627 23:18:14.017472 21361 log.go:398] failed to check terminal shell support: internal: internal error

2026-06-27 23:18:14.068 [error] [LS Main stderr] I0627 23:18:14.068469 21361 http_helpers.go:183] URL: https://daily-cloudcode-pa.googleapis.com/v1internal:loadCodeAssist Trace: 0xeecfbc4eaf246819

2026-06-27 23:18:16.843 [error] [LS Main stderr] I0627 23:18:16.842632 21361 http_helpers.go:183] URL: https://daily-cloudcode-pa.googleapis.com/v1internal:loadCodeAssist Trace: 0x9c4648e986e1017

2026-06-27 23:18:18.459 [error] [LS Main stderr] I0627 23:18:18.459375 21361 http_helpers.go:183] URL: https://daily-cloudcode-pa.googleapis.com/v1internal:fetchAvailableModels Trace: 0xcf2693257ca83144

2026-06-27 23:18:20.184 [error] [LS Main stderr] I0627 23:18:20.184451 21361 http_helpers.go:183] URL: https://daily-cloudcode-pa.googleapis.com/v1internal:streamGenerateContent?alt=sse Trace: 0x139ae8e77792882a

2026-06-27 23:18:20.258 [error] [LS Main stderr] E0627 23:18:20.258771 21361 log.go:398] failed to check terminal shell support: internal: internal error

2026-06-27 23:18:20.260 [error] [LS Main stderr] E0627 23:18:20.260573 21361 log.go:398] failed to check terminal shell support: internal: internal error

2026-06-27 23:18:20.426 [error] [LS Main stderr] E0627 23:18:20.425107 21361 log.go:398] failed to check terminal shell support: internal: internal error

2026-06-27 23:18:20.429 [error] [LS Main stderr] E0627 23:18:20.429340 21361 log.go:398] failed to check terminal shell support: internal: internal error

2026-06-27 23:18:20.515 [error] [LS Main stderr] E0627 23:18:20.515197 21361 log.go:398] failed to check terminal shell support: internal: internal error

2026-06-27 23:18:20.518 [error] [LS Main stderr] E0627 23:18:20.517247 21361 log.go:398] failed to check terminal shell support: internal: internal error

2026-06-27 23:18:27.146 [error] [LS Main stderr] I0627 23:18:27.146662 21361 http_helpers.go:183] URL: https://daily-cloudcode-pa.googleapis.com/v1internal:streamGenerateContent?alt=sse Trace: 0xcabe744f3883d80b

2026-06-27 23:18:27.200 [error] [LS Main stderr] E0627 23:18:27.200150 21361 log.go:398] failed to check terminal shell support: internal: internal error

2026-06-27 23:18:27.202 [error] [LS Main stderr] E0627 23:18:27.202097 21361 log.go:398] failed to check terminal shell support: internal: internal error

2026-06-27 23:18:27.636 [error] [LS Main stderr] E0627 23:18:27.636097 21361 log.go:398] failed to check terminal shell support: internal: internal error

2026-06-27 23:18:27.638 [error] [LS Main stderr] E0627 23:18:27.638601 21361 log.go:398] failed to check terminal shell support: internal: internal error

2026-06-27 23:18:27.676 [error] [LS Main stderr] E0627 23:18:27.676417 21361 log.go:398] failed to check terminal shell support: internal: internal error

2026-06-27 23:18:27.682 [error] [LS Main stderr] E0627 23:18:27.680765 21361 log.go:398] failed to check terminal shell support: internal: internal error

2026-06-27 23:18:32.677 [error] [LS Main stderr] I0627 23:18:32.677125 21361 http_helpers.go:183] URL: https://daily-cloudcode-pa.googleapis.com/v1internal:streamGenerateContent?alt=sse Trace: 0x473538a75fd9fbfa

2026-06-27 23:18:32.729 [error] [LS Main stderr] E0627 23:18:32.729441 21361 log.go:398] failed to check terminal shell support: internal: internal error

2026-06-27 23:18:32.733 [error] [LS Main stderr] E0627 23:18:32.731957 21361 log.go:398] failed to check terminal shell support: internal: internal error

2026-06-27 23:18:32.805 [error] [LS Main stderr] E0627 23:18:32.804504 21361 log.go:398] failed to check terminal shell support: internal: internal error

2026-06-27 23:18:32.807 [error] [LS Main stderr] E0627 23:18:32.807442 21361 log.go:398] failed to check terminal shell support: internal: internal error

2026-06-27 23:18:32.880 [error] [LS Main stderr] E0627 23:18:32.879392 21361 log.go:398] failed to check terminal shell support: internal: internal error

2026-06-27 23:18:32.884 [error] [LS Main stderr] E0627 23:18:32.884093 21361 log.go:398] failed to check terminal shell support: internal: internal error

2026-06-27 23:18:37.594 [error] [LS Main stderr] I0627 23:18:37.593270 21361 http_helpers.go:183] URL: https://daily-cloudcode-pa.googleapis.com/v1internal:streamGenerateContent?alt=sse Trace: 0x83414efb75e32e18

2026-06-27 23:18:37.649 [error] [LS Main stderr] E0627 23:18:37.649052 21361 log.go:398] failed to check terminal shell support: internal: internal error

2026-06-27 23:18:37.658 [error] [LS Main stderr] E0627 23:18:37.657931 21361 log.go:398] failed to check terminal shell support: internal: internal error

2026-06-27 23:18:37.722 [error] [LS Main stderr] E0627 23:18:37.722078 21361 log.go:398] failed to check terminal shell support: internal: internal error

2026-06-27 23:18:37.725 [error] [LS Main stderr] E0627 23:18:37.724833 21361 log.go:398] failed to check terminal shell support: internal: internal error

2026-06-27 23:18:37.758 [error] [LS Main stderr] E0627 23:18:37.757276 21361 log.go:398] failed to check terminal shell support: internal: internal error

2026-06-27 23:18:37.762 [error] [LS Main stderr] E0627 23:18:37.761985 21361 log.go:398] failed to check terminal shell support: internal: internal error

2026-06-27 23:18:43.076 [error] [LS Main stderr] I0627 23:18:43.076532 21361 http_helpers.go:183] URL: https://daily-cloudcode-pa.googleapis.com/v1internal:streamGenerateContent?alt=sse Trace: 0x97f65fcc9a1defaa

2026-06-27 23:18:43.131 [error] [LS Main stderr] E0627 23:18:43.130192 21361 log.go:398] failed to check terminal shell support: internal: internal error

2026-06-27 23:18:43.135 [error] [LS Main stderr] E0627 23:18:43.135391 21361 log.go:398] failed to check terminal shell support: internal: internal error

2026-06-27 23:18:43.612 [error] [LS Main stderr] E0627 23:18:43.611933 21361 log.go:398] failed to check terminal shell support: internal: internal error

2026-06-27 23:18:43.614 [error] [LS Main stderr] E0627 23:18:43.614185 21361 log.go:398] failed to check terminal shell support: internal: internal error

2026-06-27 23:18:43.655 [error] [LS Main stderr] E0627 23:18:43.652374 21361 log.go:398] failed to check terminal shell support: internal: internal error

2026-06-27 23:18:43.656 [error] [LS Main stderr] E0627 23:18:43.656111 21361 log.go:398] failed to check terminal shell support: internal: internal error

2026-06-27 23:18:49.061 [error] [LS Main stderr] I0627 23:18:49.061130 21361 http_helpers.go:183] URL: https://daily-cloudcode-pa.googleapis.com/v1internal:streamGenerateContent?alt=sse Trace: 0x44532f2be562f108

2026-06-27 23:18:49.119 [error] [LS Main stderr] E0627 23:18:49.119036 21361 log.go:398] failed to check terminal shell support: internal: internal error

2026-06-27 23:18:49.121 [error] [LS Main stderr] E0627 23:18:49.120875 21361 log.go:398] failed to check terminal shell support: internal: internal error

2026-06-27 23:18:49.355 [error] [LS Main stderr] E0627 23:18:49.355159 21361 log.go:398] failed to check terminal shell support: internal: internal error

2026-06-27 23:18:49.360 [error] [LS Main stderr] E0627 23:18:49.360517 21361 log.go:398] failed to check terminal shell support: internal: internal error

2026-06-27 23:18:49.448 [error] [LS Main stderr] E0627 23:18:49.447090 21361 log.go:398] failed to check terminal shell support: internal: internal error

2026-06-27 23:18:49.450 [error] [LS Main stderr] E0627 23:18:49.450201 21361 log.go:398] failed to check terminal shell support: internal: internal error

2026-06-27 23:19:01.349 [error] [LS Main stderr] I0627 23:19:01.349140 21361 http_helpers.go:183] URL: https://daily-cloudcode-pa.googleapis.com/v1internal:streamGenerateContent?alt=sse Trace: 0x17b59b4d8218ca1b

2026-06-27 23:19:01.433 [error] [LS Main stderr] E0627 23:19:01.433093 21361 log.go:398] failed to check terminal shell support: internal: internal error

2026-06-27 23:19:01.436 [error] [LS Main stderr] E0627 23:19:01.436531 21361 log.go:398] failed to check terminal shell support: internal: internal error

2026-06-27 23:19:01.470 [error] [LS Main stderr] E0627 23:19:01.470685 21361 log.go:398] failed to check terminal shell support: internal: internal error

2026-06-27 23:19:01.474 [error] [LS Main stderr] E0627 23:19:01.474170 21361 log.go:398] failed to check terminal shell support: internal: internal error

2026-06-27 23:19:01.603 [error] [LS Main stderr] E0627 23:19:01.603173 21361 log.go:398] failed to check terminal shell support: internal: internal error

2026-06-27 23:19:01.606 [error] [LS Main stderr] E0627 23:19:01.606466 21361 log.go:398] failed to check terminal shell support: internal: internal error

2026-06-27 23:19:06.470 [error] [LS Main stderr] I0627 23:19:06.469818 21361 http_helpers.go:183] URL: https://daily-cloudcode-pa.googleapis.com/v1internal:streamGenerateContent?alt=sse Trace: 0x817a814158b89eb0

2026-06-27 23:19:06.525 [error] [LS Main stderr] E0627 23:19:06.524374 21361 log.go:398] failed to check terminal shell support: internal: internal error

2026-06-27 23:19:06.532 [error] [LS Main stderr] E0627 23:19:06.532173 21361 log.go:398] failed to check terminal shell support: internal: internal error

2026-06-27 23:19:08.999 [error] [LS Main stderr] E0627 23:19:08.999303 21361 log.go:398] failed to check terminal shell support: internal: internal error

2026-06-27 23:19:09.004 [error] [LS Main stderr] E0627 23:19:09.004158 21361 log.go:398] failed to check terminal shell support: internal: internal error

2026-06-27 23:19:09.049 [error] [LS Main stderr] E0627 23:19:09.049193 21361 log.go:398] failed to check terminal shell support: internal: internal error

2026-06-27 23:19:09.051 [error] [LS Main stderr] E0627 23:19:09.051221 21361 log.go:398] failed to check terminal shell support: internal: internal error

2026-06-27 23:19:14.967 [error] [LS Main stderr] I0627 23:19:14.966649 21361 http_helpers.go:183] URL: https://daily-cloudcode-pa.googleapis.com/v1internal:streamGenerateContent?alt=sse Trace: 0x1277a6ccba835520

2026-06-27 23:19:15.020 [error] [LS Main stderr] E0627 23:19:15.019213 21361 log.go:398] failed to check terminal shell support: internal: internal error

2026-06-27 23:19:15.023 [error] [LS Main stderr] E0627 23:19:15.022778 21361 log.go:398] failed to check terminal shell support: internal: internal error

2026-06-27 23:19:26.713 [error] [LS Main stderr] E0627 23:19:26.713042 21361 log.go:398] failed to check terminal shell support: internal: internal error

2026-06-27 23:19:26.719 [error] [LS Main stderr] E0627 23:19:26.718923 21361 log.go:398] failed to check terminal shell support: internal: internal error

2026-06-27 23:19:26.764 [error] [LS Main stderr] E0627 23:19:26.763777 21361 log.go:398] failed to check terminal shell support: internal: internal error

2026-06-27 23:19:26.766 [error] [LS Main stderr] E0627 23:19:26.766171 21361 log.go:398] failed to check terminal shell support: internal: internal error

2026-06-27 23:19:26.833 [error] [LS Main stderr] E0627 23:19:26.833093 21361 log.go:398] failed to check terminal shell support: internal: internal error

2026-06-27 23:19:26.836 [error] [LS Main stderr] E0627 23:19:26.836153 21361 log.go:398] failed to check terminal shell support: internal: internal error

2026-06-27 23:19:26.846 [error] [LS Main stderr] E0627 23:19:26.844332 21361 log.go:398] failed to check terminal shell support: internal: internal error

2026-06-27 23:19:26.846 [error] [LS Main stderr] E0627 23:19:26.846296 21361 log.go:398] failed to check terminal shell support: internal: internal error

2026-06-27 23:19:31.597 [error] [LS Main stderr] I0627 23:19:31.597346 21361 http_helpers.go:183] URL: https://daily-cloudcode-pa.googleapis.com/v1internal:streamGenerateContent?alt=sse Trace: 0x1fc9d3c7f681cf60

2026-06-27 23:19:31.640 [error] [LS Main stderr] E0627 23:19:31.640701 21361 log.go:398] failed to check terminal shell support: internal: internal error

2026-06-27 23:19:31.642 [error] [LS Main stderr] E0627 23:19:31.642164 21361 log.go:398] failed to check terminal shell support: internal: internal error

2026-06-27 23:19:32.499 [error] [LS Main stderr] E0627 23:19:32.498631 21361 log.go:398] failed to check terminal shell support: internal: internal error

2026-06-27 23:19:32.501 [error] [LS Main stderr] E0627 23:19:32.501276 21361 log.go:398] failed to check terminal shell support: internal: internal error

2026-06-27 23:19:32.573 [error] [LS Main stderr] E0627 23:19:32.572736 21361 log.go:398] failed to check terminal shell support: internal: internal error

2026-06-27 23:19:32.575 [error] [LS Main stderr] E0627 23:19:32.575328 21361 log.go:398] failed to check terminal shell support: internal: internal error

2026-06-27 23:19:59.142 [error] [LS Main stderr] E0627 23:19:59.142196 21361 log.go:398] failed to check terminal shell support: internal: internal error

2026-06-27 23:19:59.144 [error] [LS Main stderr] E0627 23:19:59.144546 21361 log.go:398] failed to check terminal shell support: internal: internal error

2026-06-27 23:20:53.305 [error] [LS Main stderr] E0627 23:20:53.305317 21361 log.go:398] failed to check terminal shell support: internal: internal error

2026-06-27 23:20:53.306 [error] [LS Main stderr] E0627 23:20:53.306726 21361 log.go:398] failed to check terminal shell support: internal: internal error

2026-06-27 23:20:59.354 [error] [LS Main stderr] E0627 23:20:59.354160 21361 log.go:398] failed to check terminal shell support: internal: internal error

2026-06-27 23:20:59.388 [error] [LS Main stderr] E0627 23:20:59.388231 21361 log.go:398] failed to check terminal shell support: internal: internal error

2026-06-27 23:20:59.391 [error] [LS Main stderr] E0627 23:20:59.391151 21361 log.go:398] failed to check terminal shell support: internal: internal error

2026-06-27 23:20:59.396 [error] [LS Main stderr] E0627 23:20:59.395865 21361 log.go:398] failed to check terminal shell support: internal: internal error

2026-06-27 23:20:59.400 [error] [LS Main stderr] E0627 23:20:59.398111 21361 log.go:398] failed to check terminal shell support: internal: internal error

2026-06-27 23:20:59.421 [error] [LS Main stderr] E0627 23:20:59.421071 21361 log.go:398] failed to check terminal shell support: internal: internal error

2026-06-27 23:20:59.423 [error] [LS Main stderr] E0627 23:20:59.422960 21361 log.go:398] failed to check terminal shell support: internal: internal error

2026-06-27 23:20:59.517 [error] [LS Main stderr] E0627 23:20:59.517274 21361 log.go:398] failed to check terminal shell support: internal: internal error

2026-06-27 23:20:59.520 [error] [LS Main stderr] E0627 23:20:59.520421 21361 log.go:398] failed to check terminal shell support: internal: internal error

2026-06-27 23:20:59.547 [error] [LS Main stderr] E0627 23:20:59.545436 21361 log.go:398] failed to check terminal shell support: internal: internal error

2026-06-27 23:20:59.549 [error] [LS Main stderr] E0627 23:20:59.549870 21361 log.go:398] failed to check terminal shell support: internal: internal error

2026-06-27 23:20:59.559 [error] [LS Main stderr] E0627 23:20:59.558876 21361 log.go:398] failed to check terminal shell support: internal: internal error

2026-06-27 23:20:59.560 [error] [LS Main stderr] E0627 23:20:59.560407 21361 log.go:398] failed to check terminal shell support: internal: internal error

2026-06-27 23:21:05.971 [error] [LS Main stderr] I0627 23:21:05.970929 21361 http_helpers.go:183] URL: https://daily-cloudcode-pa.googleapis.com/v1internal:streamGenerateContent?alt=sse Trace: 0xc1d7e910941d812c

2026-06-27 23:21:06.014 [error] [LS Main stderr] E0627 23:21:06.012169 21361 log.go:398] failed to check terminal shell support: internal: internal error

2026-06-27 23:21:06.015 [error] [LS Main stderr] E0627 23:21:06.015158 21361 log.go:398] failed to check terminal shell support: internal: internal error

2026-06-27 23:21:08.692 [error] [LS Main stderr] E0627 23:21:08.692425 21361 log.go:398] failed to check terminal shell support: internal: internal error

2026-06-27 23:21:08.694 [error] [LS Main stderr] E0627 23:21:08.694386 21361 log.go:398] failed to check terminal shell support: internal: internal error

2026-06-27 23:21:08.745 [error] [LS Main stderr] E0627 23:21:08.745052 21361 log.go:398] failed to check terminal shell support: internal: internal error

2026-06-27 23:21:08.747 [error] [LS Main stderr] E0627 23:21:08.746925 21361 log.go:398] failed to check terminal shell support: internal: internal error

2026-06-27 23:21:08.755 [error] [LS Main stderr] E0627 23:21:08.755480 21361 log.go:398] failed to check terminal shell support: internal: internal error

2026-06-27 23:21:08.758 [error] [LS Main stderr] E0627 23:21:08.757372 21361 log.go:398] failed to check terminal shell support: internal: internal error

2026-06-27 23:21:08.771 [error] [LS Main stderr] E0627 23:21:08.771082 21361 log.go:398] failed to check terminal shell support: internal: internal error

2026-06-27 23:21:08.773 [error] [LS Main stderr] E0627 23:21:08.773156 21361 log.go:398] failed to check terminal shell support: internal: internal error

2026-06-27 23:21:16.211 [error] [LS Main stderr] I0627 23:21:16.211357 21361 http_helpers.go:183] URL: https://daily-cloudcode-pa.googleapis.com/v1internal:streamGenerateContent?alt=sse Trace: 0xeb29f9ae235fdfc

2026-06-27 23:21:16.263 [error] [LS Main stderr] E0627 23:21:16.263700 21361 log.go:398] failed to check terminal shell support: internal: internal error

2026-06-27 23:21:16.269 [error] [LS Main stderr] E0627 23:21:16.269226 21361 log.go:398] failed to check terminal shell support: internal: internal error

2026-06-27 23:21:16.288 [error] [LS Main stderr] E0627 23:21:16.288067 21361 log.go:398] failed to check terminal shell support: internal: internal error

2026-06-27 23:21:16.289 [error] [LS Main stderr] E0627 23:21:16.289725 21361 log.go:398] failed to check terminal shell support: internal: internal error

2026-06-27 23:21:18.454 [error] [LS Main stderr] E0627 23:21:18.454820 21361 log.go:398] failed to check terminal shell support: internal: internal error

2026-06-27 23:21:18.456 [error] [LS Main stderr] E0627 23:21:18.456538 21361 log.go:398] failed to check terminal shell support: internal: internal error

2026-06-27 23:21:26.246 [error] [LS Main stderr] I0627 23:21:26.246557 21361 http_helpers.go:183] URL: https://daily-cloudcode-pa.googleapis.com/v1internal:streamGenerateContent?alt=sse Trace: 0xdce42c6c3c740c2f

2026-06-27 23:21:26.300 [error] [LS Main stderr] E0627 23:21:26.300140 21361 log.go:398] failed to check terminal shell support: internal: internal error

2026-06-27 23:21:26.306 [error] [LS Main stderr] E0627 23:21:26.306311 21361 log.go:398] failed to check terminal shell support: internal: internal error

2026-06-27 23:21:26.321 [error] [LS Main stderr] E0627 23:21:26.320162 21361 log.go:398] failed to check terminal shell support: internal: internal error

2026-06-27 23:21:26.322 [error] [LS Main stderr] E0627 23:21:26.322823 21361 log.go:398] failed to check terminal shell support: internal: internal error

2026-06-27 23:21:28.410 [error] [LS Main stderr] E0627 23:21:28.410089 21361 log.go:398] failed to check terminal shell support: internal: internal error

2026-06-27 23:21:28.411 [error] [LS Main stderr] E0627 23:21:28.411531 21361 log.go:398] failed to check terminal shell support: internal: internal error

2026-06-27 23:21:35.075 [error] [LS Main stderr] I0627 23:21:35.074835 21361 http_helpers.go:183] URL: https://daily-cloudcode-pa.googleapis.com/v1internal:streamGenerateContent?alt=sse Trace: 0xc6bef1e6fdb9bb9a

2026-06-27 23:21:35.127 [error] [LS Main stderr] E0627 23:21:35.127298 21361 log.go:398] failed to check terminal shell support: internal: internal error

2026-06-27 23:21:35.128 [error] [LS Main stderr] E0627 23:21:35.128451 21361 log.go:398] failed to check terminal shell support: internal: internal error

2026-06-27 23:21:35.331 [error] [LS Main stderr] E0627 23:21:35.331037 21361 log.go:398] failed to check terminal shell support: internal: internal error

2026-06-27 23:21:35.332 [error] [LS Main stderr] E0627 23:21:35.332281 21361 log.go:398] failed to check terminal shell support: internal: internal error

2026-06-27 23:21:37.438 [error] [LS Main stderr] E0627 23:21:37.438108 21361 log.go:398] failed to check terminal shell support: internal: internal error

2026-06-27 23:21:37.439 [error] [LS Main stderr] E0627 23:21:37.439326 21361 log.go:398] failed to check terminal shell support: internal: internal error

2026-06-27 23:21:43.330 [error] [LS Main stderr] I0627 23:21:43.329482 21361 http_helpers.go:183] URL: https://daily-cloudcode-pa.googleapis.com/v1internal:streamGenerateContent?alt=sse Trace: 0x90f5897dcb971286

2026-06-27 23:21:43.379 [error] [LS Main stderr] E0627 23:21:43.379674 21361 log.go:398] failed to check terminal shell support: internal: internal error

2026-06-27 23:21:43.384 [error] [LS Main stderr] E0627 23:21:43.383850 21361 log.go:398] failed to check terminal shell support: internal: internal error

2026-06-27 23:21:43.586 [error] [LS Main stderr] E0627 23:21:43.586453 21361 log.go:398] failed to check terminal shell support: internal: internal error

2026-06-27 23:21:43.587 [error] [LS Main stderr] E0627 23:21:43.587604 21361 log.go:398] failed to check terminal shell support: internal: internal error

2026-06-27 23:21:45.725 [error] [LS Main stderr] E0627 23:21:45.725715 21361 log.go:398] failed to check terminal shell support: internal: internal error

2026-06-27 23:21:45.727 [error] [LS Main stderr] E0627 23:21:45.727377 21361 log.go:398] failed to check terminal shell support: internal: internal error

2026-06-27 23:21:54.102 [error] [LS Main stderr] I0627 23:21:54.102447 21361 http_helpers.go:183] URL: https://daily-cloudcode-pa.googleapis.com/v1internal:streamGenerateContent?alt=sse Trace: 0xba9fb3ef5990f2b2

2026-06-27 23:21:54.160 [error] [LS Main stderr] E0627 23:21:54.159200 21361 log.go:398] failed to check terminal shell support: internal: internal error

2026-06-27 23:21:54.162 [error] [LS Main stderr] E0627 23:21:54.162097 21361 log.go:398] failed to check terminal shell support: internal: internal error

2026-06-27 23:21:54.200 [error] [LS Main stderr] E0627 23:21:54.199693 21361 log.go:398] failed to check terminal shell support: internal: internal error

2026-06-27 23:21:54.202 [error] [LS Main stderr] E0627 23:21:54.202104 21361 log.go:398] failed to check terminal shell support: internal: internal error

2026-06-27 23:21:56.275 [error] [LS Main stderr] E0627 23:21:56.275223 21361 log.go:398] failed to check terminal shell support: internal: internal error

2026-06-27 23:21:56.278 [error] [LS Main stderr] E0627 23:21:56.278198 21361 log.go:398] failed to check terminal shell support: internal: internal error

2026-06-27 23:22:02.290 [error] [LS Main stderr] I0627 23:22:02.290647 21361 http_helpers.go:183] URL: https://daily-cloudcode-pa.googleapis.com/v1internal:streamGenerateContent?alt=sse Trace: 0x79e5bc18e63fd465

2026-06-27 23:22:02.349 [error] [LS Main stderr] E0627 23:22:02.348825 21361 log.go:398] failed to check terminal shell support: internal: internal error

2026-06-27 23:22:02.350 [error] [LS Main stderr] E0627 23:22:02.350050 21361 log.go:398] failed to check terminal shell support: internal: internal error

2026-06-27 23:22:02.656 [error] [LS Main stderr] E0627 23:22:02.656126 21361 log.go:398] failed to check terminal shell support: internal: internal error

2026-06-27 23:22:02.657 [error] [LS Main stderr] E0627 23:22:02.657788 21361 log.go:398] failed to check terminal shell support: internal: internal error

2026-06-27 23:22:02.697 [error] [LS Main stderr] E0627 23:22:02.696969 21361 log.go:398] failed to check terminal shell support: internal: internal error

2026-06-27 23:22:02.699 [error] [LS Main stderr] E0627 23:22:02.699086 21361 log.go:398] failed to check terminal shell support: internal: internal error

2026-06-27 23:22:12.123 [error] [LS Main stderr] I0627 23:22:12.122904 21361 http_helpers.go:183] URL: https://daily-cloudcode-pa.googleapis.com/v1internal:streamGenerateContent?alt=sse Trace: 0xed3a95b194e25c72

2026-06-27 23:22:12.188 [error] [LS Main stderr] E0627 23:22:12.188010 21361 log.go:398] failed to check terminal shell support: internal: internal error

2026-06-27 23:22:12.190 [error] [LS Main stderr] E0627 23:22:12.189694 21361 log.go:398] failed to check terminal shell support: internal: internal error

2026-06-27 23:22:12.216 [error] [LS Main stderr] E0627 23:22:12.215840 21361 log.go:398] failed to check terminal shell support: internal: internal error

2026-06-27 23:22:12.217 [error] [LS Main stderr] E0627 23:22:12.217726 21361 log.go:398] failed to check terminal shell support: internal: internal error

2026-06-27 23:22:14.269 [error] [LS Main stderr] E0627 23:22:14.268785 21361 log.go:398] failed to check terminal shell support: internal: internal error

2026-06-27 23:22:14.270 [error] [LS Main stderr] E0627 23:22:14.270127 21361 log.go:398] failed to check terminal shell support: internal: internal error

2026-06-27 23:22:14.292 [error] [LS Main stderr] E0627 23:22:14.292067 21361 log.go:398] failed to check terminal shell support: internal: internal error

2026-06-27 23:22:14.293 [error] [LS Main stderr] E0627 23:22:14.293527 21361 log.go:398] failed to check terminal shell support: internal: internal error

2026-06-27 23:22:15.601 [error] [LS Main stderr] I0627 23:22:15.601034 21361 http_helpers.go:183] URL: https://daily-cloudcode-pa.googleapis.com/v1internal:streamGenerateContent?alt=sse Trace: 0xb7baa0f77ca57168

2026-06-27 23:22:19.614 [error] [LS Main stderr] E0627 23:22:19.614102 21361 log.go:398] failed to check terminal shell support: internal: internal error

2026-06-27 23:22:19.618 [error] [LS Main stderr] E0627 23:22:19.617603 21361 log.go:398] failed to check terminal shell support: internal: internal error

2026-06-27 23:22:19.698 [error] [LS Main stderr] I0627 23:22:19.698086 21361 http_helpers.go:183] URL: https://daily-cloudcode-pa.googleapis.com/v1internal:streamGenerateContent?alt=sse Trace: 0x4ae5b8d1761d1a37

2026-06-27 23:22:19.745 [error] [LS Main stderr] E0627 23:22:19.744749 21361 log.go:398] failed to check terminal shell support: internal: internal error

2026-06-27 23:22:19.746 [error] [LS Main stderr] E0627 23:22:19.746472 21361 log.go:398] failed to check terminal shell support: internal: internal error

2026-06-27 23:22:19.794 [error] [LS Main stderr] E0627 23:22:19.794288 21361 log.go:398] failed to check terminal shell support: internal: internal error

2026-06-27 23:22:19.796 [error] [LS Main stderr] E0627 23:22:19.796215 21361 log.go:398] failed to check terminal shell support: internal: internal error

2026-06-27 23:22:19.860 [error] [LS Main stderr] E0627 23:22:19.860078 21361 log.go:398] failed to check terminal shell support: internal: internal error

2026-06-27 23:22:19.861 [error] [LS Main stderr] E0627 23:22:19.861705 21361 log.go:398] failed to check terminal shell support: internal: internal error

2026-06-27 23:22:19.875 [error] [LS Main stderr] E0627 23:22:19.875544 21361 log.go:398] failed to check terminal shell support: internal: internal error

2026-06-27 23:22:19.878 [error] [LS Main stderr] E0627 23:22:19.878027 21361 log.go:398] failed to check terminal shell support: internal: internal error

2026-06-27 23:22:19.899 [error] [LS Main stderr] E0627 23:22:19.899086 21361 log.go:398] failed to check terminal shell support: internal: internal error

2026-06-27 23:22:19.901 [error] [LS Main stderr] E0627 23:22:19.900777 21361 log.go:398] failed to check terminal shell support: internal: internal error

2026-06-27 23:22:25.228 [error] [LS Main stderr] I0627 23:22:25.228308 21361 http_helpers.go:183] URL: https://daily-cloudcode-pa.googleapis.com/v1internal:streamGenerateContent?alt=sse Trace: 0xa29c68ef024197ea

2026-06-27 23:22:25.291 [error] [LS Main stderr] E0627 23:22:25.291122 21361 log.go:398] failed to check terminal shell support: internal: internal error

2026-06-27 23:22:25.293 [error] [LS Main stderr] E0627 23:22:25.293073 21361 log.go:398] failed to check terminal shell support: internal: internal error

2026-06-27 23:22:25.323 [error] [LS Main stderr] E0627 23:22:25.323677 21361 log.go:398] failed to check terminal shell support: internal: internal error

2026-06-27 23:22:25.326 [error] [LS Main stderr] E0627 23:22:25.326076 21361 log.go:398] failed to check terminal shell support: internal: internal error

2026-06-27 23:22:25.361 [error] [LS Main stderr] E0627 23:22:25.361008 21361 log.go:398] failed to check terminal shell support: internal: internal error

2026-06-27 23:22:25.363 [error] [LS Main stderr] E0627 23:22:25.363107 21361 log.go:398] failed to check terminal shell support: internal: internal error

2026-06-27 23:22:30.757 [error] [LS Main stderr] I0627 23:22:30.757302 21361 http_helpers.go:183] URL: https://daily-cloudcode-pa.googleapis.com/v1internal:streamGenerateContent?alt=sse Trace: 0xb760c59949ea525a

2026-06-27 23:22:30.828 [error] [LS Main stderr] E0627 23:22:30.828529 21361 log.go:398] failed to check terminal shell support: internal: internal error

2026-06-27 23:22:30.831 [error] [LS Main stderr] E0627 23:22:30.830481 21361 log.go:398] failed to check terminal shell support: internal: internal error

2026-06-27 23:22:30.887 [error] [LS Main stderr] E0627 23:22:30.887777 21361 log.go:398] failed to check terminal shell support: internal: internal error

2026-06-27 23:22:30.891 [error] [LS Main stderr] E0627 23:22:30.891001 21361 log.go:398] failed to check terminal shell support: internal: internal error

2026-06-27 23:22:30.905 [error] [LS Main stderr] E0627 23:22:30.904297 21361 log.go:398] failed to check terminal shell support: internal: internal error

2026-06-27 23:22:30.907 [error] [LS Main stderr] E0627 23:22:30.907107 21361 log.go:398] failed to check terminal shell support: internal: internal error

2026-06-27 23:22:36.493 [error] [LS Main stderr] I0627 23:22:36.492607 21361 http_helpers.go:183] URL: https://daily-cloudcode-pa.googleapis.com/v1internal:streamGenerateContent?alt=sse Trace: 0xcbc1ffc508d7f797

2026-06-27 23:22:36.546 [error] [LS Main stderr] E0627 23:22:36.546755 21361 log.go:398] failed to check terminal shell support: internal: internal error

2026-06-27 23:22:36.548 [error] [LS Main stderr] E0627 23:22:36.548060 21361 log.go:398] failed to check terminal shell support: internal: internal error

2026-06-27 23:22:37.017 [error] [LS Main stderr] E0627 23:22:37.017780 21361 log.go:398] failed to check terminal shell support: internal: internal error

2026-06-27 23:22:37.020 [error] [LS Main stderr] E0627 23:22:37.020109 21361 log.go:398] failed to check terminal shell support: internal: internal error

2026-06-27 23:22:37.069 [error] [LS Main stderr] E0627 23:22:37.068140 21361 log.go:398] failed to check terminal shell support: internal: internal error

2026-06-27 23:22:37.072 [error] [LS Main stderr] E0627 23:22:37.071153 21361 log.go:398] failed to check terminal shell support: internal: internal error

2026-06-27 23:22:42.226 [error] [LS Main stderr] I0627 23:22:42.226229 21361 http_helpers.go:183] URL: https://daily-cloudcode-pa.googleapis.com/v1internal:streamGenerateContent?alt=sse Trace: 0x8dfc5e1e6211a712

2026-06-27 23:22:42.281 [error] [LS Main stderr] E0627 23:22:42.280864 21361 log.go:398] failed to check terminal shell support: internal: internal error

2026-06-27 23:22:42.283 [error] [LS Main stderr] E0627 23:22:42.282495 21361 log.go:398] failed to check terminal shell support: internal: internal error

2026-06-27 23:22:42.547 [error] [LS Main stderr] E0627 23:22:42.547907 21361 log.go:398] failed to check terminal shell support: internal: internal error

2026-06-27 23:22:42.550 [error] [LS Main stderr] E0627 23:22:42.550092 21361 log.go:398] failed to check terminal shell support: internal: internal error

2026-06-27 23:22:42.590 [error] [LS Main stderr] E0627 23:22:42.589611 21361 log.go:398] failed to check terminal shell support: internal: internal error

2026-06-27 23:22:42.592 [error] [LS Main stderr] E0627 23:22:42.592668 21361 log.go:398] failed to check terminal shell support: internal: internal error

2026-06-27 23:22:47.960 [error] [LS Main stderr] I0627 23:22:47.960106 21361 http_helpers.go:183] URL: https://daily-cloudcode-pa.googleapis.com/v1internal:streamGenerateContent?alt=sse Trace: 0xfcac3389fc0a9368

2026-06-27 23:22:48.016 [error] [LS Main stderr] E0627 23:22:48.015712 21361 log.go:398] failed to check terminal shell support: internal: internal error

2026-06-27 23:22:48.017 [error] [LS Main stderr] E0627 23:22:48.017736 21361 log.go:398] failed to check terminal shell support: internal: internal error

2026-06-27 23:22:48.141 [error] [LS Main stderr] E0627 23:22:48.141267 21361 log.go:398] failed to check terminal shell support: internal: internal error

2026-06-27 23:22:48.142 [error] [LS Main stderr] E0627 23:22:48.142915 21361 log.go:398] failed to check terminal shell support: internal: internal error

2026-06-27 23:22:48.552 [error] [LS Main stderr] E0627 23:22:48.551973 21361 log.go:398] failed to check terminal shell support: internal: internal error

2026-06-27 23:22:48.554 [error] [LS Main stderr] E0627 23:22:48.553800 21361 log.go:398] failed to check terminal shell support: internal: internal error

2026-06-27 23:22:53.489 [error] [LS Main stderr] I0627 23:22:53.489424 21361 http_helpers.go:183] URL: https://daily-cloudcode-pa.googleapis.com/v1internal:streamGenerateContent?alt=sse Trace: 0xc4c4cafe42220592

2026-06-27 23:22:53.556 [error] [LS Main stderr] E0627 23:22:53.556200 21361 log.go:398] failed to check terminal shell support: internal: internal error

2026-06-27 23:22:53.563 [error] [LS Main stderr] E0627 23:22:53.562917 21361 log.go:398] failed to check terminal shell support: internal: internal error

2026-06-27 23:22:53.588 [error] [LS Main stderr] E0627 23:22:53.585956 21361 log.go:398] failed to check terminal shell support: internal: internal error

2026-06-27 23:22:53.588 [error] [LS Main stderr] E0627 23:22:53.588699 21361 log.go:398] failed to check terminal shell support: internal: internal error

2026-06-27 23:22:53.602 [error] [LS Main stderr] E0627 23:22:53.602662 21361 log.go:398] failed to check terminal shell support: internal: internal error

2026-06-27 23:22:53.604 [error] [LS Main stderr] E0627 23:22:53.603936 21361 log.go:398] failed to check terminal shell support: internal: internal error

2026-06-27 23:22:58.406 [error] [LS Main stderr] I0627 23:22:58.406150 21361 http_helpers.go:183] URL: https://daily-cloudcode-pa.googleapis.com/v1internal:streamGenerateContent?alt=sse Trace: 0xb4e1657e9a9596f7

2026-06-27 23:22:58.480 [error] [LS Main stderr] E0627 23:22:58.480416 21361 log.go:398] failed to check terminal shell support: internal: internal error

2026-06-27 23:22:58.482 [error] [LS Main stderr] E0627 23:22:58.481982 21361 log.go:398] failed to check terminal shell support: internal: internal error

2026-06-27 23:22:58.520 [error] [LS Main stderr] E0627 23:22:58.519899 21361 log.go:398] failed to check terminal shell support: internal: internal error

2026-06-27 23:22:58.522 [error] [LS Main stderr] E0627 23:22:58.522618 21361 log.go:398] failed to check terminal shell support: internal: internal error

2026-06-27 23:22:58.542 [error] [LS Main stderr] E0627 23:22:58.542639 21361 log.go:398] failed to check terminal shell support: internal: internal error

2026-06-27 23:22:58.544 [error] [LS Main stderr] E0627 23:22:58.543874 21361 log.go:398] failed to check terminal shell support: internal: internal error

2026-06-27 23:23:03.934 [error] [LS Main stderr] I0627 23:23:03.933960 21361 http_helpers.go:183] URL: https://daily-cloudcode-pa.googleapis.com/v1internal:streamGenerateContent?alt=sse Trace: 0x63e6d20104928041

2026-06-27 23:23:04.007 [error] [LS Main stderr] E0627 23:23:04.007185 21361 log.go:398] failed to check terminal shell support: internal: internal error

2026-06-27 23:23:04.012 [error] [LS Main stderr] E0627 23:23:04.012179 21361 log.go:398] failed to check terminal shell support: internal: internal error

2026-06-27 23:23:04.314 [error] [LS Main stderr] E0627 23:23:04.314800 21361 log.go:398] failed to check terminal shell support: internal: internal error

2026-06-27 23:23:04.318 [error] [LS Main stderr] E0627 23:23:04.317860 21361 log.go:398] failed to check terminal shell support: internal: internal error

2026-06-27 23:23:04.342 [error] [LS Main stderr] E0627 23:23:04.342100 21361 log.go:398] failed to check terminal shell support: internal: internal error

2026-06-27 23:23:04.344 [error] [LS Main stderr] E0627 23:23:04.344265 21361 log.go:398] failed to check terminal shell support: internal: internal error

2026-06-27 23:23:09.432 [error] [LS Main stderr] I0627 23:23:09.432067 21361 http_helpers.go:183] URL: https://daily-cloudcode-pa.googleapis.com/v1internal:streamGenerateContent?alt=sse Trace: 0x10ad401311390ad

2026-06-27 23:23:09.479 [error] [LS Main stderr] E0627 23:23:09.479423 21361 log.go:398] failed to check terminal shell support: internal: internal error

2026-06-27 23:23:09.485 [error] [LS Main stderr] E0627 23:23:09.485084 21361 log.go:398] failed to check terminal shell support: internal: internal error

2026-06-27 23:23:09.800 [error] [LS Main stderr] E0627 23:23:09.799923 21361 log.go:398] failed to check terminal shell support: internal: internal error

2026-06-27 23:23:09.802 [error] [LS Main stderr] E0627 23:23:09.801839 21361 log.go:398] failed to check terminal shell support: internal: internal error

2026-06-27 23:23:09.837 [error] [LS Main stderr] E0627 23:23:09.837057 21361 log.go:398] failed to check terminal shell support: internal: internal error

2026-06-27 23:23:09.839 [error] [LS Main stderr] E0627 23:23:09.838589 21361 log.go:398] failed to check terminal shell support: internal: internal error

2026-06-27 23:23:13.001 [error] [LS Main stderr] I0627 23:23:13.000850 21361 http_helpers.go:183] URL: https://daily-cloudcode-pa.googleapis.com/v1internal:loadCodeAssist Trace: 0x2185edc878e05110

2026-06-27 23:23:13.826 [error] [LS Main stderr] I0627 23:23:13.825928 21361 http_helpers.go:183] URL: https://daily-cloudcode-pa.googleapis.com/v1internal:fetchAvailableModels Trace: 0x271ca98d9b97ba69

2026-06-27 23:23:13.833 [error] [LS Main stderr] E0627 23:23:13.833464 21361 log.go:398] failed to check terminal shell support: internal: internal error

2026-06-27 23:23:13.839 [error] [LS Main stderr] E0627 23:23:13.839707 21361 log.go:398] failed to check terminal shell support: internal: internal error

2026-06-27 23:23:14.727 [error] [LS Main stderr] I0627 23:23:14.727075 21361 http_helpers.go:183] URL: https://daily-cloudcode-pa.googleapis.com/v1internal:streamGenerateContent?alt=sse Trace: 0x2776f2d77b65d640

2026-06-27 23:23:14.774 [error] [LS Main stderr] E0627 23:23:14.774751 21361 log.go:398] failed to check terminal shell support: internal: internal error

2026-06-27 23:23:14.780 [error] [LS Main stderr] E0627 23:23:14.780087 21361 log.go:398] failed to check terminal shell support: internal: internal error

2026-06-27 23:23:14.901 [error] [LS Main stderr] E0627 23:23:14.901510 21361 log.go:398] failed to check terminal shell support: internal: internal error

2026-06-27 23:23:14.904 [error] [LS Main stderr] E0627 23:23:14.904156 21361 log.go:398] failed to check terminal shell support: internal: internal error

2026-06-27 23:23:14.943 [error] [LS Main stderr] E0627 23:23:14.943480 21361 log.go:398] failed to check terminal shell support: internal: internal error

2026-06-27 23:23:14.945 [error] [LS Main stderr] E0627 23:23:14.945083 21361 log.go:398] failed to check terminal shell support: internal: internal error

2026-06-27 23:23:20.104 [error] [LS Main stderr] I0627 23:23:20.104331 21361 http_helpers.go:183] URL: https://daily-cloudcode-pa.googleapis.com/v1internal:streamGenerateContent?alt=sse Trace: 0xe2b73436c2e4d224

2026-06-27 23:23:20.156 [error] [LS Main stderr] E0627 23:23:20.155651 21361 log.go:398] failed to check terminal shell support: internal: internal error

2026-06-27 23:23:20.158 [error] [LS Main stderr] E0627 23:23:20.158114 21361 log.go:398] failed to check terminal shell support: internal: internal error

2026-06-27 23:23:21.118 [error] [LS Main stderr] E0627 23:23:21.117086 21361 log.go:398] failed to check terminal shell support: internal: internal error

2026-06-27 23:23:21.121 [error] [LS Main stderr] E0627 23:23:21.121589 21361 log.go:398] failed to check terminal shell support: internal: internal error

2026-06-27 23:23:21.198 [error] [LS Main stderr] E0627 23:23:21.198683 21361 log.go:398] failed to check terminal shell support: internal: internal error

2026-06-27 23:23:21.200 [error] [LS Main stderr] E0627 23:23:21.200264 21361 log.go:398] failed to check terminal shell support: internal: internal error

2026-06-27 23:23:27.282 [error] [LS Main stderr] I0627 23:23:27.282418 21361 http_helpers.go:183] URL: https://daily-cloudcode-pa.googleapis.com/v1internal:streamGenerateContent?alt=sse Trace: 0x8e4a929260794f67

2026-06-27 23:23:27.334 [error] [LS Main stderr] E0627 23:23:27.333938 21361 log.go:398] failed to check terminal shell support: internal: internal error

2026-06-27 23:23:27.336 [error] [LS Main stderr] E0627 23:23:27.336134 21361 log.go:398] failed to check terminal shell support: internal: internal error

2026-06-27 23:23:30.589 [error] [LS Main stderr] E0627 23:23:30.589287 21361 log.go:398] failed to check terminal shell support: internal: internal error

2026-06-27 23:23:30.590 [error] [LS Main stderr] E0627 23:23:30.590585 21361 log.go:398] failed to check terminal shell support: internal: internal error

2026-06-27 23:23:30.628 [error] [LS Main stderr] E0627 23:23:30.627295 21361 log.go:398] failed to check terminal shell support: internal: internal error

2026-06-27 23:23:30.631 [error] [LS Main stderr] E0627 23:23:30.631305 21361 log.go:398] failed to check terminal shell support: internal: internal error

2026-06-27 23:23:36.356 [error] [LS Main stderr] I0627 23:23:36.355942 21361 http_helpers.go:183] URL: https://daily-cloudcode-pa.googleapis.com/v1internal:streamGenerateContent?alt=sse Trace: 0x96b7c981a305cad9

2026-06-27 23:23:36.402 [error] [LS Main stderr] E0627 23:23:36.402185 21361 log.go:398] failed to check terminal shell support: internal: internal error

2026-06-27 23:23:36.405 [error] [LS Main stderr] E0627 23:23:36.405120 21361 log.go:398] failed to check terminal shell support: internal: internal error

2026-06-27 23:23:44.543 [error] [LS Main stderr] E0627 23:23:44.542981 21361 log.go:398] failed to check terminal shell support: internal: internal error

2026-06-27 23:23:44.545 [error] [LS Main stderr] E0627 23:23:44.545198 21361 log.go:398] failed to check terminal shell support: internal: internal error

2026-06-27 23:23:46.611 [error] [LS Main stderr] E0627 23:23:46.611675 21361 log.go:398] failed to check terminal shell support: internal: internal error

2026-06-27 23:23:46.615 [error] [LS Main stderr] E0627 23:23:46.615706 21361 log.go:398] failed to check terminal shell support: internal: internal error

2026-06-27 23:23:53.315 [error] [LS Main stderr] I0627 23:23:53.315072 21361 http_helpers.go:183] URL: https://daily-cloudcode-pa.googleapis.com/v1internal:streamGenerateContent?alt=sse Trace: 0xb3a4c2e54a0bdd55

2026-06-27 23:23:53.374 [error] [LS Main stderr] E0627 23:23:53.374089 21361 log.go:398] failed to check terminal shell support: internal: internal error

2026-06-27 23:23:53.380 [error] [LS Main stderr] E0627 23:23:53.380058 21361 log.go:398] failed to check terminal shell support: internal: internal error

2026-06-27 23:23:53.396 [error] [LS Main stderr] E0627 23:23:53.395890 21361 log.go:398] failed to check terminal shell support: internal: internal error

2026-06-27 23:23:53.397 [error] [LS Main stderr] E0627 23:23:53.397011 21361 log.go:398] failed to check terminal shell support: internal: internal error

2026-06-27 23:23:55.483 [error] [LS Main stderr] E0627 23:23:55.483179 21361 log.go:398] failed to check terminal shell support: internal: internal error

2026-06-27 23:23:55.484 [error] [LS Main stderr] E0627 23:23:55.484757 21361 log.go:398] failed to check terminal shell support: internal: internal error

2026-06-27 23:24:02.200 [error] [LS Main stderr] I0627 23:24:02.200144 21361 http_helpers.go:183] URL: https://daily-cloudcode-pa.googleapis.com/v1internal:streamGenerateContent?alt=sse Trace: 0xfc4ed27101a135a3

2026-06-27 23:24:02.248 [error] [LS Main stderr] E0627 23:24:02.247956 21361 log.go:398] failed to check terminal shell support: internal: internal error

2026-06-27 23:24:02.250 [error] [LS Main stderr] E0627 23:24:02.250080 21361 log.go:398] failed to check terminal shell support: internal: internal error

2026-06-27 23:24:03.652 [error] [LS Main stderr] E0627 23:24:03.652868 21361 log.go:398] failed to check terminal shell support: internal: internal error

2026-06-27 23:24:03.656 [error] [LS Main stderr] E0627 23:24:03.656038 21361 log.go:398] failed to check terminal shell support: internal: internal error

2026-06-27 23:24:03.697 [error] [LS Main stderr] E0627 23:24:03.697254 21361 log.go:398] failed to check terminal shell support: internal: internal error

2026-06-27 23:24:03.701 [error] [LS Main stderr] E0627 23:24:03.701016 21361 log.go:398] failed to check terminal shell support: internal: internal error

2026-06-27 23:24:03.714 [error] [LS Main stderr] E0627 23:24:03.713098 21361 log.go:398] failed to check terminal shell support: internal: internal error

2026-06-27 23:24:03.721 [error] [LS Main stderr] E0627 23:24:03.721136 21361 log.go:398] failed to check terminal shell support: internal: internal error

2026-06-27 23:24:03.745 [error] [LS Main stderr] E0627 23:24:03.745760 21361 log.go:398] failed to check terminal shell support: internal: internal error

2026-06-27 23:24:03.748 [error] [LS Main stderr] E0627 23:24:03.747888 21361 log.go:398] failed to check terminal shell support: internal: internal error

2026-06-27 23:24:11.341 [error] [LS Main stderr] I0627 23:24:11.341346 21361 http_helpers.go:183] URL: https://daily-cloudcode-pa.googleapis.com/v1internal:streamGenerateContent?alt=sse Trace: 0x9ec71859f224c3ba

2026-06-27 23:24:11.390 [error] [LS Main stderr] E0627 23:24:11.390419 21361 log.go:398] failed to check terminal shell support: internal: internal error

2026-06-27 23:24:11.398 [error] [LS Main stderr] E0627 23:24:11.397594 21361 log.go:398] failed to check terminal shell support: internal: internal error

2026-06-27 23:24:11.555 [error] [LS Main stderr] E0627 23:24:11.555120 21361 log.go:398] failed to check terminal shell support: internal: internal error

2026-06-27 23:24:11.558 [error] [LS Main stderr] E0627 23:24:11.558166 21361 log.go:398] failed to check terminal shell support: internal: internal error

2026-06-27 23:24:11.660 [error] [LS Main stderr] E0627 23:24:11.660124 21361 log.go:398] failed to check terminal shell support: internal: internal error

2026-06-27 23:24:11.662 [error] [LS Main stderr] E0627 23:24:11.662085 21361 log.go:398] failed to check terminal shell support: internal: internal error

2026-06-27 23:24:11.667 [error] [LS Main stderr] E0627 23:24:11.667168 21361 log.go:398] failed to check terminal shell support: internal: internal error

2026-06-27 23:24:11.669 [error] [LS Main stderr] E0627 23:24:11.669098 21361 log.go:398] failed to check terminal shell support: internal: internal error

2026-06-27 23:24:11.683 [error] [LS Main stderr] E0627 23:24:11.682869 21361 log.go:398] failed to check terminal shell support: internal: internal error

2026-06-27 23:24:11.686 [error] [LS Main stderr] E0627 23:24:11.685648 21361 log.go:398] failed to check terminal shell support: internal: internal error

2026-06-27 23:24:16.639 [error] [LS Main stderr] I0627 23:24:16.639271 21361 http_helpers.go:183] URL: https://daily-cloudcode-pa.googleapis.com/v1internal:streamGenerateContent?alt=sse Trace: 0x20ab4e20c0903fa4

2026-06-27 23:24:16.694 [error] [LS Main stderr] E0627 23:24:16.694155 21361 log.go:398] failed to check terminal shell support: internal: internal error

2026-06-27 23:24:16.697 [error] [LS Main stderr] E0627 23:24:16.696567 21361 log.go:398] failed to check terminal shell support: internal: internal error

2026-06-27 23:24:16.723 [error] [LS Main stderr] E0627 23:24:16.723299 21361 log.go:398] failed to check terminal shell support: internal: internal error

2026-06-27 23:24:16.726 [error] [LS Main stderr] E0627 23:24:16.726575 21361 log.go:398] failed to check terminal shell support: internal: internal error

2026-06-27 23:24:16.820 [error] [LS Main stderr] E0627 23:24:16.820110 21361 log.go:398] failed to check terminal shell support: internal: internal error

2026-06-27 23:24:16.822 [error] [LS Main stderr] E0627 23:24:16.822105 21361 log.go:398] failed to check terminal shell support: internal: internal error

2026-06-27 23:24:21.451 [error] [LS Main stderr] I0627 23:24:21.450845 21361 http_helpers.go:183] URL: https://daily-cloudcode-pa.googleapis.com/v1internal:streamGenerateContent?alt=sse Trace: 0xed044775813e335d

2026-06-27 23:24:21.497 [error] [LS Main stderr] E0627 23:24:21.496985 21361 log.go:398] failed to check terminal shell support: internal: internal error

2026-06-27 23:24:21.499 [error] [LS Main stderr] E0627 23:24:21.499004 21361 log.go:398] failed to check terminal shell support: internal: internal error

2026-06-27 23:24:24.344 [error] [LS Main stderr] E0627 23:24:24.344778 21361 log.go:398] failed to check terminal shell support: internal: internal error

2026-06-27 23:24:24.348 [error] [LS Main stderr] E0627 23:24:24.347996 21361 log.go:398] failed to check terminal shell support: internal: internal error

2026-06-27 23:24:24.366 [error] [LS Main stderr] E0627 23:24:24.365442 21361 log.go:398] failed to check terminal shell support: internal: internal error

2026-06-27 23:24:24.368 [error] [LS Main stderr] E0627 23:24:24.368103 21361 log.go:398] failed to check terminal shell support: internal: internal error

2026-06-27 23:24:24.376 [error] [LS Main stderr] E0627 23:24:24.375878 21361 log.go:398] failed to check terminal shell support: internal: internal error

2026-06-27 23:24:24.377 [error] [LS Main stderr] E0627 23:24:24.377811 21361 log.go:398] failed to check terminal shell support: internal: internal error

2026-06-27 23:24:24.565 [error] [LS Main stderr] E0627 23:24:24.565822 21361 log.go:398] failed to check terminal shell support: internal: internal error

2026-06-27 23:24:24.569 [error] [LS Main stderr] E0627 23:24:24.569114 21361 log.go:398] failed to check terminal shell support: internal: internal error

2026-06-27 23:24:29.485 [error] [LS Main stderr] E0627 23:24:29.484516 21361 log.go:398] failed to check terminal shell support: internal: internal error

2026-06-27 23:24:29.491 [error] [LS Main stderr] E0627 23:24:29.488368 21361 log.go:398] failed to check terminal shell support: internal: internal error

2026-06-27 23:24:29.494 [error] [LS Main stderr] E0627 23:24:29.491102 21361 log.go:398] failed to check terminal shell support: internal: internal error

2026-06-27 23:24:29.495 [error] [LS Main stderr] E0627 23:24:29.495235 21361 log.go:398] failed to check terminal shell support: internal: internal error

2026-06-27 23:24:30.997 [error] [LS Main stderr] E0627 23:24:30.997161 21361 log.go:398] failed to check terminal shell support: internal: internal error

2026-06-27 23:24:31.000 [error] [LS Main stderr] E0627 23:24:30.999738 21361 log.go:398] failed to check terminal shell support: internal: internal error

2026-06-27 23:24:31.002 [error] [LS Main stderr] E0627 23:24:31.002327 21361 log.go:398] failed to check terminal shell support: internal: internal error

2026-06-27 23:24:31.029 [error] [LS Main stderr] E0627 23:24:31.029884 21361 log.go:398] failed to check terminal shell support: internal: internal error

2026-06-27 23:24:31.032 [error] [LS Main stderr] E0627 23:24:31.032166 21361 log.go:398] failed to check terminal shell support: internal: internal error

2026-06-27 23:24:31.041 [error] [LS Main stderr] E0627 23:24:31.040291 21361 log.go:398] failed to check terminal shell support: internal: internal error

2026-06-27 23:24:31.046 [error] [LS Main stderr] E0627 23:24:31.045573 21361 log.go:398] failed to check terminal shell support: internal: internal error

2026-06-27 23:24:31.175 [error] [LS Main stderr] E0627 23:24:31.175628 21361 log.go:398] failed to check terminal shell support: internal: internal error

2026-06-27 23:24:31.177 [error] [LS Main stderr] E0627 23:24:31.176887 21361 log.go:398] failed to check terminal shell support: internal: internal error

2026-06-27 23:24:31.567 [error] [LS Main stderr] E0627 23:24:31.567704 21361 log.go:398] failed to check terminal shell support: internal: internal error

2026-06-27 23:24:31.569 [error] [LS Main stderr] E0627 23:24:31.569777 21361 log.go:398] failed to check terminal shell support: internal: internal error

2026-06-27 23:24:36.196 [error] [LS Main stderr] I0627 23:24:36.196105 21361 http_helpers.go:183] URL: https://daily-cloudcode-pa.googleapis.com/v1internal:streamGenerateContent?alt=sse Trace: 0x57b012e768c70010

2026-06-27 23:24:36.243 [error] [LS Main stderr] E0627 23:24:36.242992 21361 log.go:398] failed to check terminal shell support: internal: internal error

2026-06-27 23:24:36.245 [error] [LS Main stderr] E0627 23:24:36.245257 21361 log.go:398] failed to check terminal shell support: internal: internal error

2026-06-27 23:24:37.522 [error] [LS Main stderr] E0627 23:24:37.521013 21361 log.go:398] failed to check terminal shell support: internal: internal error

2026-06-27 23:24:37.523 [error] [LS Main stderr] E0627 23:24:37.523519 21361 log.go:398] failed to check terminal shell support: internal: internal error

2026-06-27 23:24:37.554 [error] [LS Main stderr] E0627 23:24:37.554186 21361 log.go:398] failed to check terminal shell support: internal: internal error

2026-06-27 23:24:37.557 [error] [LS Main stderr] E0627 23:24:37.556095 21361 log.go:398] failed to check terminal shell support: internal: internal error

2026-06-27 23:24:42.302 [error] [LS Main stderr] I0627 23:24:42.301952 21361 http_helpers.go:183] URL: https://daily-cloudcode-pa.googleapis.com/v1internal:streamGenerateContent?alt=sse Trace: 0xcbc588e6128b4e55

2026-06-27 23:24:42.357 [error] [LS Main stderr] E0627 23:24:42.357529 21361 log.go:398] failed to check terminal shell support: internal: internal error

2026-06-27 23:24:42.359 [error] [LS Main stderr] E0627 23:24:42.359105 21361 log.go:398] failed to check terminal shell support: internal: internal error

2026-06-27 23:24:42.531 [error] [LS Main stderr] E0627 23:24:42.530230 21361 log.go:398] failed to check terminal shell support: internal: internal error

2026-06-27 23:24:42.533 [error] [LS Main stderr] E0627 23:24:42.533529 21361 log.go:398] failed to check terminal shell support: internal: internal error

2026-06-27 23:24:42.570 [error] [LS Main stderr] E0627 23:24:42.570143 21361 log.go:398] failed to check terminal shell support: internal: internal error

2026-06-27 23:24:42.573 [error] [LS Main stderr] E0627 23:24:42.573201 21361 log.go:398] failed to check terminal shell support: internal: internal error

2026-06-27 23:24:47.513 [error] [LS Main stderr] I0627 23:24:47.512866 21361 http_helpers.go:183] URL: https://daily-cloudcode-pa.googleapis.com/v1internal:streamGenerateContent?alt=sse Trace: 0xf777ae3f5c3ff76b

2026-06-27 23:24:47.570 [error] [LS Main stderr] E0627 23:24:47.570502 21361 log.go:398] failed to check terminal shell support: internal: internal error

2026-06-27 23:24:47.572 [error] [LS Main stderr] E0627 23:24:47.572840 21361 log.go:398] failed to check terminal shell support: internal: internal error

2026-06-27 23:24:47.729 [error] [LS Main stderr] E0627 23:24:47.729181 21361 log.go:398] failed to check terminal shell support: internal: internal error

2026-06-27 23:24:47.737 [error] [LS Main stderr] E0627 23:24:47.736742 21361 log.go:398] failed to check terminal shell support: internal: internal error

2026-06-27 23:24:47.772 [error] [LS Main stderr] E0627 23:24:47.772198 21361 log.go:398] failed to check terminal shell support: internal: internal error

2026-06-27 23:24:47.775 [error] [LS Main stderr] E0627 23:24:47.774291 21361 log.go:398] failed to check terminal shell support: internal: internal error

2026-06-27 23:24:52.785 [error] [LS Main stderr] I0627 23:24:52.785173 21361 http_helpers.go:183] URL: https://daily-cloudcode-pa.googleapis.com/v1internal:streamGenerateContent?alt=sse Trace: 0x5541f36e875d176e

2026-06-27 23:24:52.844 [error] [LS Main stderr] E0627 23:24:52.844381 21361 log.go:398] failed to check terminal shell support: internal: internal error

2026-06-27 23:24:52.847 [error] [LS Main stderr] E0627 23:24:52.845894 21361 log.go:398] failed to check terminal shell support: internal: internal error

2026-06-27 23:24:53.246 [error] [LS Main stderr] E0627 23:24:53.245704 21361 log.go:398] failed to check terminal shell support: internal: internal error

2026-06-27 23:24:53.247 [error] [LS Main stderr] E0627 23:24:53.247583 21361 log.go:398] failed to check terminal shell support: internal: internal error

2026-06-27 23:24:53.335 [error] [LS Main stderr] E0627 23:24:53.334535 21361 log.go:398] failed to check terminal shell support: internal: internal error

2026-06-27 23:24:53.337 [error] [LS Main stderr] E0627 23:24:53.337554 21361 log.go:398] failed to check terminal shell support: internal: internal error

2026-06-27 23:24:58.523 [error] [LS Main stderr] I0627 23:24:58.522791 21361 http_helpers.go:183] URL: https://daily-cloudcode-pa.googleapis.com/v1internal:streamGenerateContent?alt=sse Trace: 0x44c880c25535ad3

2026-06-27 23:24:58.616 [error] [LS Main stderr] E0627 23:24:58.615167 21361 log.go:398] failed to check terminal shell support: internal: internal error

2026-06-27 23:24:58.623 [error] [LS Main stderr] E0627 23:24:58.623219 21361 log.go:398] failed to check terminal shell support: internal: internal error

2026-06-27 23:24:58.669 [error] [LS Main stderr] E0627 23:24:58.668929 21361 log.go:398] failed to check terminal shell support: internal: internal error

2026-06-27 23:24:58.672 [error] [LS Main stderr] E0627 23:24:58.671987 21361 log.go:398] failed to check terminal shell support: internal: internal error

2026-06-27 23:24:58.688 [error] [LS Main stderr] E0627 23:24:58.688201 21361 log.go:398] failed to check terminal shell support: internal: internal error

2026-06-27 23:24:58.690 [error] [LS Main stderr] E0627 23:24:58.690103 21361 log.go:398] failed to check terminal shell support: internal: internal error

2026-06-27 23:25:04.051 [error] [LS Main stderr] I0627 23:25:04.051501 21361 http_helpers.go:183] URL: https://daily-cloudcode-pa.googleapis.com/v1internal:streamGenerateContent?alt=sse Trace: 0x59791dbcbbb4ce8

2026-06-27 23:25:04.116 [error] [LS Main stderr] E0627 23:25:04.116282 21361 log.go:398] failed to check terminal shell support: internal: internal error

2026-06-27 23:25:04.118 [error] [LS Main stderr] E0627 23:25:04.118494 21361 log.go:398] failed to check terminal shell support: internal: internal error

2026-06-27 23:25:04.193 [error] [LS Main stderr] E0627 23:25:04.193144 21361 log.go:398] failed to check terminal shell support: internal: internal error

2026-06-27 23:25:04.194 [error] [LS Main stderr] E0627 23:25:04.194844 21361 log.go:398] failed to check terminal shell support: internal: internal error

2026-06-27 23:25:04.214 [error] [LS Main stderr] E0627 23:25:04.213940 21361 log.go:398] failed to check terminal shell support: internal: internal error

2026-06-27 23:25:04.217 [error] [LS Main stderr] E0627 23:25:04.217663 21361 log.go:398] failed to check terminal shell support: internal: internal error

2026-06-27 23:25:09.988 [error] [LS Main stderr] I0627 23:25:09.988328 21361 http_helpers.go:183] URL: https://daily-cloudcode-pa.googleapis.com/v1internal:streamGenerateContent?alt=sse Trace: 0x12b43506b649504

2026-06-27 23:25:10.035 [error] [LS Main stderr] E0627 23:25:10.035173 21361 log.go:398] failed to check terminal shell support: internal: internal error

2026-06-27 23:25:10.041 [error] [LS Main stderr] E0627 23:25:10.041400 21361 log.go:398] failed to check terminal shell support: internal: internal error

2026-06-27 23:25:10.879 [error] [LS Main stderr] E0627 23:25:10.879113 21361 log.go:398] failed to check terminal shell support: internal: internal error

2026-06-27 23:25:10.882 [error] [LS Main stderr] E0627 23:25:10.881792 21361 log.go:398] failed to check terminal shell support: internal: internal error

2026-06-27 23:25:10.917 [error] [LS Main stderr] E0627 23:25:10.916702 21361 log.go:398] failed to check terminal shell support: internal: internal error

2026-06-27 23:25:10.918 [error] [LS Main stderr] E0627 23:25:10.917922 21361 log.go:398] failed to check terminal shell support: internal: internal error

2026-06-27 23:25:16.105 [error] [LS Main stderr] I0627 23:25:16.104902 21361 http_helpers.go:183] URL: https://daily-cloudcode-pa.googleapis.com/v1internal:streamGenerateContent?alt=sse Trace: 0xfd26d12015319cd5

2026-06-27 23:25:16.178 [error] [LS Main stderr] E0627 23:25:16.178130 21361 log.go:398] failed to check terminal shell support: internal: internal error

2026-06-27 23:25:16.181 [error] [LS Main stderr] E0627 23:25:16.181292 21361 log.go:398] failed to check terminal shell support: internal: internal error

2026-06-27 23:25:16.241 [error] [LS Main stderr] E0627 23:25:16.240218 21361 log.go:398] failed to check terminal shell support: internal: internal error

2026-06-27 23:25:16.244 [error] [LS Main stderr] E0627 23:25:16.244203 21361 log.go:398] failed to check terminal shell support: internal: internal error

2026-06-27 23:25:16.261 [error] [LS Main stderr] E0627 23:25:16.261125 21361 log.go:398] failed to check terminal shell support: internal: internal error

2026-06-27 23:25:16.271 [error] [LS Main stderr] E0627 23:25:16.270247 21361 log.go:398] failed to check terminal shell support: internal: internal error

2026-06-27 23:25:21.293 [error] [LS Main stderr] I0627 23:25:21.292234 21361 http_helpers.go:183] URL: https://daily-cloudcode-pa.googleapis.com/v1internal:streamGenerateContent?alt=sse Trace: 0x10d63be4fecd502c

2026-06-27 23:25:21.349 [error] [LS Main stderr] E0627 23:25:21.349131 21361 log.go:398] failed to check terminal shell support: internal: internal error

2026-06-27 23:25:21.357 [error] [LS Main stderr] E0627 23:25:21.356999 21361 log.go:398] failed to check terminal shell support: internal: internal error

2026-06-27 23:25:21.497 [error] [LS Main stderr] E0627 23:25:21.497685 21361 log.go:398] failed to check terminal shell support: internal: internal error

2026-06-27 23:25:21.500 [error] [LS Main stderr] E0627 23:25:21.499721 21361 log.go:398] failed to check terminal shell support: internal: internal error

2026-06-27 23:25:21.527 [error] [LS Main stderr] E0627 23:25:21.527781 21361 log.go:398] failed to check terminal shell support: internal: internal error

2026-06-27 23:25:21.529 [error] [LS Main stderr] E0627 23:25:21.529292 21361 log.go:398] failed to check terminal shell support: internal: internal error

2026-06-27 23:25:26.378 [error] [LS Main stderr] I0627 23:25:26.378357 21361 http_helpers.go:183] URL: https://daily-cloudcode-pa.googleapis.com/v1internal:streamGenerateContent?alt=sse Trace: 0x96e59e98231601ef

2026-06-27 23:25:26.436 [error] [LS Main stderr] E0627 23:25:26.436592 21361 log.go:398] failed to check terminal shell support: internal: internal error

2026-06-27 23:25:26.438 [error] [LS Main stderr] E0627 23:25:26.438516 21361 log.go:398] failed to check terminal shell support: internal: internal error

2026-06-27 23:25:26.621 [error] [LS Main stderr] E0627 23:25:26.621410 21361 log.go:398] failed to check terminal shell support: internal: internal error

2026-06-27 23:25:26.623 [error] [LS Main stderr] E0627 23:25:26.622949 21361 log.go:398] failed to check terminal shell support: internal: internal error

2026-06-27 23:25:26.750 [error] [LS Main stderr] E0627 23:25:26.750064 21361 log.go:398] failed to check terminal shell support: internal: internal error

2026-06-27 23:25:26.751 [error] [LS Main stderr] E0627 23:25:26.751802 21361 log.go:398] failed to check terminal shell support: internal: internal error

2026-06-27 23:25:32.722 [error] [LS Main stderr] I0627 23:25:32.722235 21361 http_helpers.go:183] URL: https://daily-cloudcode-pa.googleapis.com/v1internal:streamGenerateContent?alt=sse Trace: 0x5f9b12c6d83afbc7

2026-06-27 23:25:32.775 [error] [LS Main stderr] E0627 23:25:32.775755 21361 log.go:398] failed to check terminal shell support: internal: internal error

2026-06-27 23:25:32.777 [error] [LS Main stderr] E0627 23:25:32.777504 21361 log.go:398] failed to check terminal shell support: internal: internal error

2026-06-27 23:25:34.718 [error] [LS Main stderr] E0627 23:25:34.717176 21361 log.go:398] failed to check terminal shell support: internal: internal error

2026-06-27 23:25:34.720 [error] [LS Main stderr] E0627 23:25:34.720362 21361 log.go:398] failed to check terminal shell support: internal: internal error

2026-06-27 23:25:34.801 [error] [LS Main stderr] E0627 23:25:34.800648 21361 log.go:398] failed to check terminal shell support: internal: internal error

2026-06-27 23:25:34.802 [error] [LS Main stderr] E0627 23:25:34.801960 21361 log.go:398] failed to check terminal shell support: internal: internal error

2026-06-27 23:25:40.913 [error] [LS Main stderr] I0627 23:25:40.913735 21361 http_helpers.go:183] URL: https://daily-cloudcode-pa.googleapis.com/v1internal:streamGenerateContent?alt=sse Trace: 0xe552248aabf1c07d

2026-06-27 23:25:40.961 [error] [LS Main stderr] E0627 23:25:40.961143 21361 log.go:398] failed to check terminal shell support: internal: internal error

2026-06-27 23:25:40.963 [error] [LS Main stderr] E0627 23:25:40.962683 21361 log.go:398] failed to check terminal shell support: internal: internal error

2026-06-27 23:25:48.252 [error] [LS Main stderr] E0627 23:25:48.252198 21361 log.go:398] failed to check terminal shell support: internal: internal error

2026-06-27 23:25:48.255 [error] [LS Main stderr] E0627 23:25:48.255141 21361 log.go:398] failed to check terminal shell support: internal: internal error

2026-06-27 23:25:48.572 [error] [LS Main stderr] E0627 23:25:48.572814 21361 log.go:398] failed to check terminal shell support: internal: internal error

2026-06-27 23:25:48.577 [error] [LS Main stderr] E0627 23:25:48.577158 21361 log.go:398] failed to check terminal shell support: internal: internal error

2026-06-27 23:26:02.629 [error] [LS Main stderr] E0627 23:26:02.629113 21361 log.go:398] failed to check terminal shell support: internal: internal error

2026-06-27 23:26:02.635 [error] [LS Main stderr] E0627 23:26:02.635100 21361 log.go:398] failed to check terminal shell support: internal: internal error

2026-06-27 23:26:02.636 [error] [LS Main stderr] E0627 23:26:02.636845 21361 log.go:398] failed to check terminal shell support: internal: internal error

2026-06-27 23:26:02.660 [error] [LS Main stderr] E0627 23:26:02.660167 21361 log.go:398] failed to check terminal shell support: internal: internal error

2026-06-27 23:26:02.675 [error] [LS Main stderr] E0627 23:26:02.675057 21361 log.go:398] failed to check terminal shell support: internal: internal error

2026-06-27 23:26:02.695 [error] [LS Main stderr] E0627 23:26:02.695284 21361 log.go:398] failed to check terminal shell support: internal: internal error

2026-06-27 23:26:02.701 [error] [LS Main stderr] E0627 23:26:02.701272 21361 log.go:398] failed to check terminal shell support: internal: internal error

2026-06-27 23:26:02.762 [error] [LS Main stderr] E0627 23:26:02.761759 21361 log.go:398] failed to check terminal shell support: internal: internal error

2026-06-27 23:26:02.764 [error] [LS Main stderr] E0627 23:26:02.764132 21361 log.go:398] failed to check terminal shell support: internal: internal error

2026-06-27 23:26:02.865 [error] [LS Main stderr] E0627 23:26:02.865138 21361 log.go:398] failed to check terminal shell support: internal: internal error

2026-06-27 23:26:02.869 [error] [LS Main stderr] E0627 23:26:02.868060 21361 log.go:398] failed to check terminal shell support: internal: internal error

2026-06-27 23:26:03.569 [error] [LS Main stderr] E0627 23:26:03.566636 21361 log.go:398] failed to check terminal shell support: internal: internal error

2026-06-27 23:26:03.569 [error] [LS Main stderr] E0627 23:26:03.569389 21361 log.go:398] failed to check terminal shell support: internal: internal error

2026-06-27 23:26:09.278 [error] [LS Main stderr] I0627 23:26:09.277774 21361 http_helpers.go:183] URL: https://daily-cloudcode-pa.googleapis.com/v1internal:streamGenerateContent?alt=sse Trace: 0x2e848bca969ad840

2026-06-27 23:26:09.330 [error] [LS Main stderr] E0627 23:26:09.329957 21361 log.go:398] failed to check terminal shell support: internal: internal error

2026-06-27 23:26:09.332 [error] [LS Main stderr] E0627 23:26:09.332103 21361 log.go:398] failed to check terminal shell support: internal: internal error

2026-06-27 23:26:10.285 [error] [LS Main stderr] E0627 23:26:10.285198 21361 log.go:398] failed to check terminal shell support: internal: internal error

2026-06-27 23:26:10.288 [error] [LS Main stderr] E0627 23:26:10.288124 21361 log.go:398] failed to check terminal shell support: internal: internal error

2026-06-27 23:26:10.324 [error] [LS Main stderr] E0627 23:26:10.324083 21361 log.go:398] failed to check terminal shell support: internal: internal error

2026-06-27 23:26:10.326 [error] [LS Main stderr] E0627 23:26:10.326642 21361 log.go:398] failed to check terminal shell support: internal: internal error

2026-06-27 23:26:15.525 [error] [LS Main stderr] I0627 23:26:15.525552 21361 http_helpers.go:183] URL: https://daily-cloudcode-pa.googleapis.com/v1internal:streamGenerateContent?alt=sse Trace: 0x10bb7a8adae595bf

2026-06-27 23:26:15.593 [error] [LS Main stderr] E0627 23:26:15.593111 21361 log.go:398] failed to check terminal shell support: internal: internal error

2026-06-27 23:26:15.595 [error] [LS Main stderr] E0627 23:26:15.594930 21361 log.go:398] failed to check terminal shell support: internal: internal error

2026-06-27 23:26:15.650 [error] [LS Main stderr] E0627 23:26:15.650211 21361 log.go:398] failed to check terminal shell support: internal: internal error

2026-06-27 23:26:15.652 [error] [LS Main stderr] E0627 23:26:15.652105 21361 log.go:398] failed to check terminal shell support: internal: internal error

2026-06-27 23:26:15.687 [error] [LS Main stderr] E0627 23:26:15.686103 21361 log.go:398] failed to check terminal shell support: internal: internal error

2026-06-27 23:26:15.688 [error] [LS Main stderr] E0627 23:26:15.688536 21361 log.go:398] failed to check terminal shell support: internal: internal error

2026-06-27 23:26:20.440 [error] [LS Main stderr] I0627 23:26:20.440397 21361 http_helpers.go:183] URL: https://daily-cloudcode-pa.googleapis.com/v1internal:streamGenerateContent?alt=sse Trace: 0xa72225acd765238e

2026-06-27 23:26:20.533 [error] [LS Main stderr] E0627 23:26:20.533781 21361 log.go:398] failed to check terminal shell support: internal: internal error

2026-06-27 23:26:20.535 [error] [LS Main stderr] E0627 23:26:20.535087 21361 log.go:398] failed to check terminal shell support: internal: internal error

2026-06-27 23:26:20.565 [error] [LS Main stderr] E0627 23:26:20.565096 21361 log.go:398] failed to check terminal shell support: internal: internal error

2026-06-27 23:26:20.566 [error] [LS Main stderr] E0627 23:26:20.566695 21361 log.go:398] failed to check terminal shell support: internal: internal error

2026-06-27 23:26:20.606 [error] [LS Main stderr] E0627 23:26:20.606125 21361 log.go:398] failed to check terminal shell support: internal: internal error

2026-06-27 23:26:20.608 [error] [LS Main stderr] E0627 23:26:20.608086 21361 log.go:398] failed to check terminal shell support: internal: internal error

2026-06-27 23:26:26.379 [error] [LS Main stderr] I0627 23:26:26.379185 21361 http_helpers.go:183] URL: https://daily-cloudcode-pa.googleapis.com/v1internal:streamGenerateContent?alt=sse Trace: 0xce427c2de3305a6a

2026-06-27 23:26:26.431 [error] [LS Main stderr] E0627 23:26:26.430761 21361 log.go:398] failed to check terminal shell support: internal: internal error

2026-06-27 23:26:26.432 [error] [LS Main stderr] E0627 23:26:26.432842 21361 log.go:398] failed to check terminal shell support: internal: internal error

2026-06-27 23:26:28.142 [error] [LS Main stderr] E0627 23:26:28.141471 21361 log.go:398] failed to check terminal shell support: internal: internal error

2026-06-27 23:26:28.145 [error] [LS Main stderr] E0627 23:26:28.144126 21361 log.go:398] failed to check terminal shell support: internal: internal error

2026-06-27 23:26:28.187 [error] [LS Main stderr] E0627 23:26:28.187065 21361 log.go:398] failed to check terminal shell support: internal: internal error

2026-06-27 23:26:28.189 [error] [LS Main stderr] E0627 23:26:28.189071 21361 log.go:398] failed to check terminal shell support: internal: internal error

2026-06-27 23:26:33.957 [error] [LS Main stderr] I0627 23:26:33.957142 21361 http_helpers.go:183] URL: https://daily-cloudcode-pa.googleapis.com/v1internal:streamGenerateContent?alt=sse Trace: 0x854279b337e2971b

2026-06-27 23:26:34.017 [error] [LS Main stderr] E0627 23:26:34.017673 21361 log.go:398] failed to check terminal shell support: internal: internal error

2026-06-27 23:26:34.019 [error] [LS Main stderr] E0627 23:26:34.019070 21361 log.go:398] failed to check terminal shell support: internal: internal error

2026-06-27 23:26:34.083 [error] [LS Main stderr] E0627 23:26:34.083481 21361 log.go:398] failed to check terminal shell support: internal: internal error

2026-06-27 23:26:34.111 [error] [LS Main stderr] E0627 23:26:34.111033 21361 log.go:398] failed to check terminal shell support: internal: internal error

2026-06-27 23:26:34.189 [error] [LS Main stderr] E0627 23:26:34.188658 21361 log.go:398] failed to check terminal shell support: internal: internal error

2026-06-27 23:26:34.191 [error] [LS Main stderr] E0627 23:26:34.191840 21361 log.go:398] failed to check terminal shell support: internal: internal error

2026-06-27 23:26:40.101 [error] [LS Main stderr] I0627 23:26:40.101540 21361 http_helpers.go:183] URL: https://daily-cloudcode-pa.googleapis.com/v1internal:streamGenerateContent?alt=sse Trace: 0x4333989cfa33ab79

2026-06-27 23:26:40.208 [error] [LS Main stderr] E0627 23:26:40.208103 21361 log.go:398] failed to check terminal shell support: internal: internal error

2026-06-27 23:26:40.210 [error] [LS Main stderr] E0627 23:26:40.209945 21361 log.go:398] failed to check terminal shell support: internal: internal error

2026-06-27 23:26:40.399 [error] [LS Main stderr] E0627 23:26:40.399133 21361 log.go:398] failed to check terminal shell support: internal: internal error

2026-06-27 23:26:40.406 [error] [LS Main stderr] E0627 23:26:40.406108 21361 log.go:398] failed to check terminal shell support: internal: internal error

2026-06-27 23:26:40.446 [error] [LS Main stderr] E0627 23:26:40.446119 21361 log.go:398] failed to check terminal shell support: internal: internal error

2026-06-27 23:26:40.448 [error] [LS Main stderr] E0627 23:26:40.448614 21361 log.go:398] failed to check terminal shell support: internal: internal error

2026-06-27 23:26:46.476 [error] [LS Main stderr] I0627 23:26:46.475840 21361 http_helpers.go:183] URL: https://daily-cloudcode-pa.googleapis.com/v1internal:streamGenerateContent?alt=sse Trace: 0x3de4025001ec33fa

2026-06-27 23:26:46.526 [error] [LS Main stderr] E0627 23:26:46.526292 21361 log.go:398] failed to check terminal shell support: internal: internal error

2026-06-27 23:26:46.527 [error] [LS Main stderr] E0627 23:26:46.527345 21361 log.go:398] failed to check terminal shell support: internal: internal error

2026-06-27 23:26:51.107 [error] [LS Main stderr] E0627 23:26:51.107845 21361 log.go:398] failed to check terminal shell support: internal: internal error

2026-06-27 23:26:51.109 [error] [LS Main stderr] E0627 23:26:51.109139 21361 log.go:398] failed to check terminal shell support: internal: internal error

2026-06-27 23:26:51.266 [error] [LS Main stderr] E0627 23:26:51.266565 21361 log.go:398] failed to check terminal shell support: internal: internal error

2026-06-27 23:26:51.269 [error] [LS Main stderr] E0627 23:26:51.269140 21361 log.go:398] failed to check terminal shell support: internal: internal error

2026-06-27 23:26:51.276 [error] [LS Main stderr] E0627 23:26:51.276367 21361 log.go:398] failed to check terminal shell support: internal: internal error

2026-06-27 23:26:51.278 [error] [LS Main stderr] E0627 23:26:51.278174 21361 log.go:398] failed to check terminal shell support: internal: internal error

2026-06-27 23:26:53.223 [error] [LS Main stderr] E0627 23:26:53.223738 21361 log.go:398] failed to check terminal shell support: internal: internal error

2026-06-27 23:26:53.225 [error] [LS Main stderr] E0627 23:26:53.225306 21361 log.go:398] failed to check terminal shell support: internal: internal error

2026-06-27 23:26:58.322 [error] [LS Main stderr] I0627 23:26:58.322286 21361 http_helpers.go:183] URL: https://daily-cloudcode-pa.googleapis.com/v1internal:streamGenerateContent?alt=sse Trace: 0x8215baf6ae2e3848

2026-06-27 23:26:58.368 [error] [LS Main stderr] E0627 23:26:58.367710 21361 log.go:398] failed to check terminal shell support: internal: internal error

2026-06-27 23:26:58.369 [error] [LS Main stderr] E0627 23:26:58.369824 21361 log.go:398] failed to check terminal shell support: internal: internal error

2026-06-27 23:26:59.994 [error] [LS Main stderr] E0627 23:26:59.994655 21361 log.go:398] failed to check terminal shell support: internal: internal error

2026-06-27 23:27:00.001 [error] [LS Main stderr] E0627 23:27:00.001383 21361 log.go:398] failed to check terminal shell support: internal: internal error

2026-06-27 23:27:00.568 [error] [LS Main stderr] E0627 23:27:00.568089 21361 log.go:398] failed to check terminal shell support: internal: internal error

2026-06-27 23:27:00.571 [error] [LS Main stderr] E0627 23:27:00.571176 21361 log.go:398] failed to check terminal shell support: internal: internal error

2026-06-27 23:27:10.869 [error] [LS Main stderr] E0627 23:27:10.869183 21361 log.go:398] failed to check terminal shell support: internal: internal error

2026-06-27 23:27:10.872 [error] [LS Main stderr] E0627 23:27:10.872147 21361 log.go:398] failed to check terminal shell support: internal: internal error

2026-06-27 23:27:10.880 [error] [LS Main stderr] E0627 23:27:10.880649 21361 log.go:398] failed to check terminal shell support: internal: internal error

2026-06-27 23:27:10.884 [error] [LS Main stderr] E0627 23:27:10.884123 21361 log.go:398] failed to check terminal shell support: internal: internal error

2026-06-27 23:28:13.539 [error] [LS Main stderr] I0627 23:28:13.538900 21361 http_helpers.go:183] URL: https://daily-cloudcode-pa.googleapis.com/v1internal:loadCodeAssist Trace: 0x1d12ff99a3b3a8af

2026-06-27 23:28:14.497 [error] [LS Main stderr] I0627 23:28:14.497223 21361 http_helpers.go:183] URL: https://daily-cloudcode-pa.googleapis.com/v1internal:fetchAvailableModels Trace: 0xb3ba86d67393a1ca

2026-06-27 23:28:14.519 [error] [LS Main stderr] E0627 23:28:14.519576 21361 log.go:398] failed to check terminal shell support: internal: internal error

2026-06-27 23:28:14.522 [error] [LS Main stderr] E0627 23:28:14.522636 21361 log.go:398] failed to check terminal shell support: internal: internal error

2026-06-27 23:29:39.407 [error] [LS Main stderr] E0627 23:29:39.407135 21361 log.go:398] failed to check terminal shell support: internal: internal error

2026-06-27 23:29:39.409 [error] [LS Main stderr] E0627 23:29:39.409276 21361 log.go:398] failed to check terminal shell support: internal: internal error

2026-06-27 23:29:39.411 [error] [LS Main stderr] E0627 23:29:39.411434 21361 log.go:398] failed to check terminal shell support: internal: internal error

2026-06-27 23:29:39.423 [error] [LS Main stderr] E0627 23:29:39.422879 21361 log.go:398] failed to check terminal shell support: internal: internal error

2026-06-27 23:29:39.426 [error] [LS Main stderr] E0627 23:29:39.426465 21361 log.go:398] failed to check terminal shell support: internal: internal error

2026-06-27 23:29:39.450 [error] [LS Main stderr] E0627 23:29:39.450505 21361 log.go:398] failed to check terminal shell support: internal: internal error

2026-06-27 23:29:39.453 [error] [LS Main stderr] E0627 23:29:39.453063 21361 log.go:398] failed to check terminal shell support: internal: internal error

2026-06-27 23:29:39.565 [error] [LS Main stderr] E0627 23:29:39.565618 21361 log.go:398] failed to check terminal shell support: internal: internal error

2026-06-27 23:29:39.567 [error] [LS Main stderr] E0627 23:29:39.567565 21361 log.go:398] failed to check terminal shell support: internal: internal error

2026-06-27 23:29:39.588 [error] [LS Main stderr] E0627 23:29:39.588091 21361 log.go:398] failed to check terminal shell support: internal: internal error

2026-06-27 23:29:39.595 [error] [LS Main stderr] E0627 23:29:39.594925 21361 log.go:398] failed to check terminal shell support: internal: internal error

2026-06-27 23:29:45.568 [error] [LS Main stderr] I0627 23:29:45.567871 21361 http_helpers.go:183] URL: https://daily-cloudcode-pa.googleapis.com/v1internal:streamGenerateContent?alt=sse Trace: 0xd66914a3c08c69db

2026-06-27 23:29:45.627 [error] [LS Main stderr] E0627 23:29:45.627525 21361 log.go:398] failed to check terminal shell support: internal: internal error

2026-06-27 23:29:45.629 [error] [LS Main stderr] E0627 23:29:45.629038 21361 log.go:398] failed to check terminal shell support: internal: internal error

2026-06-27 23:29:47.100 [error] [LS Main stderr] E0627 23:29:47.100043 21361 log.go:398] failed to check terminal shell support: internal: internal error

2026-06-27 23:29:47.101 [error] [LS Main stderr] E0627 23:29:47.101756 21361 log.go:398] failed to check terminal shell support: internal: internal error

2026-06-27 23:29:52.148 [error] [LS Main stderr] E0627 23:29:52.147736 21361 log.go:398] failed to check terminal shell support: internal: internal error

2026-06-27 23:29:52.149 [error] [LS Main stderr] E0627 23:29:52.149337 21361 log.go:398] failed to check terminal shell support: internal: internal error

2026-06-27 23:29:52.565 [error] [LS Main stderr] E0627 23:29:52.564844 21361 log.go:398] failed to check terminal shell support: internal: internal error

2026-06-27 23:29:52.566 [error] [LS Main stderr] E0627 23:29:52.566663 21361 log.go:398] failed to check terminal shell support: internal: internal error

2026-06-27 23:29:55.568 [error] [LS Main stderr] E0627 23:29:55.568523 21361 log.go:398] failed to check terminal shell support: internal: internal error

2026-06-27 23:29:55.570 [error] [LS Main stderr] E0627 23:29:55.570187 21361 log.go:398] failed to check terminal shell support: internal: internal error

2026-06-27 23:29:57.324 [error] [LS Main stderr] I0627 23:29:57.324660 21361 http_helpers.go:183] URL: https://daily-cloudcode-pa.googleapis.com/v1internal:streamGenerateContent?alt=sse Trace: 0x549a40777a30e657

2026-06-27 23:29:57.395 [error] [LS Main stderr] E0627 23:29:57.395148 21361 log.go:398] failed to check terminal shell support: internal: internal error

2026-06-27 23:29:57.398 [error] [LS Main stderr] E0627 23:29:57.398203 21361 log.go:398] failed to check terminal shell support: internal: internal error

2026-06-27 23:29:57.422 [error] [LS Main stderr] E0627 23:29:57.422050 21361 log.go:398] failed to check terminal shell support: internal: internal error

2026-06-27 23:29:57.425 [error] [LS Main stderr] E0627 23:29:57.424685 21361 log.go:398] failed to check terminal shell support: internal: internal error

2026-06-27 23:29:57.522 [error] [LS Main stderr] E0627 23:29:57.521616 21361 log.go:398] failed to check terminal shell support: internal: internal error

2026-06-27 23:29:57.526 [error] [LS Main stderr] E0627 23:29:57.526163 21361 log.go:398] failed to check terminal shell support: internal: internal error

2026-06-27 23:29:57.550 [error] [LS Main stderr] E0627 23:29:57.549716 21361 log.go:398] failed to check terminal shell support: internal: internal error

2026-06-27 23:29:57.552 [error] [LS Main stderr] E0627 23:29:57.552168 21361 log.go:398] failed to check terminal shell support: internal: internal error

2026-06-27 23:29:58.569 [error] [LS Main stderr] E0627 23:29:58.569086 21361 log.go:398] failed to check terminal shell support: internal: internal error

2026-06-27 23:29:58.571 [error] [LS Main stderr] E0627 23:29:58.571140 21361 log.go:398] failed to check terminal shell support: internal: internal error

2026-06-27 23:30:03.879 [error] [LS Main stderr] I0627 23:30:03.879395 21361 http_helpers.go:183] URL: https://daily-cloudcode-pa.googleapis.com/v1internal:streamGenerateContent?alt=sse Trace: 0xf05a0a3097b56757

2026-06-27 23:30:03.969 [error] [LS Main stderr] E0627 23:30:03.969524 21361 log.go:398] failed to check terminal shell support: internal: internal error

2026-06-27 23:30:03.971 [error] [LS Main stderr] E0627 23:30:03.970709 21361 log.go:398] failed to check terminal shell support: internal: internal error

2026-06-27 23:30:04.029 [error] [LS Main stderr] E0627 23:30:04.029430 21361 log.go:398] failed to check terminal shell support: internal: internal error

2026-06-27 23:30:04.031 [error] [LS Main stderr] E0627 23:30:04.031069 21361 log.go:398] failed to check terminal shell support: internal: internal error

2026-06-27 23:30:04.084 [error] [LS Main stderr] E0627 23:30:04.084056 21361 log.go:398] failed to check terminal shell support: internal: internal error

2026-06-27 23:30:04.090 [error] [LS Main stderr] E0627 23:30:04.090066 21361 log.go:398] failed to check terminal shell support: internal: internal error

2026-06-27 23:30:10.228 [error] [LS Main stderr] I0627 23:30:10.227524 21361 http_helpers.go:183] URL: https://daily-cloudcode-pa.googleapis.com/v1internal:streamGenerateContent?alt=sse Trace: 0x3a430b319379ff23

2026-06-27 23:30:10.284 [error] [LS Main stderr] E0627 23:30:10.284510 21361 log.go:398] failed to check terminal shell support: internal: internal error

2026-06-27 23:30:10.288 [error] [LS Main stderr] E0627 23:30:10.288103 21361 log.go:398] failed to check terminal shell support: internal: internal error

2026-06-27 23:30:11.766 [error] [LS Main stderr] E0627 23:30:11.765219 21361 log.go:398] failed to check terminal shell support: internal: internal error

2026-06-27 23:30:11.768 [error] [LS Main stderr] E0627 23:30:11.768291 21361 log.go:398] failed to check terminal shell support: internal: internal error

2026-06-27 23:30:11.801 [error] [LS Main stderr] E0627 23:30:11.801042 21361 log.go:398] failed to check terminal shell support: internal: internal error

2026-06-27 23:30:11.802 [error] [LS Main stderr] E0627 23:30:11.802771 21361 log.go:398] failed to check terminal shell support: internal: internal error

2026-06-27 23:30:11.835 [error] [LS Main stderr] E0627 23:30:11.835013 21361 log.go:398] failed to check terminal shell support: internal: internal error

2026-06-27 23:30:11.837 [error] [LS Main stderr] E0627 23:30:11.837106 21361 log.go:398] failed to check terminal shell support: internal: internal error

2026-06-27 23:30:12.563 [error] [LS Main stderr] E0627 23:30:12.562991 21361 log.go:398] failed to check terminal shell support: internal: internal error

2026-06-27 23:30:12.564 [error] [LS Main stderr] E0627 23:30:12.564521 21361 log.go:398] failed to check terminal shell support: internal: internal error

2026-06-27 23:30:17.605 [error] [LS Main stderr] I0627 23:30:17.604889 21361 http_helpers.go:183] URL: https://daily-cloudcode-pa.googleapis.com/v1internal:streamGenerateContent?alt=sse Trace: 0x5b87e8b435d4c579

2026-06-27 23:30:17.672 [error] [LS Main stderr] E0627 23:30:17.671667 21361 log.go:398] failed to check terminal shell support: internal: internal error

2026-06-27 23:30:17.673 [error] [LS Main stderr] E0627 23:30:17.673728 21361 log.go:398] failed to check terminal shell support: internal: internal error

2026-06-27 23:30:18.088 [error] [LS Main stderr] E0627 23:30:18.088602 21361 log.go:398] failed to check terminal shell support: internal: internal error

2026-06-27 23:30:18.090 [error] [LS Main stderr] E0627 23:30:18.090464 21361 log.go:398] failed to check terminal shell support: internal: internal error

2026-06-27 23:30:18.097 [error] [LS Main stderr] E0627 23:30:18.097075 21361 log.go:398] failed to check terminal shell support: internal: internal error

2026-06-27 23:30:18.099 [error] [LS Main stderr] E0627 23:30:18.099085 21361 log.go:398] failed to check terminal shell support: internal: internal error

2026-06-27 23:30:18.116 [error] [LS Main stderr] E0627 23:30:18.115932 21361 log.go:398] failed to check terminal shell support: internal: internal error

2026-06-27 23:30:18.120 [error] [LS Main stderr] E0627 23:30:18.119614 21361 log.go:398] failed to check terminal shell support: internal: internal error

2026-06-27 23:30:18.163 [error] [LS Main stderr] E0627 23:30:18.163287 21361 log.go:398] failed to check terminal shell support: internal: internal error

2026-06-27 23:30:18.166 [error] [LS Main stderr] E0627 23:30:18.165122 21361 log.go:398] failed to check terminal shell support: internal: internal error

2026-06-27 23:30:23.336 [error] [LS Main stderr] I0627 23:30:23.335957 21361 http_helpers.go:183] URL: https://daily-cloudcode-pa.googleapis.com/v1internal:streamGenerateContent?alt=sse Trace: 0xb776adbfb1434886

2026-06-27 23:30:23.393 [error] [LS Main stderr] E0627 23:30:23.393190 21361 log.go:398] failed to check terminal shell support: internal: internal error

2026-06-27 23:30:23.395 [error] [LS Main stderr] E0627 23:30:23.395243 21361 log.go:398] failed to check terminal shell support: internal: internal error

2026-06-27 23:30:23.581 [error] [LS Main stderr] E0627 23:30:23.581415 21361 log.go:398] failed to check terminal shell support: internal: internal error

2026-06-27 23:30:23.582 [error] [LS Main stderr] E0627 23:30:23.582909 21361 log.go:398] failed to check terminal shell support: internal: internal error

2026-06-27 23:30:23.606 [error] [LS Main stderr] E0627 23:30:23.606161 21361 log.go:398] failed to check terminal shell support: internal: internal error

2026-06-27 23:30:23.610 [error] [LS Main stderr] E0627 23:30:23.610083 21361 log.go:398] failed to check terminal shell support: internal: internal error

2026-06-27 23:30:28.844 [error] [LS Main stderr] I0627 23:30:28.844206 21361 http_helpers.go:183] URL: https://daily-cloudcode-pa.googleapis.com/v1internal:streamGenerateContent?alt=sse Trace: 0xe188e9e15ec290cc

2026-06-27 23:30:28.898 [error] [LS Main stderr] E0627 23:30:28.898073 21361 log.go:398] failed to check terminal shell support: internal: internal error

2026-06-27 23:30:28.904 [error] [LS Main stderr] E0627 23:30:28.904806 21361 log.go:398] failed to check terminal shell support: internal: internal error

2026-06-27 23:30:29.325 [error] [LS Main stderr] E0627 23:30:29.325368 21361 log.go:398] failed to check terminal shell support: internal: internal error

2026-06-27 23:30:29.327 [error] [LS Main stderr] E0627 23:30:29.327359 21361 log.go:398] failed to check terminal shell support: internal: internal error

2026-06-27 23:30:29.418 [error] [LS Main stderr] E0627 23:30:29.418450 21361 log.go:398] failed to check terminal shell support: internal: internal error

2026-06-27 23:30:29.423 [error] [LS Main stderr] E0627 23:30:29.423621 21361 log.go:398] failed to check terminal shell support: internal: internal error

2026-06-27 23:30:35.008 [error] [LS Main stderr] I0627 23:30:35.008457 21361 http_helpers.go:183] URL: https://daily-cloudcode-pa.googleapis.com/v1internal:streamGenerateContent?alt=sse Trace: 0x2d5404571680d0e4

2026-06-27 23:30:35.094 [error] [LS Main stderr] E0627 23:30:35.094111 21361 log.go:398] failed to check terminal shell support: internal: internal error

2026-06-27 23:30:35.095 [error] [LS Main stderr] E0627 23:30:35.095650 21361 log.go:398] failed to check terminal shell support: internal: internal error

2026-06-27 23:30:35.150 [error] [LS Main stderr] E0627 23:30:35.150210 21361 log.go:398] failed to check terminal shell support: internal: internal error

2026-06-27 23:30:35.155 [error] [LS Main stderr] E0627 23:30:35.155700 21361 log.go:398] failed to check terminal shell support: internal: internal error

2026-06-27 23:30:35.184 [error] [LS Main stderr] E0627 23:30:35.184081 21361 log.go:398] failed to check terminal shell support: internal: internal error

2026-06-27 23:30:35.186 [error] [LS Main stderr] E0627 23:30:35.185941 21361 log.go:398] failed to check terminal shell support: internal: internal error

2026-06-27 23:30:40.538 [error] [LS Main stderr] I0627 23:30:40.537733 21361 http_helpers.go:183] URL: https://daily-cloudcode-pa.googleapis.com/v1internal:streamGenerateContent?alt=sse Trace: 0xb006009560d8575c

2026-06-27 23:30:40.594 [error] [LS Main stderr] E0627 23:30:40.593666 21361 log.go:398] failed to check terminal shell support: internal: internal error

2026-06-27 23:30:40.596 [error] [LS Main stderr] E0627 23:30:40.596030 21361 log.go:398] failed to check terminal shell support: internal: internal error

2026-06-27 23:30:42.960 [error] [LS Main stderr] E0627 23:30:42.960110 21361 log.go:398] failed to check terminal shell support: internal: internal error

2026-06-27 23:30:42.963 [error] [LS Main stderr] E0627 23:30:42.963109 21361 log.go:398] failed to check terminal shell support: internal: internal error

2026-06-27 23:30:42.996 [error] [LS Main stderr] E0627 23:30:42.996183 21361 log.go:398] failed to check terminal shell support: internal: internal error

2026-06-27 23:30:42.998 [error] [LS Main stderr] E0627 23:30:42.998519 21361 log.go:398] failed to check terminal shell support: internal: internal error

2026-06-27 23:30:48.525 [error] [LS Main stderr] I0627 23:30:48.525243 21361 http_helpers.go:183] URL: https://daily-cloudcode-pa.googleapis.com/v1internal:streamGenerateContent?alt=sse Trace: 0x80b31f4d638e273c

2026-06-27 23:30:48.602 [error] [LS Main stderr] E0627 23:30:48.602461 21361 log.go:398] failed to check terminal shell support: internal: internal error

2026-06-27 23:30:48.605 [error] [LS Main stderr] E0627 23:30:48.604611 21361 log.go:398] failed to check terminal shell support: internal: internal error

2026-06-27 23:30:50.937 [error] [LS Main stderr] E0627 23:30:50.937448 21361 log.go:398] failed to check terminal shell support: internal: internal error

2026-06-27 23:30:50.941 [error] [LS Main stderr] E0627 23:30:50.941444 21361 log.go:398] failed to check terminal shell support: internal: internal error

2026-06-27 23:30:50.971 [error] [LS Main stderr] E0627 23:30:50.969573 21361 log.go:398] failed to check terminal shell support: internal: internal error

2026-06-27 23:30:50.973 [error] [LS Main stderr] E0627 23:30:50.973103 21361 log.go:398] failed to check terminal shell support: internal: internal error

2026-06-27 23:30:55.629 [error] [LS Main stderr] I0627 23:30:55.628779 21361 http_helpers.go:183] URL: https://daily-cloudcode-pa.googleapis.com/v1internal:streamGenerateContent?alt=sse Trace: 0xed89e81edb96a7f9

2026-06-27 23:30:55.698 [error] [LS Main stderr] E0627 23:30:55.698155 21361 log.go:398] failed to check terminal shell support: internal: internal error

2026-06-27 23:30:55.701 [error] [LS Main stderr] E0627 23:30:55.700731 21361 log.go:398] failed to check terminal shell support: internal: internal error

2026-06-27 23:30:56.179 [error] [LS Main stderr] E0627 23:30:56.179672 21361 log.go:398] failed to check terminal shell support: internal: internal error

2026-06-27 23:30:56.183 [error] [LS Main stderr] E0627 23:30:56.182151 21361 log.go:398] failed to check terminal shell support: internal: internal error

2026-06-27 23:30:56.304 [error] [LS Main stderr] E0627 23:30:56.304190 21361 log.go:398] failed to check terminal shell support: internal: internal error

2026-06-27 23:30:56.306 [error] [LS Main stderr] E0627 23:30:56.306143 21361 log.go:398] failed to check terminal shell support: internal: internal error

2026-06-27 23:31:01.896 [error] [LS Main stderr] I0627 23:31:01.896562 21361 http_helpers.go:183] URL: https://daily-cloudcode-pa.googleapis.com/v1internal:streamGenerateContent?alt=sse Trace: 0xbb5d6f140075182d

2026-06-27 23:31:01.949 [error] [LS Main stderr] E0627 23:31:01.948988 21361 log.go:398] failed to check terminal shell support: internal: internal error

2026-06-27 23:31:01.957 [error] [LS Main stderr] E0627 23:31:01.957068 21361 log.go:398] failed to check terminal shell support: internal: internal error

2026-06-27 23:31:08.854 [error] [LS Main stderr] E0627 23:31:08.854507 21361 log.go:398] failed to check terminal shell support: internal: internal error

2026-06-27 23:31:08.902 [error] [LS Main stderr] E0627 23:31:08.901860 21361 log.go:398] failed to check terminal shell support: internal: internal error

2026-06-27 23:31:08.932 [error] [LS Main stderr] E0627 23:31:08.931895 21361 log.go:398] failed to check terminal shell support: internal: internal error

2026-06-27 23:31:08.938 [error] [LS Main stderr] E0627 23:31:08.938892 21361 log.go:398] failed to check terminal shell support: internal: internal error

2026-06-27 23:31:08.964 [error] [LS Main stderr] E0627 23:31:08.962923 21361 log.go:398] failed to check terminal shell support: internal: internal error

2026-06-27 23:31:08.968 [error] [LS Main stderr] E0627 23:31:08.967228 21361 log.go:398] failed to check terminal shell support: internal: internal error

2026-06-27 23:31:09.077 [error] [LS Main stderr] E0627 23:31:09.077081 21361 log.go:398] failed to check terminal shell support: internal: internal error

2026-06-27 23:31:09.080 [error] [LS Main stderr] E0627 23:31:09.079910 21361 log.go:398] failed to check terminal shell support: internal: internal error

2026-06-27 23:31:13.203 [error] [LS Main stderr] I0627 23:31:13.203477 21361 http_helpers.go:183] URL: https://daily-cloudcode-pa.googleapis.com/v1internal:streamGenerateContent?alt=sse Trace: 0x6a4cc6b0c968d3e7

2026-06-27 23:31:13.242 [error] [LS Main stderr] E0627 23:31:13.242107 21361 log.go:398] failed to check terminal shell support: internal: internal error

2026-06-27 23:31:13.244 [error] [LS Main stderr] E0627 23:31:13.244368 21361 log.go:398] failed to check terminal shell support: internal: internal error

2026-06-27 23:31:14.483 [error] [LS Main stderr] E0627 23:31:14.481470 21361 log.go:398] failed to check terminal shell support: internal: internal error

2026-06-27 23:31:14.486 [error] [LS Main stderr] E0627 23:31:14.485215 21361 log.go:398] failed to check terminal shell support: internal: internal error

2026-06-27 23:31:14.564 [error] [LS Main stderr] E0627 23:31:14.563639 21361 log.go:398] failed to check terminal shell support: internal: internal error

2026-06-27 23:31:14.566 [error] [LS Main stderr] E0627 23:31:14.566122 21361 log.go:398] failed to check terminal shell support: internal: internal error

2026-06-27 23:32:06.936 [error] [LS Main stderr] E0627 23:32:06.936127 21361 log.go:398] failed to check terminal shell support: internal: internal error

2026-06-27 23:32:06.942 [error] [LS Main stderr] E0627 23:32:06.942069 21361 log.go:398] failed to check terminal shell support: internal: internal error

2026-06-27 23:32:13.479 [error] [LS Main stderr] E0627 23:32:13.479080 21361 log.go:398] failed to check terminal shell support: internal: internal error

2026-06-27 23:32:13.524 [error] [LS Main stderr] E0627 23:32:13.524230 21361 log.go:398] failed to check terminal shell support: internal: internal error

2026-06-27 23:32:13.528 [error] [LS Main stderr] E0627 23:32:13.527034 21361 log.go:398] failed to check terminal shell support: internal: internal error

2026-06-27 23:32:13.530 [error] [LS Main stderr] E0627 23:32:13.530318 21361 log.go:398] failed to check terminal shell support: internal: internal error

2026-06-27 23:32:13.533 [error] [LS Main stderr] E0627 23:32:13.533168 21361 log.go:398] failed to check terminal shell support: internal: internal error

2026-06-27 23:32:13.618 [error] [LS Main stderr] E0627 23:32:13.618310 21361 log.go:398] failed to check terminal shell support: internal: internal error

2026-06-27 23:32:13.621 [error] [LS Main stderr] E0627 23:32:13.620806 21361 log.go:398] failed to check terminal shell support: internal: internal error

2026-06-27 23:32:13.641 [error] [LS Main stderr] E0627 23:32:13.641100 21361 log.go:398] failed to check terminal shell support: internal: internal error

2026-06-27 23:32:13.642 [error] [LS Main stderr] E0627 23:32:13.642801 21361 log.go:398] failed to check terminal shell support: internal: internal error

2026-06-27 23:32:13.727 [error] [LS Main stderr] E0627 23:32:13.726697 21361 log.go:398] failed to check terminal shell support: internal: internal error

2026-06-27 23:32:13.728 [error] [LS Main stderr] E0627 23:32:13.728308 21361 log.go:398] failed to check terminal shell support: internal: internal error

2026-06-27 23:32:13.751 [error] [LS Main stderr] E0627 23:32:13.751306 21361 log.go:398] failed to check terminal shell support: internal: internal error

2026-06-27 23:32:13.753 [error] [LS Main stderr] E0627 23:32:13.753536 21361 log.go:398] failed to check terminal shell support: internal: internal error

2026-06-27 23:32:14.563 [error] [LS Main stderr] E0627 23:32:14.563060 21361 log.go:398] failed to check terminal shell support: internal: internal error

2026-06-27 23:32:14.569 [error] [LS Main stderr] E0627 23:32:14.569215 21361 log.go:398] failed to check terminal shell support: internal: internal error

2026-06-27 23:32:19.152 [error] [LS Main stderr] I0627 23:32:19.152003 21361 http_helpers.go:183] URL: https://daily-cloudcode-pa.googleapis.com/v1internal:streamGenerateContent?alt=sse Trace: 0x8f2cd6f6733d88ff

2026-06-27 23:32:19.199 [error] [LS Main stderr] E0627 23:32:19.198866 21361 log.go:398] failed to check terminal shell support: internal: internal error

2026-06-27 23:32:19.200 [error] [LS Main stderr] E0627 23:32:19.200067 21361 log.go:398] failed to check terminal shell support: internal: internal error

2026-06-27 23:32:21.104 [error] [LS Main stderr] E0627 23:32:21.103130 21361 log.go:398] failed to check terminal shell support: internal: internal error

2026-06-27 23:32:21.107 [error] [LS Main stderr] E0627 23:32:21.106630 21361 log.go:398] failed to check terminal shell support: internal: internal error

2026-06-27 23:32:21.164 [error] [LS Main stderr] E0627 23:32:21.164136 21361 log.go:398] failed to check terminal shell support: internal: internal error

2026-06-27 23:32:21.167 [error] [LS Main stderr] E0627 23:32:21.166491 21361 log.go:398] failed to check terminal shell support: internal: internal error

2026-06-27 23:32:21.186 [error] [LS Main stderr] E0627 23:32:21.186360 21361 log.go:398] failed to check terminal shell support: internal: internal error

2026-06-27 23:32:21.189 [error] [LS Main stderr] E0627 23:32:21.189130 21361 log.go:398] failed to check terminal shell support: internal: internal error

2026-06-27 23:32:21.222 [error] [LS Main stderr] E0627 23:32:21.221207 21361 log.go:398] failed to check terminal shell support: internal: internal error

2026-06-27 23:32:21.227 [error] [LS Main stderr] E0627 23:32:21.227142 21361 log.go:398] failed to check terminal shell support: internal: internal error

2026-06-27 23:32:26.525 [error] [LS Main stderr] I0627 23:32:26.524878 21361 http_helpers.go:183] URL: https://daily-cloudcode-pa.googleapis.com/v1internal:streamGenerateContent?alt=sse Trace: 0x97bb2abd49c6db28

2026-06-27 23:32:26.598 [error] [LS Main stderr] E0627 23:32:26.598253 21361 log.go:398] failed to check terminal shell support: internal: internal error

2026-06-27 23:32:26.602 [error] [LS Main stderr] E0627 23:32:26.602650 21361 log.go:398] failed to check terminal shell support: internal: internal error

2026-06-27 23:32:26.662 [error] [LS Main stderr] E0627 23:32:26.662132 21361 log.go:398] failed to check terminal shell support: internal: internal error

2026-06-27 23:32:26.663 [error] [LS Main stderr] E0627 23:32:26.663729 21361 log.go:398] failed to check terminal shell support: internal: internal error

2026-06-27 23:32:26.688 [error] [LS Main stderr] E0627 23:32:26.688628 21361 log.go:398] failed to check terminal shell support: internal: internal error

2026-06-27 23:32:26.699 [error] [LS Main stderr] E0627 23:32:26.697923 21361 log.go:398] failed to check terminal shell support: internal: internal error

2026-06-27 23:32:33.281 [error] [LS Main stderr] I0627 23:32:33.281655 21361 http_helpers.go:183] URL: https://daily-cloudcode-pa.googleapis.com/v1internal:streamGenerateContent?alt=sse Trace: 0x9af7fea76fda1125

2026-06-27 23:32:33.350 [error] [LS Main stderr] E0627 23:32:33.350121 21361 log.go:398] failed to check terminal shell support: internal: internal error

2026-06-27 23:32:33.357 [error] [LS Main stderr] E0627 23:32:33.353166 21361 log.go:398] failed to check terminal shell support: internal: internal error

2026-06-27 23:32:33.373 [error] [LS Main stderr] E0627 23:32:33.373440 21361 log.go:398] failed to check terminal shell support: internal: internal error

2026-06-27 23:32:33.375 [error] [LS Main stderr] E0627 23:32:33.375090 21361 log.go:398] failed to check terminal shell support: internal: internal error

2026-06-27 23:32:33.518 [error] [LS Main stderr] E0627 23:32:33.518609 21361 log.go:398] failed to check terminal shell support: internal: internal error

2026-06-27 23:32:33.520 [error] [LS Main stderr] E0627 23:32:33.520673 21361 log.go:398] failed to check terminal shell support: internal: internal error

2026-06-27 23:32:33.545 [error] [LS Main stderr] E0627 23:32:33.544967 21361 log.go:398] failed to check terminal shell support: internal: internal error

2026-06-27 23:32:33.546 [error] [LS Main stderr] E0627 23:32:33.546749 21361 log.go:398] failed to check terminal shell support: internal: internal error

2026-06-27 23:32:35.525 [error] [LS Main stderr] E0627 23:32:35.525777 21361 log.go:398] failed to check terminal shell support: internal: internal error

2026-06-27 23:32:35.527 [error] [LS Main stderr] E0627 23:32:35.527789 21361 log.go:398] failed to check terminal shell support: internal: internal error

2026-06-27 23:32:41.883 [error] [LS Main stderr] I0627 23:32:41.883216 21361 http_helpers.go:183] URL: https://daily-cloudcode-pa.googleapis.com/v1internal:streamGenerateContent?alt=sse Trace: 0x30caa2ce4c8ec2dd

2026-06-27 23:32:42.005 [error] [LS Main stderr] E0627 23:32:42.005128 21361 log.go:398] failed to check terminal shell support: internal: internal error

2026-06-27 23:32:42.008 [error] [LS Main stderr] E0627 23:32:42.008132 21361 log.go:398] failed to check terminal shell support: internal: internal error

2026-06-27 23:32:42.089 [error] [LS Main stderr] E0627 23:32:42.089153 21361 log.go:398] failed to check terminal shell support: internal: internal error

2026-06-27 23:32:42.091 [error] [LS Main stderr] E0627 23:32:42.091821 21361 log.go:398] failed to check terminal shell support: internal: internal error

2026-06-27 23:32:42.127 [error] [LS Main stderr] E0627 23:32:42.127406 21361 log.go:398] failed to check terminal shell support: internal: internal error

2026-06-27 23:32:42.134 [error] [LS Main stderr] E0627 23:32:42.133053 21361 log.go:398] failed to check terminal shell support: internal: internal error

2026-06-27 23:32:42.136 [error] [LS Main stderr] E0627 23:32:42.136142 21361 log.go:398] failed to check terminal shell support: internal: internal error

2026-06-27 23:32:42.139 [error] [LS Main stderr] E0627 23:32:42.138742 21361 log.go:398] failed to check terminal shell support: internal: internal error

2026-06-27 23:32:42.193 [error] [LS Main stderr] E0627 23:32:42.193395 21361 log.go:398] failed to check terminal shell support: internal: internal error

2026-06-27 23:32:42.197 [error] [LS Main stderr] E0627 23:32:42.196835 21361 log.go:398] failed to check terminal shell support: internal: internal error

2026-06-27 23:32:47.005 [error] [LS Main stderr] I0627 23:32:47.005387 21361 http_helpers.go:183] URL: https://daily-cloudcode-pa.googleapis.com/v1internal:streamGenerateContent?alt=sse Trace: 0x809a4a1d9a08e5a9

2026-06-27 23:32:47.059 [error] [LS Main stderr] E0627 23:32:47.059025 21361 log.go:398] failed to check terminal shell support: internal: internal error

2026-06-27 23:32:47.061 [error] [LS Main stderr] E0627 23:32:47.061266 21361 log.go:398] failed to check terminal shell support: internal: internal error

2026-06-27 23:32:50.560 [error] [LS Main stderr] E0627 23:32:50.559674 21361 log.go:398] failed to check terminal shell support: internal: internal error

2026-06-27 23:32:50.561 [error] [LS Main stderr] E0627 23:32:50.561589 21361 log.go:398] failed to check terminal shell support: internal: internal error

2026-06-27 23:32:51.919 [error] [LS Main stderr] I0627 23:32:51.919653 21361 http_helpers.go:183] URL: https://daily-cloudcode-pa.googleapis.com/v1internal:streamGenerateContent?alt=sse Trace: 0x581f8573c41391f0

2026-06-27 23:33:02.927 [error] [LS Main stderr] E0627 23:33:02.926773 21361 log.go:398] failed to check terminal shell support: internal: internal error

2026-06-27 23:33:02.930 [error] [LS Main stderr] E0627 23:33:02.930845 21361 log.go:398] failed to check terminal shell support: internal: internal error

2026-06-27 23:33:05.021 [error] [LS Main stderr] E0627 23:33:05.021165 21361 log.go:398] failed to check terminal shell support: internal: internal error

2026-06-27 23:33:05.024 [error] [LS Main stderr] E0627 23:33:05.024161 21361 log.go:398] failed to check terminal shell support: internal: internal error

2026-06-27 23:33:09.975 [error] [LS Main stderr] I0627 23:33:09.975270 21361 http_helpers.go:183] URL: https://daily-cloudcode-pa.googleapis.com/v1internal:streamGenerateContent?alt=sse Trace: 0x943bd207b39e722b

2026-06-27 23:33:10.039 [error] [LS Main stderr] E0627 23:33:10.039226 21361 log.go:398] failed to check terminal shell support: internal: internal error

2026-06-27 23:33:10.042 [error] [LS Main stderr] E0627 23:33:10.042058 21361 log.go:398] failed to check terminal shell support: internal: internal error

2026-06-27 23:33:10.238 [error] [LS Main stderr] E0627 23:33:10.237277 21361 log.go:398] failed to check terminal shell support: internal: internal error

2026-06-27 23:33:10.239 [error] [LS Main stderr] E0627 23:33:10.239367 21361 log.go:398] failed to check terminal shell support: internal: internal error

2026-06-27 23:33:10.264 [error] [LS Main stderr] E0627 23:33:10.264211 21361 log.go:398] failed to check terminal shell support: internal: internal error

2026-06-27 23:33:10.267 [error] [LS Main stderr] E0627 23:33:10.267403 21361 log.go:398] failed to check terminal shell support: internal: internal error

2026-06-27 23:33:13.115 [error] [LS Main stderr] I0627 23:33:13.114838 21361 http_helpers.go:183] URL: https://daily-cloudcode-pa.googleapis.com/v1internal:loadCodeAssist Trace: 0xceb2be21e3456330

2026-06-27 23:33:13.917 [error] [LS Main stderr] I0627 23:33:13.916875 21361 http_helpers.go:183] URL: https://daily-cloudcode-pa.googleapis.com/v1internal:fetchAvailableModels Trace: 0xde8721f8fe70a70f

2026-06-27 23:33:13.919 [error] [LS Main stderr] E0627 23:33:13.919708 21361 log.go:398] failed to check terminal shell support: internal: internal error

2026-06-27 23:33:13.921 [error] [LS Main stderr] E0627 23:33:13.921021 21361 log.go:398] failed to check terminal shell support: internal: internal error

2026-06-27 23:33:15.726 [error] [LS Main stderr] I0627 23:33:15.726092 21361 http_helpers.go:183] URL: https://daily-cloudcode-pa.googleapis.com/v1internal:streamGenerateContent?alt=sse Trace: 0x7ee2fbe10e434a84

2026-06-27 23:33:15.910 [error] [LS Main stderr] E0627 23:33:15.910087 21361 log.go:398] failed to check terminal shell support: internal: internal error

2026-06-27 23:33:15.912 [error] [LS Main stderr] E0627 23:33:15.912495 21361 log.go:398] failed to check terminal shell support: internal: internal error

2026-06-27 23:33:19.887 [error] [LS Main stderr] E0627 23:33:19.886755 21361 log.go:398] failed to check terminal shell support: internal: internal error

2026-06-27 23:33:19.894 [error] [LS Main stderr] E0627 23:33:19.894093 21361 log.go:398] failed to check terminal shell support: internal: internal error

2026-06-27 23:33:22.001 [error] [LS Main stderr] E0627 23:33:22.000709 21361 log.go:398] failed to check terminal shell support: internal: internal error

2026-06-27 23:33:22.002 [error] [LS Main stderr] E0627 23:33:22.002057 21361 log.go:398] failed to check terminal shell support: internal: internal error

2026-06-27 23:33:27.555 [error] [LS Main stderr] I0627 23:33:27.555411 21361 http_helpers.go:183] URL: https://daily-cloudcode-pa.googleapis.com/v1internal:streamGenerateContent?alt=sse Trace: 0x58260104d51972fc

2026-06-27 23:33:27.601 [error] [LS Main stderr] E0627 23:33:27.601807 21361 log.go:398] failed to check terminal shell support: internal: internal error

2026-06-27 23:33:27.604 [error] [LS Main stderr] E0627 23:33:27.603940 21361 log.go:398] failed to check terminal shell support: internal: internal error

2026-06-27 23:33:28.319 [error] [LS Main stderr] E0627 23:33:28.318766 21361 log.go:398] failed to check terminal shell support: internal: internal error

2026-06-27 23:33:28.331 [error] [LS Main stderr] E0627 23:33:28.331274 21361 log.go:398] failed to check terminal shell support: internal: internal error

2026-06-27 23:33:28.385 [error] [LS Main stderr] E0627 23:33:28.384340 21361 log.go:398] failed to check terminal shell support: internal: internal error

2026-06-27 23:33:28.386 [error] [LS Main stderr] E0627 23:33:28.386840 21361 log.go:398] failed to check terminal shell support: internal: internal error

2026-06-27 23:33:28.397 [error] [LS Main stderr] E0627 23:33:28.397149 21361 log.go:398] failed to check terminal shell support: internal: internal error

2026-06-27 23:33:28.400 [error] [LS Main stderr] E0627 23:33:28.400179 21361 log.go:398] failed to check terminal shell support: internal: internal error

2026-06-27 23:33:28.450 [error] [LS Main stderr] E0627 23:33:28.449842 21361 log.go:398] failed to check terminal shell support: internal: internal error

2026-06-27 23:33:28.455 [error] [LS Main stderr] E0627 23:33:28.454694 21361 log.go:398] failed to check terminal shell support: internal: internal error

2026-06-27 23:33:37.487 [error] [LS Main stderr] I0627 23:33:37.487665 21361 http_helpers.go:183] URL: https://daily-cloudcode-pa.googleapis.com/v1internal:streamGenerateContent?alt=sse Trace: 0x4c87bc6fdb32dcf9

2026-06-27 23:33:37.559 [error] [LS Main stderr] E0627 23:33:37.559323 21361 log.go:398] failed to check terminal shell support: internal: internal error

2026-06-27 23:33:37.564 [error] [LS Main stderr] E0627 23:33:37.563520 21361 log.go:398] failed to check terminal shell support: internal: internal error

2026-06-27 23:33:37.704 [error] [LS Main stderr] E0627 23:33:37.704050 21361 log.go:398] failed to check terminal shell support: internal: internal error

2026-06-27 23:33:37.707 [error] [LS Main stderr] E0627 23:33:37.706920 21361 log.go:398] failed to check terminal shell support: internal: internal error

2026-06-27 23:33:37.785 [error] [LS Main stderr] E0627 23:33:37.785755 21361 log.go:398] failed to check terminal shell support: internal: internal error

2026-06-27 23:33:37.789 [error] [LS Main stderr] E0627 23:33:37.788054 21361 log.go:398] failed to check terminal shell support: internal: internal error

2026-06-27 23:33:37.799 [error] [LS Main stderr] E0627 23:33:37.798026 21361 log.go:398] failed to check terminal shell support: internal: internal error

2026-06-27 23:33:37.802 [error] [LS Main stderr] E0627 23:33:37.802664 21361 log.go:398] failed to check terminal shell support: internal: internal error

2026-06-27 23:33:37.840 [error] [LS Main stderr] E0627 23:33:37.840093 21361 log.go:398] failed to check terminal shell support: internal: internal error

2026-06-27 23:33:37.842 [error] [LS Main stderr] E0627 23:33:37.842047 21361 log.go:398] failed to check terminal shell support: internal: internal error

2026-06-27 23:33:42.504 [error] [LS Main stderr] I0627 23:33:42.504143 21361 http_helpers.go:183] URL: https://daily-cloudcode-pa.googleapis.com/v1internal:streamGenerateContent?alt=sse Trace: 0x2eb4c1f15796bd3b

2026-06-27 23:33:42.551 [error] [LS Main stderr] E0627 23:33:42.551166 21361 log.go:398] failed to check terminal shell support: internal: internal error

2026-06-27 23:33:42.553 [error] [LS Main stderr] E0627 23:33:42.553461 21361 log.go:398] failed to check terminal shell support: internal: internal error

2026-06-27 23:33:44.616 [error] [LS Main stderr] E0627 23:33:44.616073 21361 log.go:398] failed to check terminal shell support: internal: internal error

2026-06-27 23:33:44.620 [error] [LS Main stderr] E0627 23:33:44.619230 21361 log.go:398] failed to check terminal shell support: internal: internal error

2026-06-27 23:33:44.625 [error] [LS Main stderr] E0627 23:33:44.625556 21361 log.go:398] failed to check terminal shell support: internal: internal error

2026-06-27 23:33:44.628 [error] [LS Main stderr] E0627 23:33:44.628428 21361 log.go:398] failed to check terminal shell support: internal: internal error

2026-06-27 23:37:12.740 [error] [LS Main stderr] E0627 23:37:12.740143 21361 log.go:398] failed to check terminal shell support: internal: internal error

2026-06-27 23:37:12.755 [error] [LS Main stderr] E0627 23:37:12.755870 21361 log.go:398] failed to check terminal shell support: internal: internal error

2026-06-27 23:37:12.758 [error] [LS Main stderr] E0627 23:37:12.757638 21361 log.go:398] failed to check terminal shell support: internal: internal error

2026-06-27 23:37:12.772 [error] [LS Main stderr] E0627 23:37:12.772159 21361 log.go:398] failed to check terminal shell support: internal: internal error

2026-06-27 23:37:12.776 [error] [LS Main stderr] E0627 23:37:12.776089 21361 log.go:398] failed to check terminal shell support: internal: internal error

2026-06-27 23:37:12.802 [error] [LS Main stderr] E0627 23:37:12.802132 21361 log.go:398] failed to check terminal shell support: internal: internal error

2026-06-27 23:37:12.810 [error] [LS Main stderr] E0627 23:37:12.810813 21361 log.go:398] failed to check terminal shell support: internal: internal error

2026-06-27 23:37:12.969 [error] [LS Main stderr] E0627 23:37:12.969233 21361 log.go:398] failed to check terminal shell support: internal: internal error

2026-06-27 23:37:12.972 [error] [LS Main stderr] E0627 23:37:12.971454 21361 log.go:398] failed to check terminal shell support: internal: internal error

2026-06-27 23:37:13.580 [error] [LS Main stderr] E0627 23:37:13.580241 21361 log.go:398] failed to check terminal shell support: internal: internal error

2026-06-27 23:37:13.584 [error] [LS Main stderr] E0627 23:37:13.584189 21361 log.go:398] failed to check terminal shell support: internal: internal error

2026-06-27 23:37:14.105 [error] [LS Main stderr] E0627 23:37:14.105059 21361 log.go:398] failed to check terminal shell support: internal: internal error

2026-06-27 23:37:14.107 [error] [LS Main stderr] E0627 23:37:14.107235 21361 log.go:398] failed to check terminal shell support: internal: internal error

2026-06-27 23:37:14.119 [error] [LS Main stderr] E0627 23:37:14.119100 21361 log.go:398] failed to check terminal shell support: internal: internal error

2026-06-27 23:37:14.122 [error] [LS Main stderr] E0627 23:37:14.122146 21361 log.go:398] failed to check terminal shell support: internal: internal error

2026-06-27 23:37:18.468 [error] [LS Main stderr] I0627 23:37:18.468269 21361 http_helpers.go:183] URL: https://daily-cloudcode-pa.googleapis.com/v1internal:streamGenerateContent?alt=sse Trace: 0xded082ebddda5e00

2026-06-27 23:37:18.516 [error] [LS Main stderr] E0627 23:37:18.515905 21361 log.go:398] failed to check terminal shell support: internal: internal error

2026-06-27 23:37:18.518 [error] [LS Main stderr] E0627 23:37:18.517981 21361 log.go:398] failed to check terminal shell support: internal: internal error

2026-06-27 23:37:19.616 [error] [LS Main stderr] E0627 23:37:19.616056 21361 log.go:398] failed to check terminal shell support: internal: internal error

2026-06-27 23:37:19.618 [error] [LS Main stderr] E0627 23:37:19.617997 21361 log.go:398] failed to check terminal shell support: internal: internal error

2026-06-27 23:37:19.645 [error] [LS Main stderr] E0627 23:37:19.644894 21361 log.go:398] failed to check terminal shell support: internal: internal error

2026-06-27 23:37:19.648 [error] [LS Main stderr] E0627 23:37:19.648097 21361 log.go:398] failed to check terminal shell support: internal: internal error

2026-06-27 23:37:25.637 [error] [LS Main stderr] I0627 23:37:25.636875 21361 http_helpers.go:183] URL: https://daily-cloudcode-pa.googleapis.com/v1internal:streamGenerateContent?alt=sse Trace: 0x74be65adc7d60f58

2026-06-27 23:37:25.690 [error] [LS Main stderr] E0627 23:37:25.689923 21361 log.go:398] failed to check terminal shell support: internal: internal error

2026-06-27 23:37:25.691 [error] [LS Main stderr] E0627 23:37:25.691688 21361 log.go:398] failed to check terminal shell support: internal: internal error

2026-06-27 23:37:26.366 [error] [LS Main stderr] E0627 23:37:26.365214 21361 log.go:398] failed to check terminal shell support: internal: internal error

2026-06-27 23:37:26.368 [error] [LS Main stderr] E0627 23:37:26.367937 21361 log.go:398] failed to check terminal shell support: internal: internal error

2026-06-27 23:37:26.395 [error] [LS Main stderr] E0627 23:37:26.395139 21361 log.go:398] failed to check terminal shell support: internal: internal error

2026-06-27 23:37:26.398 [error] [LS Main stderr] E0627 23:37:26.398224 21361 log.go:398] failed to check terminal shell support: internal: internal error

2026-06-27 23:37:32.105 [error] [LS Main stderr] I0627 23:37:32.104977 21361 http_helpers.go:183] URL: https://daily-cloudcode-pa.googleapis.com/v1internal:streamGenerateContent?alt=sse Trace: 0x9a97ba17b1780f08

2026-06-27 23:37:32.166 [error] [LS Main stderr] E0627 23:37:32.166103 21361 log.go:398] failed to check terminal shell support: internal: internal error

2026-06-27 23:37:32.168 [error] [LS Main stderr] E0627 23:37:32.168193 21361 log.go:398] failed to check terminal shell support: internal: internal error

2026-06-27 23:37:32.359 [error] [LS Main stderr] E0627 23:37:32.359021 21361 log.go:398] failed to check terminal shell support: internal: internal error

2026-06-27 23:37:32.361 [error] [LS Main stderr] E0627 23:37:32.361433 21361 log.go:398] failed to check terminal shell support: internal: internal error

2026-06-27 23:37:32.392 [error] [LS Main stderr] E0627 23:37:32.391675 21361 log.go:398] failed to check terminal shell support: internal: internal error

2026-06-27 23:37:32.395 [error] [LS Main stderr] E0627 23:37:32.395170 21361 log.go:398] failed to check terminal shell support: internal: internal error

2026-06-27 23:37:38.412 [error] [LS Main stderr] I0627 23:37:38.412692 21361 http_helpers.go:183] URL: https://daily-cloudcode-pa.googleapis.com/v1internal:streamGenerateContent?alt=sse Trace: 0x52749e5252900d95

2026-06-27 23:37:38.476 [error] [LS Main stderr] E0627 23:37:38.476125 21361 log.go:398] failed to check terminal shell support: internal: internal error

2026-06-27 23:37:38.478 [error] [LS Main stderr] E0627 23:37:38.478598 21361 log.go:398] failed to check terminal shell support: internal: internal error

2026-06-27 23:37:39.320 [error] [LS Main stderr] E0627 23:37:39.319523 21361 log.go:398] failed to check terminal shell support: internal: internal error

2026-06-27 23:37:39.321 [error] [LS Main stderr] E0627 23:37:39.321521 21361 log.go:398] failed to check terminal shell support: internal: internal error

2026-06-27 23:37:39.352 [error] [LS Main stderr] E0627 23:37:39.352123 21361 log.go:398] failed to check terminal shell support: internal: internal error

2026-06-27 23:37:39.354 [error] [LS Main stderr] E0627 23:37:39.353865 21361 log.go:398] failed to check terminal shell support: internal: internal error

2026-06-27 23:37:45.297 [error] [LS Main stderr] I0627 23:37:45.297104 21361 http_helpers.go:183] URL: https://daily-cloudcode-pa.googleapis.com/v1internal:streamGenerateContent?alt=sse Trace: 0x602788b0fb2d01e

2026-06-27 23:37:45.350 [error] [LS Main stderr] E0627 23:37:45.349942 21361 log.go:398] failed to check terminal shell support: internal: internal error

2026-06-27 23:37:45.351 [error] [LS Main stderr] E0627 23:37:45.351064 21361 log.go:398] failed to check terminal shell support: internal: internal error

2026-06-27 23:37:45.720 [error] [LS Main stderr] E0627 23:37:45.720037 21361 log.go:398] failed to check terminal shell support: internal: internal error

2026-06-27 23:37:45.722 [error] [LS Main stderr] E0627 23:37:45.722152 21361 log.go:398] failed to check terminal shell support: internal: internal error

2026-06-27 23:37:45.858 [error] [LS Main stderr] E0627 23:37:45.857912 21361 log.go:398] failed to check terminal shell support: internal: internal error

2026-06-27 23:37:45.861 [error] [LS Main stderr] E0627 23:37:45.860150 21361 log.go:398] failed to check terminal shell support: internal: internal error

2026-06-27 23:37:51.033 [error] [LS Main stderr] I0627 23:37:51.033133 21361 http_helpers.go:183] URL: https://daily-cloudcode-pa.googleapis.com/v1internal:streamGenerateContent?alt=sse Trace: 0xd85ac476d944bf6

2026-06-27 23:37:51.088 [error] [LS Main stderr] E0627 23:37:51.088268 21361 log.go:398] failed to check terminal shell support: internal: internal error

2026-06-27 23:37:51.092 [error] [LS Main stderr] E0627 23:37:51.091434 21361 log.go:398] failed to check terminal shell support: internal: internal error

2026-06-27 23:37:52.303 [error] [LS Main stderr] E0627 23:37:52.303137 21361 log.go:398] failed to check terminal shell support: internal: internal error

2026-06-27 23:37:52.310 [error] [LS Main stderr] E0627 23:37:52.310128 21361 log.go:398] failed to check terminal shell support: internal: internal error

2026-06-27 23:37:52.358 [error] [LS Main stderr] E0627 23:37:52.358383 21361 log.go:398] failed to check terminal shell support: internal: internal error

2026-06-27 23:37:52.360 [error] [LS Main stderr] E0627 23:37:52.360115 21361 log.go:398] failed to check terminal shell support: internal: internal error

2026-06-27 23:37:58.950 [error] [LS Main stderr] I0627 23:37:58.950318 21361 http_helpers.go:183] URL: https://daily-cloudcode-pa.googleapis.com/v1internal:streamGenerateContent?alt=sse Trace: 0xf160211af9723883

2026-06-27 23:37:59.007 [error] [LS Main stderr] E0627 23:37:59.007391 21361 log.go:398] failed to check terminal shell support: internal: internal error

2026-06-27 23:37:59.009 [error] [LS Main stderr] E0627 23:37:59.009091 21361 log.go:398] failed to check terminal shell support: internal: internal error

2026-06-27 23:38:00.049 [error] [LS Main stderr] E0627 23:38:00.049108 21361 log.go:398] failed to check terminal shell support: internal: internal error

2026-06-27 23:38:00.051 [error] [LS Main stderr] E0627 23:38:00.051480 21361 log.go:398] failed to check terminal shell support: internal: internal error

2026-06-27 23:38:00.080 [error] [LS Main stderr] E0627 23:38:00.079526 21361 log.go:398] failed to check terminal shell support: internal: internal error

2026-06-27 23:38:00.083 [error] [LS Main stderr] E0627 23:38:00.083248 21361 log.go:398] failed to check terminal shell support: internal: internal error

2026-06-27 23:38:07.952 [error] [LS Main stderr] I0627 23:38:07.952657 21361 http_helpers.go:183] URL: https://daily-cloudcode-pa.googleapis.com/v1internal:streamGenerateContent?alt=sse Trace: 0xe68550e18c83775

2026-06-27 23:38:08.015 [error] [LS Main stderr] E0627 23:38:08.015252 21361 log.go:398] failed to check terminal shell support: internal: internal error

2026-06-27 23:38:08.018 [error] [LS Main stderr] E0627 23:38:08.017788 21361 log.go:398] failed to check terminal shell support: internal: internal error

2026-06-27 23:38:08.196 [error] [LS Main stderr] E0627 23:38:08.195517 21361 log.go:398] failed to check terminal shell support: internal: internal error

2026-06-27 23:38:08.199 [error] [LS Main stderr] E0627 23:38:08.199270 21361 log.go:398] failed to check terminal shell support: internal: internal error

2026-06-27 23:38:08.277 [error] [LS Main stderr] E0627 23:38:08.276356 21361 log.go:398] failed to check terminal shell support: internal: internal error

2026-06-27 23:38:08.280 [error] [LS Main stderr] E0627 23:38:08.279114 21361 log.go:398] failed to check terminal shell support: internal: internal error

2026-06-27 23:38:08.288 [error] [LS Main stderr] E0627 23:38:08.287221 21361 log.go:398] failed to check terminal shell support: internal: internal error

2026-06-27 23:38:08.290 [error] [LS Main stderr] E0627 23:38:08.289542 21361 log.go:398] failed to check terminal shell support: internal: internal error

2026-06-27 23:38:08.354 [error] [LS Main stderr] E0627 23:38:08.354226 21361 log.go:398] failed to check terminal shell support: internal: internal error

2026-06-27 23:38:08.356 [error] [LS Main stderr] E0627 23:38:08.356449 21361 log.go:398] failed to check terminal shell support: internal: internal error

2026-06-27 23:38:13.062 [error] [LS Main stderr] I0627 23:38:13.062684 21361 http_helpers.go:183] URL: https://daily-cloudcode-pa.googleapis.com/v1internal:streamGenerateContent?alt=sse Trace: 0xf9805647e756524c

2026-06-27 23:38:13.284 [error] [LS Main stderr] I0627 23:38:13.284670 21361 http_helpers.go:183] URL: https://daily-cloudcode-pa.googleapis.com/v1internal:loadCodeAssist Trace: 0xd71eee9d6c754f2e

2026-06-27 23:38:13.969 [error] [LS Main stderr] I0627 23:38:13.968982 21361 http_helpers.go:183] URL: https://daily-cloudcode-pa.googleapis.com/v1internal:fetchAvailableModels Trace: 0x9fb082d41d84bc78

2026-06-27 23:38:13.981 [error] [LS Main stderr] E0627 23:38:13.980888 21361 log.go:398] failed to check terminal shell support: internal: internal error

2026-06-27 23:38:13.982 [error] [LS Main stderr] E0627 23:38:13.982612 21361 log.go:398] failed to check terminal shell support: internal: internal error

2026-06-27 23:38:13.989 [error] [LS Main stderr] E0627 23:38:13.986077 21361 log.go:398] failed to check terminal shell support: internal: internal error

2026-06-27 23:38:13.995 [error] [LS Main stderr] E0627 23:38:13.994916 21361 log.go:398] failed to check terminal shell support: internal: internal error

2026-06-27 23:38:14.735 [error] [LS Main stderr] E0627 23:38:14.735009 21361 log.go:398] failed to check terminal shell support: internal: internal error

2026-06-27 23:38:14.738 [error] [LS Main stderr] E0627 23:38:14.738118 21361 log.go:398] failed to check terminal shell support: internal: internal error

2026-06-27 23:38:15.566 [error] [LS Main stderr] E0627 23:38:15.565826 21361 log.go:398] failed to check terminal shell support: internal: internal error

2026-06-27 23:38:15.570 [error] [LS Main stderr] E0627 23:38:15.570754 21361 log.go:398] failed to check terminal shell support: internal: internal error

