2026-06-27 23:41:55.979 [info] [LS Main] Starting language server from: /opt/antigravity-ide/resources/app/extensions/antigravity/bin/language_server_linux_x64
2026-06-27 23:41:56.226 [info] [LS Main] Args: --csrf_token 6d794c26-548d-43f9-b25d-cd41eae036b7 --extension_server_port 46843 --extension_server_csrf_token 2006c6cf-271d-4636-b6c6-11081c4f295e --app_data_dir antigravity-ide --subclient_type ide --cloud_code_endpoint https://cloudcode-pa.googleapis.com
2026-06-27 23:41:56.263 [info] [LS Main] Process spawned with PID: 3419
2026-06-27 23:41:56.860 [error] [LS Main stderr] I0627 23:41:56.860440  3419 server.go:1296] Starting language server process with pid 3419
I0627 23:41:56.860498  3419 server.go:336] Setting GOMAXPROCS to 4

2026-06-27 23:41:56.861 [error] [LS Main stderr] I0627 23:41:56.861029  3419 server.go:479] Language server will attempt to listen on host localhost

2026-06-27 23:41:56.861 [error] [LS Main stderr] I0627 23:41:56.861815  3419 server.go:493] Language server listening on random port at 33901 for HTTPS (gRPC)

2026-06-27 23:41:56.862 [error] [LS Main stderr] I0627 23:41:56.862038  3419 server.go:500] Language server listening on random port at 39929 for HTTP

2026-06-27 23:41:57.559 [error] No LS client info found for local authority
2026-06-27 23:41:58.425 [error] [LS Main stderr] I0627 23:41:58.425350  3419 server.go:472] Created extension server client at port 46843

2026-06-27 23:41:58.437 [error] [LS Main stderr] I0627 23:41:58.437054  3419 manager.go:92] Creating trajectory store manager with proto store and SQLite store

2026-06-27 23:42:01.439 [error] [LS Main stderr] E0627 23:42:01.439509  3419 log.go:398] WaitForReady failed: context deadline exceeded

2026-06-27 23:42:01.440 [error] [LS Main stderr] I0627 23:42:01.439867  3419 server.go:2283] Auth succeeded, refreshing features and managers

2026-06-27 23:42:01.648 [error] [LS Main stderr] I0627 23:42:01.648366  3419 http_helpers.go:183] URL: https://cloudcode-pa.googleapis.com/v1internal:loadCodeAssist Trace: 0x3cd5561c8c32a0b6

2026-06-27 23:42:03.036 [error] [LS Main stderr] I0627 23:42:03.036420  3419 http_helpers.go:183] URL: https://cloudcode-pa.googleapis.com/v1internal:fetchAvailableModels Trace: 0xe2e84933d09d5697

2026-06-27 23:42:03.045 [error] [LS Main stderr] I0627 23:42:03.045229  3419 server.go:2289] State refresh took 1605ms

2026-06-27 23:42:03.059 [info] [LS Main] LS started on port 33901
2026-06-27 23:42:03.063 [error] [LS Main stderr] I0627 23:42:03.063366  3419 server.go:1944] initialized server successfully in 6.202844163s

2026-06-27 23:42:03.077 [error] [LS Main stderr] 2026/06/27 23:42:03 http: TLS handshake error from 127.0.0.1:46348: remote error: tls: unknown certificate

2026-06-27 23:42:03.078 [error] [LS Main stderr] 2026/06/27 23:42:03 http: TLS handshake error from 127.0.0.1:46358: remote error: tls: unknown certificate

2026-06-27 23:42:03.081 [error] [LS Main stderr] 2026/06/27 23:42:03 http: TLS handshake error from 127.0.0.1:46384: remote error: tls: unknown certificate
2026/06/27 23:42:03 http: TLS handshake error from 127.0.0.1:46372: remote error: tls: unknown certificate

2026-06-27 23:42:03.253 [error] [LS Main stderr] E0627 23:42:03.252983  3419 interceptor.go:74] /exa.language_server_pb.LanguageServerService/GetSlashCommands (unknown): failed to resolve cascade config: neither PlanModel nor RequestedModel specified. You must specify a valid model.

2026-06-27 23:42:03.259 [error] [LS Main stderr] E0627 23:42:03.259611  3419 interceptor.go:74] /exa.language_server_pb.LanguageServerService/GetSlashCommands (unknown): failed to resolve cascade config: neither PlanModel nor RequestedModel specified. You must specify a valid model.
E0627 23:42:03.259670  3419 interceptor.go:74] /exa.language_server_pb.LanguageServerService/GetSlashCommands (unknown): failed to resolve cascade config: neither PlanModel nor RequestedModel specified. You must specify a valid model.

2026-06-27 23:42:03.260 [error] [LS Main stderr] E0627 23:42:03.260773  3419 interceptor.go:74] /exa.language_server_pb.LanguageServerService/GetSlashCommands (unknown): failed to resolve cascade config: neither PlanModel nor RequestedModel specified. You must specify a valid model.

2026-06-27 23:42:03.262 [error] [LS Main stderr] E0627 23:42:03.262060  3419 interceptor.go:74] /exa.language_server_pb.LanguageServerService/GetSlashCommands (unknown): failed to resolve cascade config: neither PlanModel nor RequestedModel specified. You must specify a valid model.

2026-06-27 23:42:03.262 [error] [LS Main stderr] E0627 23:42:03.262148  3419 interceptor.go:74] /exa.language_server_pb.LanguageServerService/GetSlashCommands (unknown): failed to resolve cascade config: neither PlanModel nor RequestedModel specified. You must specify a valid model.

2026-06-27 23:42:03.265 [error] [LS Main stderr] E0627 23:42:03.263342  3419 interceptor.go:74] /exa.language_server_pb.LanguageServerService/GetSlashCommands (unknown): failed to resolve cascade config: neither PlanModel nor RequestedModel specified. You must specify a valid model.
E0627 23:42:03.263729  3419 interceptor.go:74] /exa.language_server_pb.LanguageServerService/GetSlashCommands (unknown): failed to resolve cascade config: neither PlanModel nor RequestedModel specified. You must specify a valid model.
E0627 23:42:03.264030  3419 interceptor.go:74] /exa.language_server_pb.LanguageServerService/GetSlashCommands (unknown): failed to resolve cascade config: neither PlanModel nor RequestedModel specified. You must specify a valid model.
E0627 23:42:03.264718  3419 interceptor.go:74] /exa.language_server_pb.LanguageServerService/GetSlashCommands (unknown): failed to resolve cascade config: neither PlanModel nor RequestedModel specified. You must specify a valid model.

2026-06-27 23:42:05.917 [error] [LS Main stderr] I0627 23:42:05.917263  3419 http_helpers.go:183] URL: https://cloudcode-pa.googleapis.com/v1internal:loadCodeAssist Trace: 0xad542668fe6b98c2

2026-06-27 23:42:06.948 [error] [LS Main stderr] I0627 23:42:06.948618  3419 http_helpers.go:183] URL: https://daily-cloudcode-pa.googleapis.com/v1internal:fetchAvailableModels Trace: 0x71e9db5e64e8bf60

2026-06-27 23:42:06.966 [error] [LS Main stderr] E0627 23:42:06.965792  3419 log.go:398] failed to check terminal shell support: internal: internal error

2026-06-27 23:42:06.975 [error] [LS Main stderr] E0627 23:42:06.974702  3419 log.go:398] failed to check terminal shell support: internal: internal error

2026-06-27 23:42:06.986 [error] [LS Main stderr] E0627 23:42:06.985112  3419 log.go:398] failed to check terminal shell support: internal: internal error

2026-06-27 23:42:06.992 [error] [LS Main stderr] E0627 23:42:06.992091  3419 log.go:398] failed to check terminal shell support: internal: internal error

2026-06-27 23:42:06.997 [error] [LS Main stderr] E0627 23:42:06.997535  3419 log.go:398] failed to check terminal shell support: internal: internal error

2026-06-27 23:42:07.001 [error] [LS Main stderr] E0627 23:42:07.001257  3419 log.go:398] failed to check terminal shell support: internal: internal error

2026-06-27 23:42:07.008 [error] [LS Main stderr] E0627 23:42:07.007741  3419 log.go:398] failed to check terminal shell support: internal: internal error

2026-06-27 23:42:07.017 [error] [LS Main stderr] E0627 23:42:07.014551  3419 log.go:398] failed to check terminal shell support: internal: internal error

2026-06-27 23:42:07.017 [error] [LS Main stderr] E0627 23:42:07.017394  3419 log.go:398] failed to check terminal shell support: internal: internal error

2026-06-27 23:42:07.019 [error] [LS Main stderr] E0627 23:42:07.019389  3419 log.go:398] failed to check terminal shell support: internal: internal error

2026-06-27 23:42:07.021 [error] [LS Main stderr] E0627 23:42:07.021555  3419 log.go:398] failed to check terminal shell support: internal: internal error

2026-06-27 23:42:07.024 [error] [LS Main stderr] E0627 23:42:07.024392  3419 log.go:398] failed to check terminal shell support: internal: internal error

2026-06-27 23:42:07.027 [error] [LS Main stderr] E0627 23:42:07.027415  3419 log.go:398] failed to check terminal shell support: internal: internal error

2026-06-27 23:42:07.029 [error] [LS Main stderr] E0627 23:42:07.029359  3419 log.go:398] failed to check terminal shell support: internal: internal error

2026-06-27 23:42:07.031 [error] [LS Main stderr] E0627 23:42:07.031396  3419 log.go:398] failed to check terminal shell support: internal: internal error

2026-06-27 23:42:07.033 [error] [LS Main stderr] E0627 23:42:07.033172  3419 log.go:398] failed to check terminal shell support: internal: internal error

2026-06-27 23:42:07.036 [error] [LS Main stderr] E0627 23:42:07.035707  3419 log.go:398] failed to check terminal shell support: internal: internal error

2026-06-27 23:42:07.039 [error] [LS Main stderr] E0627 23:42:07.038432  3419 log.go:398] failed to check terminal shell support: internal: internal error

2026-06-27 23:42:07.042 [error] [LS Main stderr] E0627 23:42:07.042323  3419 log.go:398] failed to check terminal shell support: internal: internal error

2026-06-27 23:42:07.045 [error] [LS Main stderr] E0627 23:42:07.044334  3419 log.go:398] failed to check terminal shell support: internal: internal error

2026-06-27 23:42:07.047 [error] [LS Main stderr] E0627 23:42:07.047596  3419 log.go:398] failed to check terminal shell support: internal: internal error

2026-06-27 23:42:07.049 [error] [LS Main stderr] E0627 23:42:07.049354  3419 log.go:398] failed to check terminal shell support: internal: internal error

2026-06-27 23:42:07.051 [error] [LS Main stderr] E0627 23:42:07.050996  3419 log.go:398] failed to check terminal shell support: internal: internal error

2026-06-27 23:42:07.053 [error] [LS Main stderr] E0627 23:42:07.053000  3419 log.go:398] failed to check terminal shell support: internal: internal error

2026-06-27 23:42:07.056 [error] [LS Main stderr] E0627 23:42:07.056022  3419 log.go:398] failed to check terminal shell support: internal: internal error

2026-06-27 23:42:07.058 [error] [LS Main stderr] E0627 23:42:07.057787  3419 log.go:398] failed to check terminal shell support: internal: internal error

2026-06-27 23:42:07.060 [error] [LS Main stderr] E0627 23:42:07.060562  3419 log.go:398] failed to check terminal shell support: internal: internal error

2026-06-27 23:42:07.063 [error] [LS Main stderr] E0627 23:42:07.062941  3419 log.go:398] failed to check terminal shell support: internal: internal error

2026-06-27 23:42:07.065 [error] [LS Main stderr] E0627 23:42:07.064941  3419 log.go:398] failed to check terminal shell support: internal: internal error

2026-06-27 23:42:07.068 [error] [LS Main stderr] E0627 23:42:07.068317  3419 log.go:398] failed to check terminal shell support: internal: internal error

2026-06-27 23:42:07.071 [error] [LS Main stderr] E0627 23:42:07.071611  3419 log.go:398] failed to check terminal shell support: internal: internal error

2026-06-27 23:42:07.074 [error] [LS Main stderr] E0627 23:42:07.074286  3419 log.go:398] failed to check terminal shell support: internal: internal error

2026-06-27 23:42:07.077 [error] [LS Main stderr] E0627 23:42:07.077066  3419 log.go:398] failed to check terminal shell support: internal: internal error

2026-06-27 23:42:07.079 [error] [LS Main stderr] E0627 23:42:07.078849  3419 log.go:398] failed to check terminal shell support: internal: internal error

2026-06-27 23:42:07.081 [error] [LS Main stderr] E0627 23:42:07.080971  3419 log.go:398] failed to check terminal shell support: internal: internal error

2026-06-27 23:42:07.083 [error] [LS Main stderr] E0627 23:42:07.083155  3419 log.go:398] failed to check terminal shell support: internal: internal error

2026-06-27 23:42:07.085 [error] [LS Main stderr] E0627 23:42:07.084950  3419 log.go:398] failed to check terminal shell support: internal: internal error

2026-06-27 23:42:07.087 [error] [LS Main stderr] E0627 23:42:07.087383  3419 log.go:398] failed to check terminal shell support: internal: internal error

2026-06-27 23:42:07.097 [error] [LS Main stderr] E0627 23:42:07.090365  3419 log.go:398] failed to check terminal shell support: internal: internal error

2026-06-27 23:42:07.099 [error] [LS Main stderr] E0627 23:42:07.099043  3419 log.go:398] failed to check terminal shell support: internal: internal error

2026-06-27 23:42:07.101 [error] [LS Main stderr] E0627 23:42:07.101183  3419 log.go:398] failed to check terminal shell support: internal: internal error

2026-06-27 23:42:07.104 [error] [LS Main stderr] E0627 23:42:07.104341  3419 log.go:398] failed to check terminal shell support: internal: internal error

2026-06-27 23:42:07.107 [error] [LS Main stderr] E0627 23:42:07.107432  3419 log.go:398] failed to check terminal shell support: internal: internal error

2026-06-27 23:42:07.110 [error] [LS Main stderr] E0627 23:42:07.109898  3419 log.go:398] failed to check terminal shell support: internal: internal error

2026-06-27 23:42:07.112 [error] [LS Main stderr] E0627 23:42:07.112351  3419 log.go:398] failed to check terminal shell support: internal: internal error

2026-06-27 23:42:07.115 [error] [LS Main stderr] E0627 23:42:07.115483  3419 log.go:398] failed to check terminal shell support: internal: internal error

2026-06-27 23:42:07.121 [error] [LS Main stderr] E0627 23:42:07.118737  3419 log.go:398] failed to check terminal shell support: internal: internal error

2026-06-27 23:42:07.124 [error] [LS Main stderr] E0627 23:42:07.121158  3419 log.go:398] failed to check terminal shell support: internal: internal error

2026-06-27 23:42:07.127 [error] [LS Main stderr] E0627 23:42:07.124354  3419 log.go:398] failed to check terminal shell support: internal: internal error

2026-06-27 23:42:07.128 [error] [LS Main stderr] E0627 23:42:07.127419  3419 log.go:398] failed to check terminal shell support: internal: internal error

2026-06-27 23:42:07.141 [error] [LS Main stderr] E0627 23:42:07.133361  3419 log.go:398] failed to check terminal shell support: internal: internal error

2026-06-27 23:42:07.142 [error] [LS Main stderr] E0627 23:42:07.142448  3419 log.go:398] failed to check terminal shell support: internal: internal error

2026-06-27 23:42:07.144 [error] [LS Main stderr] E0627 23:42:07.144354  3419 log.go:398] failed to check terminal shell support: internal: internal error

2026-06-27 23:42:07.148 [error] [LS Main stderr] E0627 23:42:07.146698  3419 log.go:398] failed to check terminal shell support: internal: internal error

2026-06-27 23:42:07.149 [error] [LS Main stderr] E0627 23:42:07.149429  3419 log.go:398] failed to check terminal shell support: internal: internal error

2026-06-27 23:42:07.151 [error] [LS Main stderr] E0627 23:42:07.151448  3419 log.go:398] failed to check terminal shell support: internal: internal error

2026-06-27 23:42:07.154 [error] [LS Main stderr] E0627 23:42:07.153563  3419 log.go:398] failed to check terminal shell support: internal: internal error

2026-06-27 23:42:07.158 [error] [LS Main stderr] E0627 23:42:07.157629  3419 log.go:398] failed to check terminal shell support: internal: internal error

2026-06-27 23:42:07.160 [error] [LS Main stderr] E0627 23:42:07.160827  3419 log.go:398] failed to check terminal shell support: internal: internal error

2026-06-27 23:42:07.163 [error] [LS Main stderr] E0627 23:42:07.163360  3419 log.go:398] failed to check terminal shell support: internal: internal error

2026-06-27 23:42:07.166 [error] [LS Main stderr] E0627 23:42:07.166802  3419 log.go:398] failed to check terminal shell support: internal: internal error

2026-06-27 23:42:07.170 [error] [LS Main stderr] E0627 23:42:07.169768  3419 log.go:398] failed to check terminal shell support: internal: internal error

2026-06-27 23:42:07.171 [error] [LS Main stderr] E0627 23:42:07.171705  3419 log.go:398] failed to check terminal shell support: internal: internal error

2026-06-27 23:42:07.173 [error] [LS Main stderr] E0627 23:42:07.173557  3419 log.go:398] failed to check terminal shell support: internal: internal error

2026-06-27 23:42:07.175 [error] [LS Main stderr] E0627 23:42:07.175303  3419 log.go:398] failed to check terminal shell support: internal: internal error

2026-06-27 23:42:07.177 [error] [LS Main stderr] E0627 23:42:07.177083  3419 log.go:398] failed to check terminal shell support: internal: internal error

2026-06-27 23:42:07.179 [error] [LS Main stderr] E0627 23:42:07.179176  3419 log.go:398] failed to check terminal shell support: internal: internal error

2026-06-27 23:42:07.180 [error] [LS Main stderr] E0627 23:42:07.180724  3419 log.go:398] failed to check terminal shell support: internal: internal error

2026-06-27 23:42:07.184 [error] [LS Main stderr] E0627 23:42:07.182510  3419 log.go:398] failed to check terminal shell support: internal: internal error

2026-06-27 23:42:07.186 [error] [LS Main stderr] E0627 23:42:07.186501  3419 log.go:398] failed to check terminal shell support: internal: internal error

2026-06-27 23:42:07.188 [error] [LS Main stderr] E0627 23:42:07.188118  3419 log.go:398] failed to check terminal shell support: internal: internal error

2026-06-27 23:42:07.190 [error] [LS Main stderr] E0627 23:42:07.190461  3419 log.go:398] failed to check terminal shell support: internal: internal error

2026-06-27 23:42:07.194 [error] [LS Main stderr] E0627 23:42:07.192615  3419 log.go:398] failed to check terminal shell support: internal: internal error

2026-06-27 23:42:07.196 [error] [LS Main stderr] E0627 23:42:07.196031  3419 log.go:398] failed to check terminal shell support: internal: internal error

2026-06-27 23:42:07.198 [error] [LS Main stderr] E0627 23:42:07.198167  3419 log.go:398] failed to check terminal shell support: internal: internal error

2026-06-27 23:42:07.200 [error] [LS Main stderr] E0627 23:42:07.200057  3419 log.go:398] failed to check terminal shell support: internal: internal error

2026-06-27 23:42:07.202 [error] [LS Main stderr] E0627 23:42:07.202667  3419 log.go:398] failed to check terminal shell support: internal: internal error

2026-06-27 23:42:07.205 [error] [LS Main stderr] E0627 23:42:07.205066  3419 log.go:398] failed to check terminal shell support: internal: internal error

2026-06-27 23:42:07.207 [error] [LS Main stderr] E0627 23:42:07.207278  3419 log.go:398] failed to check terminal shell support: internal: internal error

2026-06-27 23:42:07.338 [error] [LS Main stderr] E0627 23:42:07.338055  3419 log.go:398] failed to check terminal shell support: internal: internal error

2026-06-27 23:42:07.339 [error] [LS Main stderr] E0627 23:42:07.339874  3419 log.go:398] failed to check terminal shell support: internal: internal error

2026-06-27 23:42:07.364 [error] [LS Main stderr] E0627 23:42:07.364571  3419 log.go:398] failed to check terminal shell support: internal: internal error

2026-06-27 23:42:07.368 [error] [LS Main stderr] E0627 23:42:07.368387  3419 log.go:398] failed to check terminal shell support: internal: internal error

2026-06-27 23:42:07.393 [error] [LS Main stderr] E0627 23:42:07.393454  3419 log.go:398] failed to check terminal shell support: internal: internal error

2026-06-27 23:42:07.395 [error] [LS Main stderr] E0627 23:42:07.395322  3419 log.go:398] failed to check terminal shell support: internal: internal error

2026-06-27 23:42:07.406 [error] [LS Main stderr] E0627 23:42:07.406377  3419 log.go:398] failed to check terminal shell support: internal: internal error

2026-06-27 23:42:07.411 [error] [LS Main stderr] E0627 23:42:07.411130  3419 log.go:398] failed to check terminal shell support: internal: internal error

2026-06-27 23:42:07.442 [error] [LS Main stderr] E0627 23:42:07.442240  3419 log.go:398] failed to check terminal shell support: internal: internal error

2026-06-27 23:42:07.444 [error] [LS Main stderr] E0627 23:42:07.444315  3419 log.go:398] failed to check terminal shell support: internal: internal error

2026-06-27 23:42:08.024 [error] [LS Main stderr] E0627 23:42:08.024161  3419 log.go:398] failed to check terminal shell support: internal: internal error

2026-06-27 23:42:08.027 [error] [LS Main stderr] E0627 23:42:08.027180  3419 log.go:398] failed to check terminal shell support: internal: internal error

2026-06-27 23:42:08.037 [error] [LS Main stderr] E0627 23:42:08.037479  3419 log.go:398] failed to check terminal shell support: internal: internal error

2026-06-27 23:42:08.040 [error] [LS Main stderr] E0627 23:42:08.040384  3419 log.go:398] failed to check terminal shell support: internal: internal error

2026-06-27 23:42:08.052 [error] [LS Main stderr] E0627 23:42:08.052432  3419 log.go:398] failed to check terminal shell support: internal: internal error

2026-06-27 23:42:08.055 [error] [LS Main stderr] E0627 23:42:08.055377  3419 log.go:398] failed to check terminal shell support: internal: internal error

2026-06-27 23:42:08.060 [error] [LS Main stderr] E0627 23:42:08.060378  3419 log.go:398] failed to check terminal shell support: internal: internal error

2026-06-27 23:42:08.065 [error] [LS Main stderr] E0627 23:42:08.065491  3419 log.go:398] failed to check terminal shell support: internal: internal error

2026-06-27 23:42:08.871 [error] [LS Main stderr] I0627 23:42:08.871688  3419 http_helpers.go:183] URL: https://daily-cloudcode-pa.googleapis.com/v1internal:loadCodeAssist Trace: 0x385c1d567029365d

2026-06-27 23:42:11.586 [error] [LS Main stderr] I0627 23:42:11.586616  3419 http_helpers.go:183] URL: https://daily-cloudcode-pa.googleapis.com/v1internal:loadCodeAssist Trace: 0x6ba6c55aa7b992ab

2026-06-27 23:42:12.491 [error] [LS Main stderr] I0627 23:42:12.490756  3419 http_helpers.go:183] URL: https://daily-cloudcode-pa.googleapis.com/v1internal:fetchAvailableModels Trace: 0xe2a43c23740bb5ae

2026-06-27 23:42:12.575 [error] [LS Main stderr] E0627 23:42:12.575363  3419 log.go:398] failed to check terminal shell support: internal: internal error

2026-06-27 23:42:12.577 [error] [LS Main stderr] E0627 23:42:12.577431  3419 log.go:398] failed to check terminal shell support: internal: internal error

2026-06-27 23:42:14.866 [error] [LS Main stderr] I0627 23:42:14.865812  3419 http_helpers.go:183] URL: https://daily-cloudcode-pa.googleapis.com/v1internal:streamGenerateContent?alt=sse Trace: 0xc108c29237d7a634

2026-06-27 23:42:15.171 [error] [LS Main stderr] I0627 23:42:15.171599  3419 http_helpers.go:183] URL: https://daily-cloudcode-pa.googleapis.com/v1internal:loadCodeAssist Trace: 0x45429c0ed15e1fea

2026-06-27 23:42:16.096 [error] [LS Main stderr] I0627 23:42:16.095562  3419 http_helpers.go:183] URL: https://daily-cloudcode-pa.googleapis.com/v1internal:fetchAvailableModels Trace: 0x6f3ab7ffe8f90d74

2026-06-27 23:42:16.104 [error] [LS Main stderr] E0627 23:42:16.103802  3419 log.go:398] failed to check terminal shell support: internal: internal error

2026-06-27 23:42:16.107 [error] [LS Main stderr] E0627 23:42:16.107609  3419 log.go:398] failed to check terminal shell support: internal: internal error

2026-06-27 23:42:16.112 [error] [LS Main stderr] E0627 23:42:16.111938  3419 log.go:398] failed to check terminal shell support: internal: internal error

2026-06-27 23:42:16.121 [error] [LS Main stderr] E0627 23:42:16.120567  3419 log.go:398] failed to check terminal shell support: internal: internal error

2026-06-27 23:42:18.127 [error] [LS Main stderr] E0627 23:42:18.125573  3419 log.go:398] failed to check terminal shell support: internal: internal error

2026-06-27 23:42:18.128 [error] [LS Main stderr] E0627 23:42:18.128477  3419 log.go:398] failed to check terminal shell support: internal: internal error

2026-06-27 23:42:23.129 [error] [LS Main stderr] I0627 23:42:23.128835  3419 http_helpers.go:183] URL: https://daily-cloudcode-pa.googleapis.com/v1internal:streamGenerateContent?alt=sse Trace: 0x458ca14f46b732df

2026-06-27 23:42:23.180 [error] [LS Main stderr] E0627 23:42:23.180301  3419 log.go:398] failed to check terminal shell support: internal: internal error

2026-06-27 23:42:23.182 [error] [LS Main stderr] E0627 23:42:23.182520  3419 log.go:398] failed to check terminal shell support: internal: internal error

2026-06-27 23:42:23.281 [error] [LS Main stderr] E0627 23:42:23.280977  3419 log.go:398] failed to check terminal shell support: internal: internal error

2026-06-27 23:42:23.286 [error] [LS Main stderr] E0627 23:42:23.286186  3419 log.go:398] failed to check terminal shell support: internal: internal error

2026-06-27 23:42:25.380 [error] [LS Main stderr] E0627 23:42:25.380230  3419 log.go:398] failed to check terminal shell support: internal: internal error

2026-06-27 23:42:25.381 [error] [LS Main stderr] E0627 23:42:25.381577  3419 log.go:398] failed to check terminal shell support: internal: internal error

2026-06-27 23:42:30.433 [error] [LS Main stderr] I0627 23:42:30.433262  3419 http_helpers.go:183] URL: https://daily-cloudcode-pa.googleapis.com/v1internal:streamGenerateContent?alt=sse Trace: 0x46b58627c2247768

2026-06-27 23:42:30.512 [error] [LS Main stderr] E0627 23:42:30.511846  3419 log.go:398] failed to check terminal shell support: internal: internal error

2026-06-27 23:42:30.515 [error] [LS Main stderr] E0627 23:42:30.515669  3419 log.go:398] failed to check terminal shell support: internal: internal error

2026-06-27 23:42:30.541 [error] [LS Main stderr] E0627 23:42:30.541226  3419 log.go:398] failed to check terminal shell support: internal: internal error

2026-06-27 23:42:30.543 [error] [LS Main stderr] E0627 23:42:30.543237  3419 log.go:398] failed to check terminal shell support: internal: internal error

2026-06-27 23:42:30.570 [error] [LS Main stderr] E0627 23:42:30.570172  3419 log.go:398] failed to check terminal shell support: internal: internal error

2026-06-27 23:42:30.572 [error] [LS Main stderr] E0627 23:42:30.572295  3419 log.go:398] failed to check terminal shell support: internal: internal error

2026-06-27 23:42:35.961 [error] [LS Main stderr] I0627 23:42:35.961117  3419 http_helpers.go:183] URL: https://daily-cloudcode-pa.googleapis.com/v1internal:streamGenerateContent?alt=sse Trace: 0x74bafba1f68504aa

2026-06-27 23:42:36.016 [error] [LS Main stderr] E0627 23:42:36.016322  3419 log.go:398] failed to check terminal shell support: internal: internal error

2026-06-27 23:42:36.019 [error] [LS Main stderr] E0627 23:42:36.019313  3419 log.go:398] failed to check terminal shell support: internal: internal error

2026-06-27 23:42:40.719 [error] [LS Main stderr] E0627 23:42:40.718337  3419 log.go:398] failed to check terminal shell support: internal: internal error

2026-06-27 23:42:40.723 [error] [LS Main stderr] E0627 23:42:40.723283  3419 log.go:398] failed to check terminal shell support: internal: internal error

2026-06-27 23:42:42.803 [error] [LS Main stderr] E0627 23:42:42.803341  3419 log.go:398] failed to check terminal shell support: internal: internal error

2026-06-27 23:42:42.804 [error] [LS Main stderr] E0627 23:42:42.804564  3419 log.go:398] failed to check terminal shell support: internal: internal error

2026-06-27 23:42:47.735 [error] [LS Main stderr] I0627 23:42:47.735537  3419 http_helpers.go:183] URL: https://daily-cloudcode-pa.googleapis.com/v1internal:streamGenerateContent?alt=sse Trace: 0x8d0b3ee4549f2bb5

2026-06-27 23:42:47.779 [error] [LS Main stderr] E0627 23:42:47.779503  3419 log.go:398] failed to check terminal shell support: internal: internal error

2026-06-27 23:42:47.783 [error] [LS Main stderr] E0627 23:42:47.782413  3419 log.go:398] failed to check terminal shell support: internal: internal error

2026-06-27 23:42:47.844 [error] [LS Main stderr] E0627 23:42:47.844159  3419 log.go:398] failed to check terminal shell support: internal: internal error

2026-06-27 23:42:47.847 [error] [LS Main stderr] E0627 23:42:47.847311  3419 log.go:398] failed to check terminal shell support: internal: internal error

2026-06-27 23:42:47.916 [error] [LS Main stderr] E0627 23:42:47.915997  3419 log.go:398] failed to check terminal shell support: internal: internal error

2026-06-27 23:42:47.918 [error] [LS Main stderr] E0627 23:42:47.918178  3419 log.go:398] failed to check terminal shell support: internal: internal error

2026-06-27 23:42:52.544 [error] [LS Main stderr] I0627 23:42:52.543998  3419 http_helpers.go:183] URL: https://daily-cloudcode-pa.googleapis.com/v1internal:streamGenerateContent?alt=sse Trace: 0xf36da92af1c471fe

2026-06-27 23:42:52.605 [error] [LS Main stderr] E0627 23:42:52.605233  3419 log.go:398] failed to check terminal shell support: internal: internal error

2026-06-27 23:42:52.610 [error] [LS Main stderr] E0627 23:42:52.610394  3419 log.go:398] failed to check terminal shell support: internal: internal error

2026-06-27 23:42:52.670 [error] [LS Main stderr] E0627 23:42:52.669769  3419 log.go:398] failed to check terminal shell support: internal: internal error

2026-06-27 23:42:52.672 [error] [LS Main stderr] E0627 23:42:52.672359  3419 log.go:398] failed to check terminal shell support: internal: internal error

2026-06-27 23:42:52.748 [error] [LS Main stderr] E0627 23:42:52.748342  3419 log.go:398] failed to check terminal shell support: internal: internal error

2026-06-27 23:42:52.750 [error] [LS Main stderr] E0627 23:42:52.749907  3419 log.go:398] failed to check terminal shell support: internal: internal error

2026-06-27 23:42:57.383 [error] [LS Main stderr] I0627 23:42:57.383159  3419 http_helpers.go:183] URL: https://daily-cloudcode-pa.googleapis.com/v1internal:streamGenerateContent?alt=sse Trace: 0x6ce664fbe515b4d5

2026-06-27 23:42:57.441 [error] [LS Main stderr] E0627 23:42:57.440990  3419 log.go:398] failed to check terminal shell support: internal: internal error

2026-06-27 23:42:57.442 [error] [LS Main stderr] E0627 23:42:57.442596  3419 log.go:398] failed to check terminal shell support: internal: internal error

2026-06-27 23:42:57.924 [error] [LS Main stderr] E0627 23:42:57.924239  3419 log.go:398] failed to check terminal shell support: internal: internal error

2026-06-27 23:42:57.927 [error] [LS Main stderr] E0627 23:42:57.927022  3419 log.go:398] failed to check terminal shell support: internal: internal error

2026-06-27 23:43:08.191 [error] [LS Main stderr] E0627 23:43:08.191007  3419 log.go:398] failed to check terminal shell support: internal: internal error

2026-06-27 23:43:08.197 [error] [LS Main stderr] E0627 23:43:08.197430  3419 log.go:398] failed to check terminal shell support: internal: internal error

2026-06-27 23:43:08.494 [error] [LS Main stderr] E0627 23:43:08.493696  3419 log.go:398] failed to check terminal shell support: internal: internal error

2026-06-27 23:43:08.499 [error] [LS Main stderr] E0627 23:43:08.498416  3419 log.go:398] failed to check terminal shell support: internal: internal error

2026-06-27 23:43:12.813 [error] [LS Main stderr] I0627 23:43:12.813147  3419 http_helpers.go:183] URL: https://daily-cloudcode-pa.googleapis.com/v1internal:streamGenerateContent?alt=sse Trace: 0xa70ce7b3d75c9ab4

2026-06-27 23:43:13.593 [error] [LS Main stderr] E0627 23:43:13.593179  3419 log.go:398] failed to check terminal shell support: internal: internal error

2026-06-27 23:43:13.598 [error] [LS Main stderr] E0627 23:43:13.598345  3419 log.go:398] failed to check terminal shell support: internal: internal error

2026-06-27 23:43:13.789 [error] [LS Main stderr] E0627 23:43:13.789466  3419 log.go:398] failed to check terminal shell support: internal: internal error

2026-06-27 23:43:13.800 [error] [LS Main stderr] E0627 23:43:13.800443  3419 log.go:398] failed to check terminal shell support: internal: internal error

2026-06-27 23:43:13.928 [error] [LS Main stderr] E0627 23:43:13.926732  3419 log.go:398] failed to check terminal shell support: internal: internal error

2026-06-27 23:43:13.933 [error] [LS Main stderr] E0627 23:43:13.933477  3419 log.go:398] failed to check terminal shell support: internal: internal error

2026-06-27 23:43:19.366 [error] [LS Main stderr] I0627 23:43:19.365502  3419 http_helpers.go:183] URL: https://daily-cloudcode-pa.googleapis.com/v1internal:streamGenerateContent?alt=sse Trace: 0x22f96e5062ca5899

2026-06-27 23:43:19.556 [error] [LS Main stderr] E0627 23:43:19.555889  3419 log.go:398] failed to check terminal shell support: internal: internal error

2026-06-27 23:43:19.562 [error] [LS Main stderr] E0627 23:43:19.562447  3419 log.go:398] failed to check terminal shell support: internal: internal error

2026-06-27 23:43:20.285 [error] [LS Main stderr] E0627 23:43:20.284433  3419 log.go:398] failed to check terminal shell support: internal: internal error

2026-06-27 23:43:20.295 [error] [LS Main stderr] E0627 23:43:20.292421  3419 log.go:398] failed to check terminal shell support: internal: internal error

2026-06-27 23:43:20.470 [error] [LS Main stderr] E0627 23:43:20.469487  3419 log.go:398] failed to check terminal shell support: internal: internal error

2026-06-27 23:43:20.477 [error] [LS Main stderr] E0627 23:43:20.477430  3419 log.go:398] failed to check terminal shell support: internal: internal error

2026-06-27 23:43:20.660 [error] [LS Main stderr] E0627 23:43:20.660423  3419 log.go:398] failed to check terminal shell support: internal: internal error

2026-06-27 23:43:20.671 [error] [LS Main stderr] E0627 23:43:20.670482  3419 log.go:398] failed to check terminal shell support: internal: internal error

2026-06-27 23:43:20.795 [error] [LS Main stderr] E0627 23:43:20.792912  3419 log.go:398] failed to check terminal shell support: internal: internal error

2026-06-27 23:43:20.807 [error] [LS Main stderr] E0627 23:43:20.806577  3419 log.go:398] failed to check terminal shell support: internal: internal error

2026-06-27 23:43:24.800 [error] [LS Main stderr] I0627 23:43:24.800629  3419 http_helpers.go:183] URL: https://daily-cloudcode-pa.googleapis.com/v1internal:streamGenerateContent?alt=sse Trace: 0xea7cbc18f5670168

2026-06-27 23:43:24.872 [error] [LS Main stderr] E0627 23:43:24.872438  3419 log.go:398] failed to check terminal shell support: internal: internal error

2026-06-27 23:43:24.875 [error] [LS Main stderr] E0627 23:43:24.875274  3419 log.go:398] failed to check terminal shell support: internal: internal error

2026-06-27 23:43:25.081 [error] [LS Main stderr] E0627 23:43:25.081766  3419 log.go:398] failed to check terminal shell support: internal: internal error

2026-06-27 23:43:25.084 [error] [LS Main stderr] E0627 23:43:25.084187  3419 log.go:398] failed to check terminal shell support: internal: internal error

2026-06-27 23:43:25.152 [error] [LS Main stderr] E0627 23:43:25.150349  3419 log.go:398] failed to check terminal shell support: internal: internal error

2026-06-27 23:43:25.152 [error] [LS Main stderr] E0627 23:43:25.152430  3419 log.go:398] failed to check terminal shell support: internal: internal error

2026-06-27 23:43:25.460 [error] [LS Main stderr] E0627 23:43:25.460064  3419 log.go:398] failed to check terminal shell support: internal: internal error

2026-06-27 23:43:25.462 [error] [LS Main stderr] E0627 23:43:25.462357  3419 log.go:398] failed to check terminal shell support: internal: internal error

2026-06-27 23:43:29.421 [error] [LS Main stderr] I0627 23:43:29.421381  3419 http_helpers.go:183] URL: https://daily-cloudcode-pa.googleapis.com/v1internal:streamGenerateContent?alt=sse Trace: 0x14a57317c43c756e

2026-06-27 23:43:29.461 [error] [LS Main stderr] E0627 23:43:29.460944  3419 log.go:398] failed to check terminal shell support: internal: internal error

2026-06-27 23:43:29.463 [error] [LS Main stderr] E0627 23:43:29.463226  3419 log.go:398] failed to check terminal shell support: internal: internal error

2026-06-27 23:43:29.990 [error] [LS Main stderr] E0627 23:43:29.989795  3419 log.go:398] failed to check terminal shell support: internal: internal error

2026-06-27 23:43:29.992 [error] [LS Main stderr] E0627 23:43:29.992336  3419 log.go:398] failed to check terminal shell support: internal: internal error

2026-06-27 23:43:30.010 [error] [LS Main stderr] E0627 23:43:30.009388  3419 log.go:398] failed to check terminal shell support: internal: internal error

2026-06-27 23:43:30.012 [error] [LS Main stderr] E0627 23:43:30.012051  3419 log.go:398] failed to check terminal shell support: internal: internal error

2026-06-27 23:43:30.024 [error] [LS Main stderr] E0627 23:43:30.024166  3419 log.go:398] failed to check terminal shell support: internal: internal error

2026-06-27 23:43:30.028 [error] [LS Main stderr] E0627 23:43:30.027907  3419 log.go:398] failed to check terminal shell support: internal: internal error

2026-06-27 23:43:30.440 [error] [LS Main stderr] E0627 23:43:30.440606  3419 log.go:398] failed to check terminal shell support: internal: internal error

2026-06-27 23:43:30.442 [error] [LS Main stderr] E0627 23:43:30.442324  3419 log.go:398] failed to check terminal shell support: internal: internal error

2026-06-27 23:43:32.265 [error] [LS Main stderr] I0627 23:43:32.265675  3419 http_helpers.go:183] URL: https://daily-cloudcode-pa.googleapis.com/v1internal:streamGenerateContent?alt=sse Trace: 0x1cfcff35a5deb162

2026-06-27 23:43:37.870 [error] [LS Main stderr] E0627 23:43:37.869904  3419 log.go:398] failed to check terminal shell support: internal: internal error

2026-06-27 23:43:37.873 [error] [LS Main stderr] E0627 23:43:37.872801  3419 log.go:398] failed to check terminal shell support: internal: internal error

2026-06-27 23:43:37.881 [error] [LS Main stderr] E0627 23:43:37.880377  3419 log.go:398] failed to check terminal shell support: internal: internal error

2026-06-27 23:43:37.883 [error] [LS Main stderr] E0627 23:43:37.883415  3419 log.go:398] failed to check terminal shell support: internal: internal error

2026-06-27 23:43:46.878 [error] [LS Main stderr] E0627 23:43:46.878161  3419 log.go:398] failed to check terminal shell support: internal: internal error

2026-06-27 23:43:47.019 [error] [LS Main stderr] E0627 23:43:47.019267  3419 log.go:398] failed to check terminal shell support: internal: internal error

2026-06-27 23:43:47.020 [error] [LS Main stderr] E0627 23:43:47.020446  3419 log.go:398] failed to check terminal shell support: internal: internal error

2026-06-27 23:43:47.044 [error] [LS Main stderr] E0627 23:43:47.043910  3419 log.go:398] failed to check terminal shell support: internal: internal error

2026-06-27 23:43:47.045 [error] [LS Main stderr] E0627 23:43:47.045603  3419 log.go:398] failed to check terminal shell support: internal: internal error

2026-06-27 23:43:47.059 [error] [LS Main stderr] E0627 23:43:47.059312  3419 log.go:398] failed to check terminal shell support: internal: internal error

2026-06-27 23:43:47.060 [error] [LS Main stderr] E0627 23:43:47.060892  3419 log.go:398] failed to check terminal shell support: internal: internal error

2026-06-27 23:43:47.077 [error] [LS Main stderr] E0627 23:43:47.076690  3419 log.go:398] failed to check terminal shell support: internal: internal error

2026-06-27 23:43:47.079 [error] [LS Main stderr] E0627 23:43:47.078916  3419 log.go:398] failed to check terminal shell support: internal: internal error

2026-06-27 23:43:47.443 [error] [LS Main stderr] E0627 23:43:47.443249  3419 log.go:398] failed to check terminal shell support: internal: internal error

2026-06-27 23:43:47.445 [error] [LS Main stderr] E0627 23:43:47.445339  3419 log.go:398] failed to check terminal shell support: internal: internal error

2026-06-27 23:43:52.539 [error] [LS Main stderr] I0627 23:43:52.538718  3419 http_helpers.go:183] URL: https://daily-cloudcode-pa.googleapis.com/v1internal:streamGenerateContent?alt=sse Trace: 0x2c0c71e3a09dc436

2026-06-27 23:43:52.579 [error] [LS Main stderr] E0627 23:43:52.579519  3419 log.go:398] failed to check terminal shell support: internal: internal error

2026-06-27 23:43:52.583 [error] [LS Main stderr] E0627 23:43:52.583552  3419 log.go:398] failed to check terminal shell support: internal: internal error

2026-06-27 23:43:53.678 [error] [LS Main stderr] E0627 23:43:53.678362  3419 log.go:398] failed to check terminal shell support: internal: internal error

2026-06-27 23:43:53.681 [error] [LS Main stderr] E0627 23:43:53.680419  3419 log.go:398] failed to check terminal shell support: internal: internal error

2026-06-27 23:43:53.720 [error] [LS Main stderr] E0627 23:43:53.720356  3419 log.go:398] failed to check terminal shell support: internal: internal error

2026-06-27 23:43:53.723 [error] [LS Main stderr] E0627 23:43:53.723385  3419 log.go:398] failed to check terminal shell support: internal: internal error

2026-06-27 23:43:53.742 [error] [LS Main stderr] E0627 23:43:53.741938  3419 log.go:398] failed to check terminal shell support: internal: internal error

2026-06-27 23:43:53.744 [error] [LS Main stderr] E0627 23:43:53.744239  3419 log.go:398] failed to check terminal shell support: internal: internal error

2026-06-27 23:43:53.808 [error] [LS Main stderr] E0627 23:43:53.808092  3419 log.go:398] failed to check terminal shell support: internal: internal error

2026-06-27 23:43:53.812 [error] [LS Main stderr] E0627 23:43:53.811390  3419 log.go:398] failed to check terminal shell support: internal: internal error

2026-06-27 23:44:02.983 [error] [LS Main stderr] I0627 23:44:02.982689  3419 http_helpers.go:183] URL: https://daily-cloudcode-pa.googleapis.com/v1internal:streamGenerateContent?alt=sse Trace: 0xc4488bcce1a5c500

2026-06-27 23:44:03.053 [error] [LS Main stderr] E0627 23:44:03.053307  3419 log.go:398] failed to check terminal shell support: internal: internal error

2026-06-27 23:44:03.056 [error] [LS Main stderr] E0627 23:44:03.056304  3419 log.go:398] failed to check terminal shell support: internal: internal error

2026-06-27 23:44:03.074 [error] [LS Main stderr] E0627 23:44:03.073682  3419 log.go:398] failed to check terminal shell support: internal: internal error

2026-06-27 23:44:03.075 [error] [LS Main stderr] E0627 23:44:03.075297  3419 log.go:398] failed to check terminal shell support: internal: internal error

2026-06-27 23:44:03.093 [error] [LS Main stderr] E0627 23:44:03.092884  3419 log.go:398] failed to check terminal shell support: internal: internal error

2026-06-27 23:44:03.095 [error] [LS Main stderr] E0627 23:44:03.095724  3419 log.go:398] failed to check terminal shell support: internal: internal error

2026-06-27 23:44:03.113 [error] [LS Main stderr] E0627 23:44:03.113271  3419 log.go:398] failed to check terminal shell support: internal: internal error

2026-06-27 23:44:03.120 [error] [LS Main stderr] E0627 23:44:03.120378  3419 log.go:398] failed to check terminal shell support: internal: internal error

2026-06-27 23:44:03.166 [error] [LS Main stderr] E0627 23:44:03.166028  3419 log.go:398] failed to check terminal shell support: internal: internal error

2026-06-27 23:44:03.167 [error] [LS Main stderr] E0627 23:44:03.167784  3419 log.go:398] failed to check terminal shell support: internal: internal error

2026-06-27 23:44:08.351 [error] [LS Main stderr] I0627 23:44:08.351404  3419 http_helpers.go:183] URL: https://daily-cloudcode-pa.googleapis.com/v1internal:streamGenerateContent?alt=sse Trace: 0x3dae4f3d346215af

2026-06-27 23:44:08.400 [error] [LS Main stderr] E0627 23:44:08.400304  3419 log.go:398] failed to check terminal shell support: internal: internal error

2026-06-27 23:44:08.403 [error] [LS Main stderr] E0627 23:44:08.403152  3419 log.go:398] failed to check terminal shell support: internal: internal error

2026-06-27 23:44:09.957 [error] [LS Main stderr] E0627 23:44:09.957410  3419 log.go:398] failed to check terminal shell support: internal: internal error

2026-06-27 23:44:09.959 [error] [LS Main stderr] E0627 23:44:09.958904  3419 log.go:398] failed to check terminal shell support: internal: internal error

2026-06-27 23:44:10.448 [error] [LS Main stderr] E0627 23:44:10.448332  3419 log.go:398] failed to check terminal shell support: internal: internal error

2026-06-27 23:44:10.452 [error] [LS Main stderr] E0627 23:44:10.451144  3419 log.go:398] failed to check terminal shell support: internal: internal error

2026-06-27 23:46:07.450 [error] [LS Main stderr] E0627 23:46:07.450392  3419 log.go:398] failed to check terminal shell support: internal: internal error

2026-06-27 23:46:07.456 [error] [LS Main stderr] E0627 23:46:07.456872  3419 log.go:398] failed to check terminal shell support: internal: internal error

2026-06-27 23:46:07.459 [error] [LS Main stderr] E0627 23:46:07.459104  3419 log.go:398] failed to check terminal shell support: internal: internal error

2026-06-27 23:46:07.478 [error] [LS Main stderr] E0627 23:46:07.478014  3419 log.go:398] failed to check terminal shell support: internal: internal error

2026-06-27 23:46:07.480 [error] [LS Main stderr] E0627 23:46:07.480820  3419 log.go:398] failed to check terminal shell support: internal: internal error

2026-06-27 23:46:07.510 [error] [LS Main stderr] E0627 23:46:07.510358  3419 log.go:398] failed to check terminal shell support: internal: internal error

2026-06-27 23:46:07.512 [error] [LS Main stderr] E0627 23:46:07.512889  3419 log.go:398] failed to check terminal shell support: internal: internal error

2026-06-27 23:46:07.622 [error] [LS Main stderr] E0627 23:46:07.622460  3419 log.go:398] failed to check terminal shell support: internal: internal error

2026-06-27 23:46:07.624 [error] [LS Main stderr] E0627 23:46:07.623646  3419 log.go:398] failed to check terminal shell support: internal: internal error

2026-06-27 23:46:08.450 [error] [LS Main stderr] E0627 23:46:08.449759  3419 log.go:398] failed to check terminal shell support: internal: internal error

2026-06-27 23:46:08.451 [error] [LS Main stderr] E0627 23:46:08.451614  3419 log.go:398] failed to check terminal shell support: internal: internal error

2026-06-27 23:46:13.221 [error] [LS Main stderr] I0627 23:46:13.221183  3419 http_helpers.go:183] URL: https://daily-cloudcode-pa.googleapis.com/v1internal:streamGenerateContent?alt=sse Trace: 0x53263fd3e74aa942

2026-06-27 23:46:13.278 [error] [LS Main stderr] E0627 23:46:13.277958  3419 log.go:398] failed to check terminal shell support: internal: internal error

2026-06-27 23:46:13.280 [error] [LS Main stderr] E0627 23:46:13.279719  3419 log.go:398] failed to check terminal shell support: internal: internal error

2026-06-27 23:46:13.721 [error] [LS Main stderr] E0627 23:46:13.720606  3419 log.go:398] failed to check terminal shell support: internal: internal error

2026-06-27 23:46:13.723 [error] [LS Main stderr] E0627 23:46:13.723365  3419 log.go:398] failed to check terminal shell support: internal: internal error

2026-06-27 23:46:13.747 [error] [LS Main stderr] E0627 23:46:13.746974  3419 log.go:398] failed to check terminal shell support: internal: internal error

2026-06-27 23:46:13.748 [error] [LS Main stderr] E0627 23:46:13.748707  3419 log.go:398] failed to check terminal shell support: internal: internal error

2026-06-27 23:46:18.682 [error] [LS Main stderr] I0627 23:46:18.681968  3419 http_helpers.go:183] URL: https://daily-cloudcode-pa.googleapis.com/v1internal:streamGenerateContent?alt=sse Trace: 0x9a11e8a5ff336a5f

2026-06-27 23:46:18.744 [error] [LS Main stderr] E0627 23:46:18.744176  3419 log.go:398] failed to check terminal shell support: internal: internal error

2026-06-27 23:46:18.748 [error] [LS Main stderr] E0627 23:46:18.748381  3419 log.go:398] failed to check terminal shell support: internal: internal error

2026-06-27 23:46:18.919 [error] [LS Main stderr] E0627 23:46:18.919846  3419 log.go:398] failed to check terminal shell support: internal: internal error

2026-06-27 23:46:18.922 [error] [LS Main stderr] E0627 23:46:18.922070  3419 log.go:398] failed to check terminal shell support: internal: internal error

2026-06-27 23:46:18.937 [error] [LS Main stderr] E0627 23:46:18.937034  3419 log.go:398] failed to check terminal shell support: internal: internal error

2026-06-27 23:46:18.939 [error] [LS Main stderr] E0627 23:46:18.939285  3419 log.go:398] failed to check terminal shell support: internal: internal error

2026-06-27 23:46:23.885 [error] [LS Main stderr] I0627 23:46:23.885536  3419 http_helpers.go:183] URL: https://daily-cloudcode-pa.googleapis.com/v1internal:streamGenerateContent?alt=sse Trace: 0x2f1493e97d633674

2026-06-27 23:46:23.952 [error] [LS Main stderr] E0627 23:46:23.952085  3419 log.go:398] failed to check terminal shell support: internal: internal error

2026-06-27 23:46:23.953 [error] [LS Main stderr] E0627 23:46:23.953421  3419 log.go:398] failed to check terminal shell support: internal: internal error

2026-06-27 23:46:24.079 [error] [LS Main stderr] E0627 23:46:24.079172  3419 log.go:398] failed to check terminal shell support: internal: internal error

2026-06-27 23:46:24.080 [error] [LS Main stderr] E0627 23:46:24.080713  3419 log.go:398] failed to check terminal shell support: internal: internal error

2026-06-27 23:46:24.371 [error] [LS Main stderr] E0627 23:46:24.370316  3419 log.go:398] failed to check terminal shell support: internal: internal error

2026-06-27 23:46:24.372 [error] [LS Main stderr] E0627 23:46:24.372667  3419 log.go:398] failed to check terminal shell support: internal: internal error

2026-06-27 23:46:29.517 [error] [LS Main stderr] I0627 23:46:29.516865  3419 http_helpers.go:183] URL: https://daily-cloudcode-pa.googleapis.com/v1internal:streamGenerateContent?alt=sse Trace: 0x9d360861aaf8d9e6

2026-06-27 23:46:29.574 [error] [LS Main stderr] E0627 23:46:29.574189  3419 log.go:398] failed to check terminal shell support: internal: internal error

2026-06-27 23:46:29.582 [error] [LS Main stderr] E0627 23:46:29.582328  3419 log.go:398] failed to check terminal shell support: internal: internal error

2026-06-27 23:46:29.706 [error] [LS Main stderr] E0627 23:46:29.705949  3419 log.go:398] failed to check terminal shell support: internal: internal error

2026-06-27 23:46:29.709 [error] [LS Main stderr] E0627 23:46:29.709411  3419 log.go:398] failed to check terminal shell support: internal: internal error

2026-06-27 23:46:29.740 [error] [LS Main stderr] E0627 23:46:29.739642  3419 log.go:398] failed to check terminal shell support: internal: internal error

2026-06-27 23:46:29.742 [error] [LS Main stderr] E0627 23:46:29.741996  3419 log.go:398] failed to check terminal shell support: internal: internal error

2026-06-27 23:46:34.943 [error] [LS Main stderr] I0627 23:46:34.943585  3419 http_helpers.go:183] URL: https://daily-cloudcode-pa.googleapis.com/v1internal:streamGenerateContent?alt=sse Trace: 0xf474d13e28c5e5f5

2026-06-27 23:46:35.022 [error] [LS Main stderr] E0627 23:46:35.022441  3419 log.go:398] failed to check terminal shell support: internal: internal error

2026-06-27 23:46:35.026 [error] [LS Main stderr] E0627 23:46:35.025429  3419 log.go:398] failed to check terminal shell support: internal: internal error

2026-06-27 23:46:35.056 [error] [LS Main stderr] E0627 23:46:35.056407  3419 log.go:398] failed to check terminal shell support: internal: internal error

2026-06-27 23:46:35.058 [error] [LS Main stderr] E0627 23:46:35.058769  3419 log.go:398] failed to check terminal shell support: internal: internal error

2026-06-27 23:46:35.105 [error] [LS Main stderr] E0627 23:46:35.104208  3419 log.go:398] failed to check terminal shell support: internal: internal error

2026-06-27 23:46:35.107 [error] [LS Main stderr] E0627 23:46:35.107417  3419 log.go:398] failed to check terminal shell support: internal: internal error

2026-06-27 23:46:40.473 [error] [LS Main stderr] I0627 23:46:40.473445  3419 http_helpers.go:183] URL: https://daily-cloudcode-pa.googleapis.com/v1internal:streamGenerateContent?alt=sse Trace: 0xf8fd1f88ea851d5e

2026-06-27 23:46:40.533 [error] [LS Main stderr] E0627 23:46:40.533361  3419 log.go:398] failed to check terminal shell support: internal: internal error

2026-06-27 23:46:40.540 [error] [LS Main stderr] E0627 23:46:40.540038  3419 log.go:398] failed to check terminal shell support: internal: internal error

2026-06-27 23:46:40.624 [error] [LS Main stderr] E0627 23:46:40.624579  3419 log.go:398] failed to check terminal shell support: internal: internal error

2026-06-27 23:46:40.625 [error] [LS Main stderr] E0627 23:46:40.625736  3419 log.go:398] failed to check terminal shell support: internal: internal error

2026-06-27 23:46:40.724 [error] [LS Main stderr] E0627 23:46:40.724355  3419 log.go:398] failed to check terminal shell support: internal: internal error

2026-06-27 23:46:40.727 [error] [LS Main stderr] E0627 23:46:40.727007  3419 log.go:398] failed to check terminal shell support: internal: internal error

2026-06-27 23:46:46.003 [error] [LS Main stderr] I0627 23:46:46.002835  3419 http_helpers.go:183] URL: https://daily-cloudcode-pa.googleapis.com/v1internal:streamGenerateContent?alt=sse Trace: 0xbf4fe8aa9dd49b4c

2026-06-27 23:46:46.076 [error] [LS Main stderr] E0627 23:46:46.076485  3419 log.go:398] failed to check terminal shell support: internal: internal error

2026-06-27 23:46:46.081 [error] [LS Main stderr] E0627 23:46:46.080334  3419 log.go:398] failed to check terminal shell support: internal: internal error

2026-06-27 23:46:46.137 [error] [LS Main stderr] E0627 23:46:46.136416  3419 log.go:398] failed to check terminal shell support: internal: internal error

2026-06-27 23:46:46.139 [error] [LS Main stderr] E0627 23:46:46.138930  3419 log.go:398] failed to check terminal shell support: internal: internal error

2026-06-27 23:46:46.166 [error] [LS Main stderr] E0627 23:46:46.165732  3419 log.go:398] failed to check terminal shell support: internal: internal error

2026-06-27 23:46:46.167 [error] [LS Main stderr] E0627 23:46:46.167877  3419 log.go:398] failed to check terminal shell support: internal: internal error

2026-06-27 23:46:51.327 [error] [LS Main stderr] I0627 23:46:51.326976  3419 http_helpers.go:183] URL: https://daily-cloudcode-pa.googleapis.com/v1internal:streamGenerateContent?alt=sse Trace: 0x401377e6be6ed0c8

2026-06-27 23:46:51.387 [error] [LS Main stderr] E0627 23:46:51.387310  3419 log.go:398] failed to check terminal shell support: internal: internal error

2026-06-27 23:46:51.389 [error] [LS Main stderr] E0627 23:46:51.389085  3419 log.go:398] failed to check terminal shell support: internal: internal error

2026-06-27 23:46:51.820 [error] [LS Main stderr] E0627 23:46:51.820594  3419 log.go:398] failed to check terminal shell support: internal: internal error

2026-06-27 23:46:51.822 [error] [LS Main stderr] E0627 23:46:51.822670  3419 log.go:398] failed to check terminal shell support: internal: internal error

2026-06-27 23:46:51.867 [error] [LS Main stderr] E0627 23:46:51.866383  3419 log.go:398] failed to check terminal shell support: internal: internal error

2026-06-27 23:46:51.868 [error] [LS Main stderr] E0627 23:46:51.868359  3419 log.go:398] failed to check terminal shell support: internal: internal error

2026-06-27 23:46:56.917 [error] [LS Main stderr] I0627 23:46:56.917482  3419 http_helpers.go:183] URL: https://daily-cloudcode-pa.googleapis.com/v1internal:streamGenerateContent?alt=sse Trace: 0x29870d59dd7aa88f

2026-06-27 23:46:56.977 [error] [LS Main stderr] E0627 23:46:56.977427  3419 log.go:398] failed to check terminal shell support: internal: internal error

2026-06-27 23:46:56.980 [error] [LS Main stderr] E0627 23:46:56.980586  3419 log.go:398] failed to check terminal shell support: internal: internal error

2026-06-27 23:46:57.139 [error] [LS Main stderr] E0627 23:46:57.138101  3419 log.go:398] failed to check terminal shell support: internal: internal error

2026-06-27 23:46:57.141 [error] [LS Main stderr] E0627 23:46:57.141382  3419 log.go:398] failed to check terminal shell support: internal: internal error

2026-06-27 23:46:57.195 [error] [LS Main stderr] E0627 23:46:57.195368  3419 log.go:398] failed to check terminal shell support: internal: internal error

2026-06-27 23:46:57.198 [error] [LS Main stderr] E0627 23:46:57.197915  3419 log.go:398] failed to check terminal shell support: internal: internal error

2026-06-27 23:47:01.165 [error] [LS Main stderr] I0627 23:47:01.165300  3419 http_helpers.go:183] URL: https://daily-cloudcode-pa.googleapis.com/v1internal:loadCodeAssist Trace: 0x54c82b5a2ad1e5da

2026-06-27 23:47:01.999 [error] [LS Main stderr] I0627 23:47:01.998898  3419 http_helpers.go:183] URL: https://daily-cloudcode-pa.googleapis.com/v1internal:fetchAvailableModels Trace: 0x9315959012ba8a8d

2026-06-27 23:47:02.007 [error] [LS Main stderr] E0627 23:47:02.007179  3419 log.go:398] failed to check terminal shell support: internal: internal error

2026-06-27 23:47:02.009 [error] [LS Main stderr] E0627 23:47:02.009087  3419 log.go:398] failed to check terminal shell support: internal: internal error

2026-06-27 23:47:02.010 [error] [LS Main stderr] E0627 23:47:02.010754  3419 log.go:398] failed to check terminal shell support: internal: internal error

2026-06-27 23:47:02.012 [error] [LS Main stderr] E0627 23:47:02.012708  3419 log.go:398] failed to check terminal shell support: internal: internal error

2026-06-27 23:47:02.460 [error] [LS Main stderr] I0627 23:47:02.460422  3419 http_helpers.go:183] URL: https://daily-cloudcode-pa.googleapis.com/v1internal:streamGenerateContent?alt=sse Trace: 0x95891811ade0a6e7

2026-06-27 23:47:02.512 [error] [LS Main stderr] E0627 23:47:02.512366  3419 log.go:398] failed to check terminal shell support: internal: internal error

2026-06-27 23:47:02.519 [error] [LS Main stderr] E0627 23:47:02.519173  3419 log.go:398] failed to check terminal shell support: internal: internal error

2026-06-27 23:47:02.681 [error] [LS Main stderr] E0627 23:47:02.681409  3419 log.go:398] failed to check terminal shell support: internal: internal error

2026-06-27 23:47:02.687 [error] [LS Main stderr] E0627 23:47:02.687051  3419 log.go:398] failed to check terminal shell support: internal: internal error

2026-06-27 23:47:02.795 [error] [LS Main stderr] E0627 23:47:02.795349  3419 log.go:398] failed to check terminal shell support: internal: internal error

2026-06-27 23:47:02.797 [error] [LS Main stderr] E0627 23:47:02.797699  3419 log.go:398] failed to check terminal shell support: internal: internal error

2026-06-27 23:47:02.805 [error] [LS Main stderr] E0627 23:47:02.805188  3419 log.go:398] failed to check terminal shell support: internal: internal error

2026-06-27 23:47:02.808 [error] [LS Main stderr] E0627 23:47:02.808356  3419 log.go:398] failed to check terminal shell support: internal: internal error

2026-06-27 23:47:04.805 [error] [LS Main stderr] E0627 23:47:04.805506  3419 log.go:398] failed to check terminal shell support: internal: internal error

2026-06-27 23:47:04.807 [error] [LS Main stderr] E0627 23:47:04.807350  3419 log.go:398] failed to check terminal shell support: internal: internal error

2026-06-27 23:47:10.066 [error] [LS Main stderr] I0627 23:47:10.066248  3419 http_helpers.go:183] URL: https://daily-cloudcode-pa.googleapis.com/v1internal:streamGenerateContent?alt=sse Trace: 0x21db2a1063222efa

2026-06-27 23:47:10.145 [error] [LS Main stderr] E0627 23:47:10.145799  3419 log.go:398] failed to check terminal shell support: internal: internal error

2026-06-27 23:47:10.150 [error] [LS Main stderr] E0627 23:47:10.150231  3419 log.go:398] failed to check terminal shell support: internal: internal error

2026-06-27 23:47:10.381 [error] [LS Main stderr] E0627 23:47:10.381367  3419 log.go:398] failed to check terminal shell support: internal: internal error

2026-06-27 23:47:10.383 [error] [LS Main stderr] E0627 23:47:10.383432  3419 log.go:398] failed to check terminal shell support: internal: internal error

2026-06-27 23:47:10.418 [error] [LS Main stderr] E0627 23:47:10.418287  3419 log.go:398] failed to check terminal shell support: internal: internal error

2026-06-27 23:47:10.424 [error] [LS Main stderr] E0627 23:47:10.424780  3419 log.go:398] failed to check terminal shell support: internal: internal error

2026-06-27 23:47:19.796 [error] [LS Main stderr] I0627 23:47:19.795770  3419 http_helpers.go:183] URL: https://daily-cloudcode-pa.googleapis.com/v1internal:streamGenerateContent?alt=sse Trace: 0xdb603022a9a070ac

2026-06-27 23:47:19.863 [error] [LS Main stderr] E0627 23:47:19.862884  3419 log.go:398] failed to check terminal shell support: internal: internal error

2026-06-27 23:47:19.865 [error] [LS Main stderr] E0627 23:47:19.865414  3419 log.go:398] failed to check terminal shell support: internal: internal error

2026-06-27 23:47:20.269 [error] [LS Main stderr] E0627 23:47:20.269403  3419 log.go:398] failed to check terminal shell support: internal: internal error

2026-06-27 23:47:20.273 [error] [LS Main stderr] E0627 23:47:20.272383  3419 log.go:398] failed to check terminal shell support: internal: internal error

2026-06-27 23:47:20.356 [error] [LS Main stderr] E0627 23:47:20.356384  3419 log.go:398] failed to check terminal shell support: internal: internal error

2026-06-27 23:47:20.360 [error] [LS Main stderr] E0627 23:47:20.359754  3419 log.go:398] failed to check terminal shell support: internal: internal error

2026-06-27 23:47:20.396 [error] [LS Main stderr] E0627 23:47:20.395894  3419 log.go:398] failed to check terminal shell support: internal: internal error

2026-06-27 23:47:20.398 [error] [LS Main stderr] E0627 23:47:20.398518  3419 log.go:398] failed to check terminal shell support: internal: internal error

2026-06-27 23:47:20.419 [error] [LS Main stderr] E0627 23:47:20.419410  3419 log.go:398] failed to check terminal shell support: internal: internal error

2026-06-27 23:47:20.421 [error] [LS Main stderr] E0627 23:47:20.421341  3419 log.go:398] failed to check terminal shell support: internal: internal error

2026-06-27 23:47:25.324 [error] [LS Main stderr] I0627 23:47:25.323765  3419 http_helpers.go:183] URL: https://daily-cloudcode-pa.googleapis.com/v1internal:streamGenerateContent?alt=sse Trace: 0xd50a4bcaef4e14e0

2026-06-27 23:47:25.370 [error] [LS Main stderr] E0627 23:47:25.370098  3419 log.go:398] failed to check terminal shell support: internal: internal error

2026-06-27 23:47:25.372 [error] [LS Main stderr] E0627 23:47:25.371914  3419 log.go:398] failed to check terminal shell support: internal: internal error

2026-06-27 23:47:26.394 [error] [LS Main stderr] E0627 23:47:26.394387  3419 log.go:398] failed to check terminal shell support: internal: internal error

2026-06-27 23:47:26.403 [error] [LS Main stderr] E0627 23:47:26.403055  3419 log.go:398] failed to check terminal shell support: internal: internal error

2026-06-27 23:47:26.452 [error] [LS Main stderr] E0627 23:47:26.451701  3419 log.go:398] failed to check terminal shell support: internal: internal error

2026-06-27 23:47:26.458 [error] [LS Main stderr] E0627 23:47:26.458236  3419 log.go:398] failed to check terminal shell support: internal: internal error

2026-06-27 23:47:38.047 [error] [LS Main stderr] E0627 23:47:38.047065  3419 log.go:398] failed to check terminal shell support: internal: internal error

2026-06-27 23:47:38.052 [error] [LS Main stderr] E0627 23:47:38.050390  3419 log.go:398] failed to check terminal shell support: internal: internal error
E0627 23:47:38.052473  3419 log.go:398] failed to check terminal shell support: internal: internal error

2026-06-27 23:47:38.057 [error] [LS Main stderr] E0627 23:47:38.056075  3419 log.go:398] failed to check terminal shell support: internal: internal error

2026-06-27 23:47:54.567 [error] [LS Main stderr] E0627 23:47:54.566333  3419 log.go:398] failed to check terminal shell support: internal: internal error

2026-06-27 23:47:54.570 [error] [LS Main stderr] E0627 23:47:54.567875  3419 log.go:398] failed to check terminal shell support: internal: internal error

2026-06-27 23:47:54.570 [error] [LS Main stderr] E0627 23:47:54.570327  3419 log.go:398] failed to check terminal shell support: internal: internal error

2026-06-27 23:47:54.595 [error] [LS Main stderr] E0627 23:47:54.595390  3419 log.go:398] failed to check terminal shell support: internal: internal error

2026-06-27 23:47:54.597 [error] [LS Main stderr] E0627 23:47:54.597355  3419 log.go:398] failed to check terminal shell support: internal: internal error

2026-06-27 23:47:54.605 [error] [LS Main stderr] E0627 23:47:54.605406  3419 log.go:398] failed to check terminal shell support: internal: internal error

2026-06-27 23:47:54.607 [error] [LS Main stderr] E0627 23:47:54.607662  3419 log.go:398] failed to check terminal shell support: internal: internal error

2026-06-27 23:47:54.693 [error] [LS Main stderr] E0627 23:47:54.693650  3419 log.go:398] failed to check terminal shell support: internal: internal error

2026-06-27 23:47:54.696 [error] [LS Main stderr] E0627 23:47:54.696406  3419 log.go:398] failed to check terminal shell support: internal: internal error

2026-06-27 23:47:54.739 [error] [LS Main stderr] E0627 23:47:54.738616  3419 log.go:398] failed to check terminal shell support: internal: internal error

2026-06-27 23:47:54.741 [error] [LS Main stderr] E0627 23:47:54.741389  3419 log.go:398] failed to check terminal shell support: internal: internal error

2026-06-27 23:47:55.449 [error] [LS Main stderr] E0627 23:47:55.449204  3419 log.go:398] failed to check terminal shell support: internal: internal error

2026-06-27 23:47:55.450 [error] [LS Main stderr] E0627 23:47:55.450627  3419 log.go:398] failed to check terminal shell support: internal: internal error

2026-06-27 23:48:01.040 [error] [LS Main stderr] I0627 23:48:01.040454  3419 http_helpers.go:183] URL: https://daily-cloudcode-pa.googleapis.com/v1internal:streamGenerateContent?alt=sse Trace: 0x8ad862f1af6fcb3c

2026-06-27 23:48:01.115 [error] [LS Main stderr] E0627 23:48:01.115235  3419 log.go:398] failed to check terminal shell support: internal: internal error

2026-06-27 23:48:01.116 [error] [LS Main stderr] E0627 23:48:01.116432  3419 log.go:398] failed to check terminal shell support: internal: internal error

2026-06-27 23:48:01.337 [error] [LS Main stderr] E0627 23:48:01.337280  3419 log.go:398] failed to check terminal shell support: internal: internal error

2026-06-27 23:48:01.339 [error] [LS Main stderr] E0627 23:48:01.339358  3419 log.go:398] failed to check terminal shell support: internal: internal error

2026-06-27 23:48:01.383 [error] [LS Main stderr] E0627 23:48:01.383247  3419 log.go:398] failed to check terminal shell support: internal: internal error

2026-06-27 23:48:01.385 [error] [LS Main stderr] E0627 23:48:01.385058  3419 log.go:398] failed to check terminal shell support: internal: internal error

2026-06-27 23:48:06.388 [error] [LS Main stderr] I0627 23:48:06.387318  3419 http_helpers.go:183] URL: https://daily-cloudcode-pa.googleapis.com/v1internal:streamGenerateContent?alt=sse Trace: 0x3ded7b36f63aa53d

2026-06-27 23:48:06.444 [error] [LS Main stderr] E0627 23:48:06.443901  3419 log.go:398] failed to check terminal shell support: internal: internal error

2026-06-27 23:48:06.446 [error] [LS Main stderr] E0627 23:48:06.446355  3419 log.go:398] failed to check terminal shell support: internal: internal error

2026-06-27 23:48:06.762 [error] [LS Main stderr] E0627 23:48:06.761962  3419 log.go:398] failed to check terminal shell support: internal: internal error

2026-06-27 23:48:06.763 [error] [LS Main stderr] E0627 23:48:06.763205  3419 log.go:398] failed to check terminal shell support: internal: internal error

2026-06-27 23:48:06.805 [error] [LS Main stderr] E0627 23:48:06.804652  3419 log.go:398] failed to check terminal shell support: internal: internal error

2026-06-27 23:48:06.807 [error] [LS Main stderr] E0627 23:48:06.806857  3419 log.go:398] failed to check terminal shell support: internal: internal error

2026-06-27 23:48:12.222 [error] [LS Main stderr] I0627 23:48:12.222061  3419 http_helpers.go:183] URL: https://daily-cloudcode-pa.googleapis.com/v1internal:streamGenerateContent?alt=sse Trace: 0xa745c275dd452224

2026-06-27 23:48:12.277 [error] [LS Main stderr] E0627 23:48:12.277628  3419 log.go:398] failed to check terminal shell support: internal: internal error

2026-06-27 23:48:12.280 [error] [LS Main stderr] E0627 23:48:12.279328  3419 log.go:398] failed to check terminal shell support: internal: internal error

2026-06-27 23:48:12.343 [error] [LS Main stderr] E0627 23:48:12.343342  3419 log.go:398] failed to check terminal shell support: internal: internal error

2026-06-27 23:48:12.345 [error] [LS Main stderr] E0627 23:48:12.345391  3419 log.go:398] failed to check terminal shell support: internal: internal error

2026-06-27 23:48:12.425 [error] [LS Main stderr] E0627 23:48:12.425331  3419 log.go:398] failed to check terminal shell support: internal: internal error

2026-06-27 23:48:12.427 [error] [LS Main stderr] E0627 23:48:12.427418  3419 log.go:398] failed to check terminal shell support: internal: internal error

2026-06-27 23:48:18.161 [error] [LS Main stderr] I0627 23:48:18.161481  3419 http_helpers.go:183] URL: https://daily-cloudcode-pa.googleapis.com/v1internal:streamGenerateContent?alt=sse Trace: 0xf64d7d5052eccd2

2026-06-27 23:48:18.211 [error] [LS Main stderr] E0627 23:48:18.211286  3419 log.go:398] failed to check terminal shell support: internal: internal error

2026-06-27 23:48:18.217 [error] [LS Main stderr] E0627 23:48:18.217019  3419 log.go:398] failed to check terminal shell support: internal: internal error

2026-06-27 23:48:18.717 [error] [LS Main stderr] E0627 23:48:18.717382  3419 log.go:398] failed to check terminal shell support: internal: internal error

2026-06-27 23:48:18.719 [error] [LS Main stderr] E0627 23:48:18.719016  3419 log.go:398] failed to check terminal shell support: internal: internal error

2026-06-27 23:48:18.794 [error] [LS Main stderr] E0627 23:48:18.793600  3419 log.go:398] failed to check terminal shell support: internal: internal error

2026-06-27 23:48:18.797 [error] [LS Main stderr] E0627 23:48:18.796874  3419 log.go:398] failed to check terminal shell support: internal: internal error

2026-06-27 23:48:18.803 [error] [LS Main stderr] E0627 23:48:18.802859  3419 log.go:398] failed to check terminal shell support: internal: internal error

2026-06-27 23:48:18.804 [error] [LS Main stderr] E0627 23:48:18.804315  3419 log.go:398] failed to check terminal shell support: internal: internal error

2026-06-27 23:48:20.795 [error] [LS Main stderr] E0627 23:48:20.795126  3419 log.go:398] failed to check terminal shell support: internal: internal error

2026-06-27 23:48:20.796 [error] [LS Main stderr] E0627 23:48:20.796446  3419 log.go:398] failed to check terminal shell support: internal: internal error

2026-06-27 23:48:26.046 [error] [LS Main stderr] I0627 23:48:26.045745  3419 http_helpers.go:183] URL: https://daily-cloudcode-pa.googleapis.com/v1internal:streamGenerateContent?alt=sse Trace: 0xe6415e4ac17721fc

2026-06-27 23:48:26.103 [error] [LS Main stderr] E0627 23:48:26.102668  3419 log.go:398] failed to check terminal shell support: internal: internal error

2026-06-27 23:48:26.103 [error] [LS Main stderr] E0627 23:48:26.103758  3419 log.go:398] failed to check terminal shell support: internal: internal error

2026-06-27 23:48:26.151 [error] [LS Main stderr] E0627 23:48:26.151557  3419 log.go:398] failed to check terminal shell support: internal: internal error

2026-06-27 23:48:26.152 [error] [LS Main stderr] E0627 23:48:26.152650  3419 log.go:398] failed to check terminal shell support: internal: internal error

2026-06-27 23:48:26.937 [error] [LS Main stderr] E0627 23:48:26.937599  3419 log.go:398] failed to check terminal shell support: internal: internal error

2026-06-27 23:48:26.939 [error] [LS Main stderr] E0627 23:48:26.939338  3419 log.go:398] failed to check terminal shell support: internal: internal error

2026-06-27 23:48:32.701 [error] [LS Main stderr] I0627 23:48:32.701014  3419 http_helpers.go:183] URL: https://daily-cloudcode-pa.googleapis.com/v1internal:streamGenerateContent?alt=sse Trace: 0xcf7bf0d5852ce51f

2026-06-27 23:48:32.754 [error] [LS Main stderr] E0627 23:48:32.754374  3419 log.go:398] failed to check terminal shell support: internal: internal error

2026-06-27 23:48:32.756 [error] [LS Main stderr] E0627 23:48:32.756077  3419 log.go:398] failed to check terminal shell support: internal: internal error

2026-06-27 23:48:34.192 [error] [LS Main stderr] E0627 23:48:34.192324  3419 log.go:398] failed to check terminal shell support: internal: internal error

2026-06-27 23:48:34.194 [error] [LS Main stderr] E0627 23:48:34.194237  3419 log.go:398] failed to check terminal shell support: internal: internal error

2026-06-27 23:48:34.342 [error] [LS Main stderr] E0627 23:48:34.342367  3419 log.go:398] failed to check terminal shell support: internal: internal error

2026-06-27 23:48:34.345 [error] [LS Main stderr] E0627 23:48:34.345143  3419 log.go:398] failed to check terminal shell support: internal: internal error

2026-06-27 23:48:39.665 [error] [LS Main stderr] I0627 23:48:39.664889  3419 http_helpers.go:183] URL: https://daily-cloudcode-pa.googleapis.com/v1internal:streamGenerateContent?alt=sse Trace: 0x56a8c55e04bba267

2026-06-27 23:48:39.735 [error] [LS Main stderr] E0627 23:48:39.735387  3419 log.go:398] failed to check terminal shell support: internal: internal error

2026-06-27 23:48:39.738 [error] [LS Main stderr] E0627 23:48:39.738404  3419 log.go:398] failed to check terminal shell support: internal: internal error

2026-06-27 23:48:39.762 [error] [LS Main stderr] E0627 23:48:39.761760  3419 log.go:398] failed to check terminal shell support: internal: internal error

2026-06-27 23:48:39.764 [error] [LS Main stderr] E0627 23:48:39.764109  3419 log.go:398] failed to check terminal shell support: internal: internal error

2026-06-27 23:48:40.619 [error] [LS Main stderr] E0627 23:48:40.618752  3419 log.go:398] failed to check terminal shell support: internal: internal error

2026-06-27 23:48:40.620 [error] [LS Main stderr] E0627 23:48:40.620374  3419 log.go:398] failed to check terminal shell support: internal: internal error

2026-06-27 23:48:45.861 [error] [LS Main stderr] I0627 23:48:45.861522  3419 http_helpers.go:183] URL: https://daily-cloudcode-pa.googleapis.com/v1internal:streamGenerateContent?alt=sse Trace: 0xddcfea9a363e1ee5

2026-06-27 23:48:45.911 [error] [LS Main stderr] E0627 23:48:45.911125  3419 log.go:398] failed to check terminal shell support: internal: internal error

2026-06-27 23:48:45.913 [error] [LS Main stderr] E0627 23:48:45.913348  3419 log.go:398] failed to check terminal shell support: internal: internal error

2026-06-27 23:48:46.068 [error] [LS Main stderr] E0627 23:48:46.067796  3419 log.go:398] failed to check terminal shell support: internal: internal error

2026-06-27 23:48:46.071 [error] [LS Main stderr] E0627 23:48:46.071054  3419 log.go:398] failed to check terminal shell support: internal: internal error

2026-06-27 23:48:46.123 [error] [LS Main stderr] E0627 23:48:46.123795  3419 log.go:398] failed to check terminal shell support: internal: internal error

2026-06-27 23:48:46.126 [error] [LS Main stderr] E0627 23:48:46.125341  3419 log.go:398] failed to check terminal shell support: internal: internal error

2026-06-27 23:48:51.877 [error] [LS Main stderr] I0627 23:48:51.877040  3419 http_helpers.go:183] URL: https://daily-cloudcode-pa.googleapis.com/v1internal:streamGenerateContent?alt=sse Trace: 0xd28da074f7634b3e

2026-06-27 23:48:51.927 [error] [LS Main stderr] E0627 23:48:51.926700  3419 log.go:398] failed to check terminal shell support: internal: internal error

2026-06-27 23:48:51.929 [error] [LS Main stderr] E0627 23:48:51.929404  3419 log.go:398] failed to check terminal shell support: internal: internal error

2026-06-27 23:48:52.424 [error] [LS Main stderr] E0627 23:48:52.424352  3419 log.go:398] failed to check terminal shell support: internal: internal error

2026-06-27 23:48:52.426 [error] [LS Main stderr] E0627 23:48:52.426544  3419 log.go:398] failed to check terminal shell support: internal: internal error

2026-06-27 23:48:52.476 [error] [LS Main stderr] E0627 23:48:52.476780  3419 log.go:398] failed to check terminal shell support: internal: internal error

2026-06-27 23:48:52.480 [error] [LS Main stderr] E0627 23:48:52.479788  3419 log.go:398] failed to check terminal shell support: internal: internal error

2026-06-27 23:48:57.891 [error] [LS Main stderr] I0627 23:48:57.891122  3419 http_helpers.go:183] URL: https://daily-cloudcode-pa.googleapis.com/v1internal:streamGenerateContent?alt=sse Trace: 0x7f73fc8707446f2e

2026-06-27 23:48:57.985 [error] [LS Main stderr] E0627 23:48:57.985385  3419 log.go:398] failed to check terminal shell support: internal: internal error

2026-06-27 23:48:57.987 [error] [LS Main stderr] E0627 23:48:57.987122  3419 log.go:398] failed to check terminal shell support: internal: internal error

2026-06-27 23:48:58.012 [error] [LS Main stderr] E0627 23:48:58.012727  3419 log.go:398] failed to check terminal shell support: internal: internal error

2026-06-27 23:48:58.015 [error] [LS Main stderr] E0627 23:48:58.014130  3419 log.go:398] failed to check terminal shell support: internal: internal error

2026-06-27 23:48:58.074 [error] [LS Main stderr] E0627 23:48:58.074354  3419 log.go:398] failed to check terminal shell support: internal: internal error

2026-06-27 23:48:58.076 [error] [LS Main stderr] E0627 23:48:58.076239  3419 log.go:398] failed to check terminal shell support: internal: internal error

2026-06-27 23:49:00.111 [error] [LS Main stderr] E0627 23:49:00.111323  3419 log.go:398] failed to check terminal shell support: internal: internal error

2026-06-27 23:49:00.113 [error] [LS Main stderr] E0627 23:49:00.112747  3419 log.go:398] failed to check terminal shell support: internal: internal error

2026-06-27 23:49:05.473 [error] [LS Main stderr] I0627 23:49:05.472846  3419 http_helpers.go:183] URL: https://daily-cloudcode-pa.googleapis.com/v1internal:streamGenerateContent?alt=sse Trace: 0x9a0addc7d0fb974b

2026-06-27 23:49:05.540 [error] [LS Main stderr] E0627 23:49:05.539866  3419 log.go:398] failed to check terminal shell support: internal: internal error

2026-06-27 23:49:05.542 [error] [LS Main stderr] E0627 23:49:05.542026  3419 log.go:398] failed to check terminal shell support: internal: internal error

2026-06-27 23:49:05.548 [error] [LS Main stderr] E0627 23:49:05.548279  3419 log.go:398] failed to check terminal shell support: internal: internal error

2026-06-27 23:49:05.550 [error] [LS Main stderr] E0627 23:49:05.550309  3419 log.go:398] failed to check terminal shell support: internal: internal error

2026-06-27 23:49:05.751 [error] [LS Main stderr] E0627 23:49:05.750969  3419 log.go:398] failed to check terminal shell support: internal: internal error

2026-06-27 23:49:05.753 [error] [LS Main stderr] E0627 23:49:05.753348  3419 log.go:398] failed to check terminal shell support: internal: internal error

2026-06-27 23:49:11.820 [error] [LS Main stderr] I0627 23:49:11.819619  3419 http_helpers.go:183] URL: https://daily-cloudcode-pa.googleapis.com/v1internal:streamGenerateContent?alt=sse Trace: 0xee3690b800bab598

2026-06-27 23:49:11.884 [error] [LS Main stderr] E0627 23:49:11.882280  3419 log.go:398] failed to check terminal shell support: internal: internal error
E0627 23:49:11.884125  3419 log.go:398] failed to check terminal shell support: internal: internal error

2026-06-27 23:49:11.952 [error] [LS Main stderr] E0627 23:49:11.952342  3419 log.go:398] failed to check terminal shell support: internal: internal error

2026-06-27 23:49:11.954 [error] [LS Main stderr] E0627 23:49:11.954516  3419 log.go:398] failed to check terminal shell support: internal: internal error

2026-06-27 23:49:15.255 [error] [LS Main stderr] E0627 23:49:15.255302  3419 log.go:398] failed to check terminal shell support: internal: internal error

2026-06-27 23:49:15.259 [error] [LS Main stderr] E0627 23:49:15.258446  3419 log.go:398] failed to check terminal shell support: internal: internal error

2026-06-27 23:49:20.686 [error] [LS Main stderr] I0627 23:49:20.686190  3419 http_helpers.go:183] URL: https://daily-cloudcode-pa.googleapis.com/v1internal:streamGenerateContent?alt=sse Trace: 0xff51a21ab2458c3e

2026-06-27 23:49:20.742 [error] [LS Main stderr] E0627 23:49:20.742458  3419 log.go:398] failed to check terminal shell support: internal: internal error

2026-06-27 23:49:20.745 [error] [LS Main stderr] E0627 23:49:20.745403  3419 log.go:398] failed to check terminal shell support: internal: internal error

2026-06-27 23:49:21.875 [error] [LS Main stderr] E0627 23:49:21.875365  3419 log.go:398] failed to check terminal shell support: internal: internal error

2026-06-27 23:49:21.881 [error] [LS Main stderr] E0627 23:49:21.880992  3419 log.go:398] failed to check terminal shell support: internal: internal error

2026-06-27 23:49:22.454 [error] [LS Main stderr] E0627 23:49:22.453933  3419 log.go:398] failed to check terminal shell support: internal: internal error

2026-06-27 23:49:22.457 [error] [LS Main stderr] E0627 23:49:22.457361  3419 log.go:398] failed to check terminal shell support: internal: internal error

2026-06-27 23:49:35.903 [error] [LS Main stderr] E0627 23:49:35.903058  3419 log.go:398] failed to check terminal shell support: internal: internal error

2026-06-27 23:49:35.915 [error] [LS Main stderr] E0627 23:49:35.915671  3419 log.go:398] failed to check terminal shell support: internal: internal error

2026-06-27 23:49:35.917 [error] [LS Main stderr] E0627 23:49:35.917378  3419 log.go:398] failed to check terminal shell support: internal: internal error

2026-06-27 23:49:35.921 [error] [LS Main stderr] E0627 23:49:35.920779  3419 log.go:398] failed to check terminal shell support: internal: internal error

2026-06-27 23:51:21.441 [error] [LS Main stderr] E0627 23:51:21.439346  3419 log.go:398] failed to check terminal shell support: internal: internal error

2026-06-27 23:51:21.441 [error] [LS Main stderr] E0627 23:51:21.441352  3419 log.go:398] failed to check terminal shell support: internal: internal error

2026-06-27 23:51:21.446 [error] [LS Main stderr] E0627 23:51:21.445406  3419 log.go:398] failed to check terminal shell support: internal: internal error

2026-06-27 23:51:21.464 [error] [LS Main stderr] E0627 23:51:21.463667  3419 log.go:398] failed to check terminal shell support: internal: internal error

2026-06-27 23:51:21.466 [error] [LS Main stderr] E0627 23:51:21.466427  3419 log.go:398] failed to check terminal shell support: internal: internal error

2026-06-27 23:51:21.499 [error] [LS Main stderr] E0627 23:51:21.498874  3419 log.go:398] failed to check terminal shell support: internal: internal error

2026-06-27 23:51:21.502 [error] [LS Main stderr] E0627 23:51:21.502579  3419 log.go:398] failed to check terminal shell support: internal: internal error

2026-06-27 23:51:21.552 [error] [LS Main stderr] E0627 23:51:21.552284  3419 log.go:398] failed to check terminal shell support: internal: internal error

2026-06-27 23:51:21.555 [error] [LS Main stderr] E0627 23:51:21.555096  3419 log.go:398] failed to check terminal shell support: internal: internal error

2026-06-27 23:51:21.622 [error] [LS Main stderr] E0627 23:51:21.622356  3419 log.go:398] failed to check terminal shell support: internal: internal error

2026-06-27 23:51:21.624 [error] [LS Main stderr] E0627 23:51:21.624052  3419 log.go:398] failed to check terminal shell support: internal: internal error

2026-06-27 23:51:21.641 [error] [LS Main stderr] E0627 23:51:21.641337  3419 log.go:398] failed to check terminal shell support: internal: internal error

2026-06-27 23:51:21.643 [error] [LS Main stderr] E0627 23:51:21.643490  3419 log.go:398] failed to check terminal shell support: internal: internal error

2026-06-27 23:51:21.689 [error] [LS Main stderr] E0627 23:51:21.689355  3419 log.go:398] failed to check terminal shell support: internal: internal error

2026-06-27 23:51:21.691 [error] [LS Main stderr] E0627 23:51:21.691350  3419 log.go:398] failed to check terminal shell support: internal: internal error

2026-06-27 23:51:21.710 [error] [LS Main stderr] E0627 23:51:21.710128  3419 log.go:398] failed to check terminal shell support: internal: internal error

2026-06-27 23:51:21.712 [error] [LS Main stderr] E0627 23:51:21.712380  3419 log.go:398] failed to check terminal shell support: internal: internal error

2026-06-27 23:51:22.471 [error] [LS Main stderr] E0627 23:51:22.466537  3419 log.go:398] failed to check terminal shell support: internal: internal error

2026-06-27 23:51:22.472 [error] [LS Main stderr] E0627 23:51:22.472417  3419 log.go:398] failed to check terminal shell support: internal: internal error

2026-06-27 23:51:28.634 [error] [LS Main stderr] I0627 23:51:28.634277  3419 http_helpers.go:183] URL: https://daily-cloudcode-pa.googleapis.com/v1internal:streamGenerateContent?alt=sse Trace: 0x5b747176f0bb105b

2026-06-27 23:51:28.693 [error] [LS Main stderr] E0627 23:51:28.693360  3419 log.go:398] failed to check terminal shell support: internal: internal error

2026-06-27 23:51:28.695 [error] [LS Main stderr] E0627 23:51:28.695200  3419 log.go:398] failed to check terminal shell support: internal: internal error

2026-06-27 23:51:32.010 [error] [LS Main stderr] E0627 23:51:32.010410  3419 log.go:398] failed to check terminal shell support: internal: internal error

2026-06-27 23:51:32.011 [error] [LS Main stderr] E0627 23:51:32.011874  3419 log.go:398] failed to check terminal shell support: internal: internal error

2026-06-27 23:51:32.023 [error] [LS Main stderr] E0627 23:51:32.023197  3419 log.go:398] failed to check terminal shell support: internal: internal error

2026-06-27 23:51:32.024 [error] [LS Main stderr] E0627 23:51:32.024824  3419 log.go:398] failed to check terminal shell support: internal: internal error

2026-06-27 23:51:32.047 [error] [LS Main stderr] E0627 23:51:32.047320  3419 log.go:398] failed to check terminal shell support: internal: internal error

2026-06-27 23:51:32.049 [error] [LS Main stderr] E0627 23:51:32.049392  3419 log.go:398] failed to check terminal shell support: internal: internal error

2026-06-27 23:51:32.091 [error] [LS Main stderr] E0627 23:51:32.091323  3419 log.go:398] failed to check terminal shell support: internal: internal error

2026-06-27 23:51:32.092 [error] [LS Main stderr] E0627 23:51:32.092876  3419 log.go:398] failed to check terminal shell support: internal: internal error

2026-06-27 23:51:37.120 [error] [LS Main stderr] I0627 23:51:37.119555  3419 http_helpers.go:183] URL: https://daily-cloudcode-pa.googleapis.com/v1internal:streamGenerateContent?alt=sse Trace: 0x5fda8518aa46e7b7

2026-06-27 23:51:37.181 [error] [LS Main stderr] E0627 23:51:37.181296  3419 log.go:398] failed to check terminal shell support: internal: internal error

2026-06-27 23:51:37.183 [error] [LS Main stderr] E0627 23:51:37.183198  3419 log.go:398] failed to check terminal shell support: internal: internal error

2026-06-27 23:51:37.372 [error] [LS Main stderr] E0627 23:51:37.372113  3419 log.go:398] failed to check terminal shell support: internal: internal error

2026-06-27 23:51:37.374 [error] [LS Main stderr] E0627 23:51:37.374282  3419 log.go:398] failed to check terminal shell support: internal: internal error

2026-06-27 23:51:37.394 [error] [LS Main stderr] E0627 23:51:37.394103  3419 log.go:398] failed to check terminal shell support: internal: internal error

2026-06-27 23:51:37.396 [error] [LS Main stderr] E0627 23:51:37.395968  3419 log.go:398] failed to check terminal shell support: internal: internal error

2026-06-27 23:51:42.970 [error] [LS Main stderr] I0627 23:51:42.970048  3419 http_helpers.go:183] URL: https://daily-cloudcode-pa.googleapis.com/v1internal:streamGenerateContent?alt=sse Trace: 0xc18fe05c2f669979

2026-06-27 23:51:43.032 [error] [LS Main stderr] E0627 23:51:43.032434  3419 log.go:398] failed to check terminal shell support: internal: internal error

2026-06-27 23:51:43.034 [error] [LS Main stderr] E0627 23:51:43.034101  3419 log.go:398] failed to check terminal shell support: internal: internal error

2026-06-27 23:51:43.278 [error] [LS Main stderr] E0627 23:51:43.278598  3419 log.go:398] failed to check terminal shell support: internal: internal error

2026-06-27 23:51:43.285 [error] [LS Main stderr] E0627 23:51:43.285357  3419 log.go:398] failed to check terminal shell support: internal: internal error

2026-06-27 23:51:43.312 [error] [LS Main stderr] E0627 23:51:43.312468  3419 log.go:398] failed to check terminal shell support: internal: internal error

2026-06-27 23:51:43.314 [error] [LS Main stderr] E0627 23:51:43.314315  3419 log.go:398] failed to check terminal shell support: internal: internal error

2026-06-27 23:51:49.217 [error] [LS Main stderr] I0627 23:51:49.217323  3419 http_helpers.go:183] URL: https://daily-cloudcode-pa.googleapis.com/v1internal:streamGenerateContent?alt=sse Trace: 0xcea912c613c9376d

2026-06-27 23:51:49.311 [error] [LS Main stderr] E0627 23:51:49.310426  3419 log.go:398] failed to check terminal shell support: internal: internal error

2026-06-27 23:51:49.313 [error] [LS Main stderr] E0627 23:51:49.312883  3419 log.go:398] failed to check terminal shell support: internal: internal error

2026-06-27 23:51:49.395 [error] [LS Main stderr] E0627 23:51:49.395381  3419 log.go:398] failed to check terminal shell support: internal: internal error

2026-06-27 23:51:49.397 [error] [LS Main stderr] E0627 23:51:49.397354  3419 log.go:398] failed to check terminal shell support: internal: internal error

2026-06-27 23:51:49.406 [error] [LS Main stderr] E0627 23:51:49.406025  3419 log.go:398] failed to check terminal shell support: internal: internal error

2026-06-27 23:51:49.408 [error] [LS Main stderr] E0627 23:51:49.408438  3419 log.go:398] failed to check terminal shell support: internal: internal error

2026-06-27 23:51:54.541 [error] [LS Main stderr] I0627 23:51:54.541443  3419 http_helpers.go:183] URL: https://daily-cloudcode-pa.googleapis.com/v1internal:streamGenerateContent?alt=sse Trace: 0xfa6cbd57bd18dc92

2026-06-27 23:51:54.611 [error] [LS Main stderr] E0627 23:51:54.611364  3419 log.go:398] failed to check terminal shell support: internal: internal error

2026-06-27 23:51:54.613 [error] [LS Main stderr] E0627 23:51:54.613429  3419 log.go:398] failed to check terminal shell support: internal: internal error

2026-06-27 23:51:54.734 [error] [LS Main stderr] E0627 23:51:54.733976  3419 log.go:398] failed to check terminal shell support: internal: internal error

2026-06-27 23:51:54.738 [error] [LS Main stderr] E0627 23:51:54.737537  3419 log.go:398] failed to check terminal shell support: internal: internal error

2026-06-27 23:51:54.763 [error] [LS Main stderr] E0627 23:51:54.763804  3419 log.go:398] failed to check terminal shell support: internal: internal error

2026-06-27 23:51:54.765 [error] [LS Main stderr] E0627 23:51:54.765364  3419 log.go:398] failed to check terminal shell support: internal: internal error

2026-06-27 23:52:00.276 [error] [LS Main stderr] I0627 23:52:00.276145  3419 http_helpers.go:183] URL: https://daily-cloudcode-pa.googleapis.com/v1internal:streamGenerateContent?alt=sse Trace: 0x629bad5af17db0aa

2026-06-27 23:52:00.993 [error] [LS Main stderr] I0627 23:52:00.992733  3419 http_helpers.go:183] URL: https://daily-cloudcode-pa.googleapis.com/v1internal:loadCodeAssist Trace: 0xb62874c2e310d701

2026-06-27 23:52:01.691 [error] [LS Main stderr] I0627 23:52:01.691062  3419 http_helpers.go:183] URL: https://daily-cloudcode-pa.googleapis.com/v1internal:fetchAvailableModels Trace: 0x3da21b18a04aab1a

2026-06-27 23:52:01.707 [error] [LS Main stderr] E0627 23:52:01.707637  3419 log.go:398] failed to check terminal shell support: internal: internal error

2026-06-27 23:52:01.711 [error] [LS Main stderr] E0627 23:52:01.711685  3419 log.go:398] failed to check terminal shell support: internal: internal error

2026-06-27 23:52:01.716 [error] [LS Main stderr] E0627 23:52:01.715320  3419 log.go:398] failed to check terminal shell support: internal: internal error

2026-06-27 23:52:01.725 [error] [LS Main stderr] E0627 23:52:01.719804  3419 log.go:398] failed to check terminal shell support: internal: internal error

2026-06-27 23:52:01.725 [error] [LS Main stderr] E0627 23:52:01.725415  3419 log.go:398] failed to check terminal shell support: internal: internal error

2026-06-27 23:52:01.730 [error] [LS Main stderr] E0627 23:52:01.728544  3419 log.go:398] failed to check terminal shell support: internal: internal error

2026-06-27 23:52:01.824 [error] [LS Main stderr] E0627 23:52:01.824288  3419 log.go:398] failed to check terminal shell support: internal: internal error

2026-06-27 23:52:01.825 [error] [LS Main stderr] E0627 23:52:01.825402  3419 log.go:398] failed to check terminal shell support: internal: internal error

2026-06-27 23:52:07.752 [error] [LS Main stderr] I0627 23:52:07.752089  3419 http_helpers.go:183] URL: https://daily-cloudcode-pa.googleapis.com/v1internal:streamGenerateContent?alt=sse Trace: 0x83bea7963e31d7f3

2026-06-27 23:52:07.884 [error] [LS Main stderr] E0627 23:52:07.883552  3419 log.go:398] failed to check terminal shell support: internal: internal error

2026-06-27 23:52:07.886 [error] [LS Main stderr] E0627 23:52:07.886915  3419 log.go:398] failed to check terminal shell support: internal: internal error

2026-06-27 23:52:07.943 [error] [LS Main stderr] E0627 23:52:07.943090  3419 log.go:398] failed to check terminal shell support: internal: internal error

2026-06-27 23:52:07.945 [error] [LS Main stderr] E0627 23:52:07.944806  3419 log.go:398] failed to check terminal shell support: internal: internal error

2026-06-27 23:52:07.983 [error] [LS Main stderr] E0627 23:52:07.982376  3419 log.go:398] failed to check terminal shell support: internal: internal error

2026-06-27 23:52:07.985 [error] [LS Main stderr] E0627 23:52:07.985286  3419 log.go:398] failed to check terminal shell support: internal: internal error

2026-06-27 23:52:13.281 [error] [LS Main stderr] I0627 23:52:13.281021  3419 http_helpers.go:183] URL: https://daily-cloudcode-pa.googleapis.com/v1internal:streamGenerateContent?alt=sse Trace: 0x1b8f2e978d2b24e8

2026-06-27 23:52:13.337 [error] [LS Main stderr] E0627 23:52:13.337341  3419 log.go:398] failed to check terminal shell support: internal: internal error

2026-06-27 23:52:13.340 [error] [LS Main stderr] E0627 23:52:13.339923  3419 log.go:398] failed to check terminal shell support: internal: internal error

2026-06-27 23:52:14.851 [error] [LS Main stderr] E0627 23:52:14.851390  3419 log.go:398] failed to check terminal shell support: internal: internal error

2026-06-27 23:52:14.858 [error] [LS Main stderr] E0627 23:52:14.858484  3419 log.go:398] failed to check terminal shell support: internal: internal error

2026-06-27 23:52:14.877 [error] [LS Main stderr] E0627 23:52:14.877271  3419 log.go:398] failed to check terminal shell support: internal: internal error

2026-06-27 23:52:14.880 [error] [LS Main stderr] E0627 23:52:14.879561  3419 log.go:398] failed to check terminal shell support: internal: internal error

2026-06-27 23:52:19.734 [error] [LS Main stderr] I0627 23:52:19.733884  3419 http_helpers.go:183] URL: https://daily-cloudcode-pa.googleapis.com/v1internal:streamGenerateContent?alt=sse Trace: 0xffb87933961469e8

2026-06-27 23:52:19.806 [error] [LS Main stderr] E0627 23:52:19.806308  3419 log.go:398] failed to check terminal shell support: internal: internal error

2026-06-27 23:52:19.808 [error] [LS Main stderr] E0627 23:52:19.808251  3419 log.go:398] failed to check terminal shell support: internal: internal error

2026-06-27 23:52:20.260 [error] [LS Main stderr] E0627 23:52:20.260026  3419 log.go:398] failed to check terminal shell support: internal: internal error

2026-06-27 23:52:20.262 [error] [LS Main stderr] E0627 23:52:20.262020  3419 log.go:398] failed to check terminal shell support: internal: internal error

2026-06-27 23:52:20.303 [error] [LS Main stderr] E0627 23:52:20.303446  3419 log.go:398] failed to check terminal shell support: internal: internal error

2026-06-27 23:52:20.306 [error] [LS Main stderr] E0627 23:52:20.306393  3419 log.go:398] failed to check terminal shell support: internal: internal error

2026-06-27 23:52:26.595 [error] [LS Main stderr] I0627 23:52:26.595301  3419 http_helpers.go:183] URL: https://daily-cloudcode-pa.googleapis.com/v1internal:streamGenerateContent?alt=sse Trace: 0xacec6809cb986a38

2026-06-27 23:52:26.655 [error] [LS Main stderr] E0627 23:52:26.654143  3419 log.go:398] failed to check terminal shell support: internal: internal error

2026-06-27 23:52:26.656 [error] [LS Main stderr] E0627 23:52:26.655956  3419 log.go:398] failed to check terminal shell support: internal: internal error

2026-06-27 23:52:27.070 [error] [LS Main stderr] E0627 23:52:27.069765  3419 log.go:398] failed to check terminal shell support: internal: internal error

2026-06-27 23:52:27.072 [error] [LS Main stderr] E0627 23:52:27.072023  3419 log.go:398] failed to check terminal shell support: internal: internal error

2026-06-27 23:52:27.094 [error] [LS Main stderr] E0627 23:52:27.094260  3419 log.go:398] failed to check terminal shell support: internal: internal error

2026-06-27 23:52:27.097 [error] [LS Main stderr] E0627 23:52:27.097245  3419 log.go:398] failed to check terminal shell support: internal: internal error

2026-06-27 23:52:32.332 [error] [LS Main stderr] I0627 23:52:32.331811  3419 http_helpers.go:183] URL: https://daily-cloudcode-pa.googleapis.com/v1internal:streamGenerateContent?alt=sse Trace: 0xdb325d5bb818133c

2026-06-27 23:52:32.394 [error] [LS Main stderr] E0627 23:52:32.393416  3419 log.go:398] failed to check terminal shell support: internal: internal error

2026-06-27 23:52:32.398 [error] [LS Main stderr] E0627 23:52:32.397379  3419 log.go:398] failed to check terminal shell support: internal: internal error

2026-06-27 23:52:32.583 [error] [LS Main stderr] E0627 23:52:32.582710  3419 log.go:398] failed to check terminal shell support: internal: internal error

2026-06-27 23:52:32.587 [error] [LS Main stderr] E0627 23:52:32.587050  3419 log.go:398] failed to check terminal shell support: internal: internal error

2026-06-27 23:52:32.624 [error] [LS Main stderr] E0627 23:52:32.624053  3419 log.go:398] failed to check terminal shell support: internal: internal error

2026-06-27 23:52:32.631 [error] [LS Main stderr] E0627 23:52:32.630783  3419 log.go:398] failed to check terminal shell support: internal: internal error

2026-06-27 23:52:38.062 [error] [LS Main stderr] I0627 23:52:38.062254  3419 http_helpers.go:183] URL: https://daily-cloudcode-pa.googleapis.com/v1internal:streamGenerateContent?alt=sse Trace: 0xfcc87e9e9494695f

2026-06-27 23:52:38.122 [error] [LS Main stderr] E0627 23:52:38.122204  3419 log.go:398] failed to check terminal shell support: internal: internal error

2026-06-27 23:52:38.129 [error] [LS Main stderr] E0627 23:52:38.129273  3419 log.go:398] failed to check terminal shell support: internal: internal error

2026-06-27 23:52:38.596 [error] [LS Main stderr] E0627 23:52:38.595830  3419 log.go:398] failed to check terminal shell support: internal: internal error

2026-06-27 23:52:38.600 [error] [LS Main stderr] E0627 23:52:38.600492  3419 log.go:398] failed to check terminal shell support: internal: internal error

2026-06-27 23:52:38.686 [error] [LS Main stderr] E0627 23:52:38.686405  3419 log.go:398] failed to check terminal shell support: internal: internal error

2026-06-27 23:52:38.689 [error] [LS Main stderr] E0627 23:52:38.688534  3419 log.go:398] failed to check terminal shell support: internal: internal error

2026-06-27 23:52:44.224 [error] [LS Main stderr] I0627 23:52:44.223829  3419 http_helpers.go:183] URL: https://daily-cloudcode-pa.googleapis.com/v1internal:streamGenerateContent?alt=sse Trace: 0xf178639a82d82831

2026-06-27 23:52:44.283 [error] [LS Main stderr] E0627 23:52:44.282477  3419 log.go:398] failed to check terminal shell support: internal: internal error

2026-06-27 23:52:44.286 [error] [LS Main stderr] E0627 23:52:44.286007  3419 log.go:398] failed to check terminal shell support: internal: internal error

2026-06-27 23:52:46.447 [error] [LS Main stderr] E0627 23:52:46.447320  3419 log.go:398] failed to check terminal shell support: internal: internal error

2026-06-27 23:52:46.448 [error] [LS Main stderr] E0627 23:52:46.448436  3419 log.go:398] failed to check terminal shell support: internal: internal error

2026-06-27 23:52:46.480 [error] [LS Main stderr] E0627 23:52:46.480194  3419 log.go:398] failed to check terminal shell support: internal: internal error

2026-06-27 23:52:46.481 [error] [LS Main stderr] E0627 23:52:46.481744  3419 log.go:398] failed to check terminal shell support: internal: internal error

2026-06-27 23:52:52.399 [error] [LS Main stderr] I0627 23:52:52.399778  3419 http_helpers.go:183] URL: https://daily-cloudcode-pa.googleapis.com/v1internal:streamGenerateContent?alt=sse Trace: 0xf33c35d63fcca637

2026-06-27 23:52:52.460 [error] [LS Main stderr] E0627 23:52:52.460368  3419 log.go:398] failed to check terminal shell support: internal: internal error

2026-06-27 23:52:52.461 [error] [LS Main stderr] E0627 23:52:52.461848  3419 log.go:398] failed to check terminal shell support: internal: internal error

2026-06-27 23:52:52.682 [error] [LS Main stderr] E0627 23:52:52.682244  3419 log.go:398] failed to check terminal shell support: internal: internal error

2026-06-27 23:52:52.684 [error] [LS Main stderr] E0627 23:52:52.684070  3419 log.go:398] failed to check terminal shell support: internal: internal error

2026-06-27 23:52:52.701 [error] [LS Main stderr] E0627 23:52:52.700980  3419 log.go:398] failed to check terminal shell support: internal: internal error

2026-06-27 23:52:52.704 [error] [LS Main stderr] E0627 23:52:52.703950  3419 log.go:398] failed to check terminal shell support: internal: internal error

2026-06-27 23:52:58.134 [error] [LS Main stderr] I0627 23:52:58.133882  3419 http_helpers.go:183] URL: https://daily-cloudcode-pa.googleapis.com/v1internal:streamGenerateContent?alt=sse Trace: 0x536ea5fbf90ce09

2026-06-27 23:52:58.222 [error] [LS Main stderr] E0627 23:52:58.222656  3419 log.go:398] failed to check terminal shell support: internal: internal error

2026-06-27 23:52:58.224 [error] [LS Main stderr] E0627 23:52:58.224351  3419 log.go:398] failed to check terminal shell support: internal: internal error

2026-06-27 23:52:58.392 [error] [LS Main stderr] E0627 23:52:58.391676  3419 log.go:398] failed to check terminal shell support: internal: internal error

2026-06-27 23:52:58.394 [error] [LS Main stderr] E0627 23:52:58.393871  3419 log.go:398] failed to check terminal shell support: internal: internal error

2026-06-27 23:52:58.430 [error] [LS Main stderr] E0627 23:52:58.429923  3419 log.go:398] failed to check terminal shell support: internal: internal error

2026-06-27 23:52:58.432 [error] [LS Main stderr] E0627 23:52:58.432009  3419 log.go:398] failed to check terminal shell support: internal: internal error

2026-06-27 23:53:04.995 [error] [LS Main stderr] I0627 23:53:04.994867  3419 http_helpers.go:183] URL: https://daily-cloudcode-pa.googleapis.com/v1internal:streamGenerateContent?alt=sse Trace: 0x627917e15586827

2026-06-27 23:53:05.047 [error] [LS Main stderr] E0627 23:53:05.047419  3419 log.go:398] failed to check terminal shell support: internal: internal error

2026-06-27 23:53:05.049 [error] [LS Main stderr] E0627 23:53:05.048740  3419 log.go:398] failed to check terminal shell support: internal: internal error

2026-06-27 23:53:09.903 [error] [LS Main stderr] E0627 23:53:09.903322  3419 log.go:398] failed to check terminal shell support: internal: internal error

2026-06-27 23:53:09.904 [error] [LS Main stderr] E0627 23:53:09.904801  3419 log.go:398] failed to check terminal shell support: internal: internal error

2026-06-27 23:53:09.927 [error] [LS Main stderr] E0627 23:53:09.927434  3419 log.go:398] failed to check terminal shell support: internal: internal error

2026-06-27 23:53:09.931 [error] [LS Main stderr] E0627 23:53:09.930961  3419 log.go:398] failed to check terminal shell support: internal: internal error

2026-06-27 23:53:15.215 [error] [LS Main stderr] I0627 23:53:15.214720  3419 http_helpers.go:183] URL: https://daily-cloudcode-pa.googleapis.com/v1internal:streamGenerateContent?alt=sse Trace: 0xae891c3a8421eddd

2026-06-27 23:53:15.269 [error] [LS Main stderr] E0627 23:53:15.269333  3419 log.go:398] failed to check terminal shell support: internal: internal error

2026-06-27 23:53:15.271 [error] [LS Main stderr] E0627 23:53:15.271276  3419 log.go:398] failed to check terminal shell support: internal: internal error

2026-06-27 23:53:16.047 [error] [LS Main stderr] E0627 23:53:16.046953  3419 log.go:398] failed to check terminal shell support: internal: internal error

2026-06-27 23:53:16.050 [error] [LS Main stderr] E0627 23:53:16.049368  3419 log.go:398] failed to check terminal shell support: internal: internal error

2026-06-27 23:53:16.070 [error] [LS Main stderr] E0627 23:53:16.069903  3419 log.go:398] failed to check terminal shell support: internal: internal error

2026-06-27 23:53:16.071 [error] [LS Main stderr] E0627 23:53:16.071730  3419 log.go:398] failed to check terminal shell support: internal: internal error

2026-06-27 23:53:22.277 [error] [LS Main stderr] I0627 23:53:22.276802  3419 http_helpers.go:183] URL: https://daily-cloudcode-pa.googleapis.com/v1internal:streamGenerateContent?alt=sse Trace: 0xb8ff4ca4554ca329

2026-06-27 23:53:22.334 [error] [LS Main stderr] E0627 23:53:22.334074  3419 log.go:398] failed to check terminal shell support: internal: internal error

2026-06-27 23:53:22.335 [error] [LS Main stderr] E0627 23:53:22.335424  3419 log.go:398] failed to check terminal shell support: internal: internal error

2026-06-27 23:53:24.467 [error] [LS Main stderr] E0627 23:53:24.467398  3419 log.go:398] failed to check terminal shell support: internal: internal error

2026-06-27 23:53:24.470 [error] [LS Main stderr] E0627 23:53:24.470379  3419 log.go:398] failed to check terminal shell support: internal: internal error

2026-06-27 23:53:24.493 [error] [LS Main stderr] E0627 23:53:24.493327  3419 log.go:398] failed to check terminal shell support: internal: internal error

2026-06-27 23:53:24.495 [error] [LS Main stderr] E0627 23:53:24.495085  3419 log.go:398] failed to check terminal shell support: internal: internal error

2026-06-27 23:53:29.878 [error] [LS Main stderr] I0627 23:53:29.877547  3419 http_helpers.go:183] URL: https://daily-cloudcode-pa.googleapis.com/v1internal:streamGenerateContent?alt=sse Trace: 0x78814b8520ff82fd

2026-06-27 23:53:29.958 [error] [LS Main stderr] E0627 23:53:29.958085  3419 log.go:398] failed to check terminal shell support: internal: internal error

2026-06-27 23:53:29.959 [error] [LS Main stderr] E0627 23:53:29.959515  3419 log.go:398] failed to check terminal shell support: internal: internal error

2026-06-27 23:53:30.001 [error] [LS Main stderr] E0627 23:53:30.000898  3419 log.go:398] failed to check terminal shell support: internal: internal error

2026-06-27 23:53:30.004 [error] [LS Main stderr] E0627 23:53:30.004133  3419 log.go:398] failed to check terminal shell support: internal: internal error

2026-06-27 23:53:30.076 [error] [LS Main stderr] E0627 23:53:30.076381  3419 log.go:398] failed to check terminal shell support: internal: internal error

2026-06-27 23:53:30.080 [error] [LS Main stderr] E0627 23:53:30.079210  3419 log.go:398] failed to check terminal shell support: internal: internal error

2026-06-27 23:53:36.224 [error] [LS Main stderr] I0627 23:53:36.223605  3419 http_helpers.go:183] URL: https://daily-cloudcode-pa.googleapis.com/v1internal:streamGenerateContent?alt=sse Trace: 0xe59691918f11f5a3

2026-06-27 23:53:36.282 [error] [LS Main stderr] E0627 23:53:36.281740  3419 log.go:398] failed to check terminal shell support: internal: internal error

2026-06-27 23:53:36.284 [error] [LS Main stderr] E0627 23:53:36.283903  3419 log.go:398] failed to check terminal shell support: internal: internal error

2026-06-27 23:53:36.488 [error] [LS Main stderr] E0627 23:53:36.487489  3419 log.go:398] failed to check terminal shell support: internal: internal error

2026-06-27 23:53:36.490 [error] [LS Main stderr] E0627 23:53:36.490195  3419 log.go:398] failed to check terminal shell support: internal: internal error

2026-06-27 23:53:36.529 [error] [LS Main stderr] E0627 23:53:36.529545  3419 log.go:398] failed to check terminal shell support: internal: internal error

2026-06-27 23:53:36.530 [error] [LS Main stderr] E0627 23:53:36.530785  3419 log.go:398] failed to check terminal shell support: internal: internal error

2026-06-27 23:53:41.747 [error] [LS Main stderr] I0627 23:53:41.747623  3419 http_helpers.go:183] URL: https://daily-cloudcode-pa.googleapis.com/v1internal:streamGenerateContent?alt=sse Trace: 0xa2a2804f6f326e38

2026-06-27 23:53:41.799 [error] [LS Main stderr] E0627 23:53:41.799310  3419 log.go:398] failed to check terminal shell support: internal: internal error

2026-06-27 23:53:41.801 [error] [LS Main stderr] E0627 23:53:41.800953  3419 log.go:398] failed to check terminal shell support: internal: internal error

2026-06-27 23:53:46.877 [error] [LS Main stderr] I0627 23:53:46.877300  3419 http_helpers.go:183] URL: https://daily-cloudcode-pa.googleapis.com/v1internal:loadCodeAssist Trace: 0x2613266cfa57e192

2026-06-27 23:53:47.900 [error] [LS Main stderr] I0627 23:53:47.899929  3419 http_helpers.go:183] URL: https://daily-cloudcode-pa.googleapis.com/v1internal:fetchAvailableModels Trace: 0xc638f837f1f45db5

2026-06-27 23:53:47.907 [error] [LS Main stderr] E0627 23:53:47.907472  3419 log.go:398] failed to check terminal shell support: internal: internal error

2026-06-27 23:53:47.909 [error] [LS Main stderr] E0627 23:53:47.909236  3419 log.go:398] failed to check terminal shell support: internal: internal error

2026-06-27 23:53:48.022 [error] [LS Main stderr] E0627 23:53:48.021518  3419 log.go:398] failed to check terminal shell support: internal: internal error

2026-06-27 23:53:48.024 [error] [LS Main stderr] E0627 23:53:48.024352  3419 log.go:398] failed to check terminal shell support: internal: internal error

2026-06-27 23:53:53.058 [error] [LS Main stderr] I0627 23:53:53.057981  3419 http_helpers.go:183] URL: https://daily-cloudcode-pa.googleapis.com/v1internal:streamGenerateContent?alt=sse Trace: 0xd3a7dac3823c0bf8

2026-06-27 23:53:53.112 [error] [LS Main stderr] E0627 23:53:53.112179  3419 log.go:398] failed to check terminal shell support: internal: internal error

2026-06-27 23:53:53.119 [error] [LS Main stderr] E0627 23:53:53.119718  3419 log.go:398] failed to check terminal shell support: internal: internal error

2026-06-27 23:53:56.805 [error] [LS Main stderr] E0627 23:53:56.805334  3419 log.go:398] failed to check terminal shell support: internal: internal error

2026-06-27 23:53:56.807 [error] [LS Main stderr] E0627 23:53:56.807090  3419 log.go:398] failed to check terminal shell support: internal: internal error

2026-06-27 23:53:56.833 [error] [LS Main stderr] E0627 23:53:56.833411  3419 log.go:398] failed to check terminal shell support: internal: internal error

2026-06-27 23:53:56.835 [error] [LS Main stderr] E0627 23:53:56.834883  3419 log.go:398] failed to check terminal shell support: internal: internal error

2026-06-27 23:54:02.236 [error] [LS Main stderr] I0627 23:54:02.235977  3419 http_helpers.go:183] URL: https://daily-cloudcode-pa.googleapis.com/v1internal:streamGenerateContent?alt=sse Trace: 0xaa22ff526dd1dd9e

2026-06-27 23:54:02.298 [error] [LS Main stderr] E0627 23:54:02.298506  3419 log.go:398] failed to check terminal shell support: internal: internal error

2026-06-27 23:54:02.300 [error] [LS Main stderr] E0627 23:54:02.299937  3419 log.go:398] failed to check terminal shell support: internal: internal error

2026-06-27 23:54:03.365 [error] [LS Main stderr] E0627 23:54:03.365362  3419 log.go:398] failed to check terminal shell support: internal: internal error

2026-06-27 23:54:03.370 [error] [LS Main stderr] E0627 23:54:03.369822  3419 log.go:398] failed to check terminal shell support: internal: internal error

2026-06-27 23:54:03.408 [error] [LS Main stderr] E0627 23:54:03.408332  3419 log.go:398] failed to check terminal shell support: internal: internal error

2026-06-27 23:54:03.409 [error] [LS Main stderr] E0627 23:54:03.409715  3419 log.go:398] failed to check terminal shell support: internal: internal error

2026-06-27 23:54:07.971 [error] [LS Main stderr] I0627 23:54:07.970930  3419 http_helpers.go:183] URL: https://daily-cloudcode-pa.googleapis.com/v1internal:streamGenerateContent?alt=sse Trace: 0x6acca4be536fa1a9

2026-06-27 23:54:08.043 [error] [LS Main stderr] E0627 23:54:08.042965  3419 log.go:398] failed to check terminal shell support: internal: internal error

2026-06-27 23:54:08.044 [error] [LS Main stderr] E0627 23:54:08.044003  3419 log.go:398] failed to check terminal shell support: internal: internal error

2026-06-27 23:54:08.454 [error] [LS Main stderr] E0627 23:54:08.454308  3419 log.go:398] failed to check terminal shell support: internal: internal error

2026-06-27 23:54:08.458 [error] [LS Main stderr] E0627 23:54:08.457567  3419 log.go:398] failed to check terminal shell support: internal: internal error

2026-06-27 23:54:08.576 [error] [LS Main stderr] E0627 23:54:08.576932  3419 log.go:398] failed to check terminal shell support: internal: internal error

2026-06-27 23:54:08.578 [error] [LS Main stderr] E0627 23:54:08.577985  3419 log.go:398] failed to check terminal shell support: internal: internal error

2026-06-27 23:54:14.319 [error] [LS Main stderr] I0627 23:54:14.319463  3419 http_helpers.go:183] URL: https://daily-cloudcode-pa.googleapis.com/v1internal:streamGenerateContent?alt=sse Trace: 0x1ae9dbd82ea7e071

2026-06-27 23:54:14.371 [error] [LS Main stderr] E0627 23:54:14.371306  3419 log.go:398] failed to check terminal shell support: internal: internal error

2026-06-27 23:54:14.373 [error] [LS Main stderr] E0627 23:54:14.373262  3419 log.go:398] failed to check terminal shell support: internal: internal error

2026-06-27 23:54:17.729 [error] [LS Main stderr] E0627 23:54:17.729094  3419 log.go:398] failed to check terminal shell support: internal: internal error

2026-06-27 23:54:17.731 [error] [LS Main stderr] E0627 23:54:17.730892  3419 log.go:398] failed to check terminal shell support: internal: internal error

2026-06-27 23:54:17.767 [error] [LS Main stderr] E0627 23:54:17.767657  3419 log.go:398] failed to check terminal shell support: internal: internal error

2026-06-27 23:54:17.770 [error] [LS Main stderr] E0627 23:54:17.769651  3419 log.go:398] failed to check terminal shell support: internal: internal error

2026-06-27 23:54:23.534 [error] [LS Main stderr] I0627 23:54:23.534390  3419 http_helpers.go:183] URL: https://daily-cloudcode-pa.googleapis.com/v1internal:streamGenerateContent?alt=sse Trace: 0xcd507406975a85f5

2026-06-27 23:54:23.587 [error] [LS Main stderr] E0627 23:54:23.587618  3419 log.go:398] failed to check terminal shell support: internal: internal error

2026-06-27 23:54:23.590 [error] [LS Main stderr] E0627 23:54:23.589942  3419 log.go:398] failed to check terminal shell support: internal: internal error

2026-06-27 23:54:28.778 [error] [LS Main stderr] E0627 23:54:28.778394  3419 log.go:398] failed to check terminal shell support: internal: internal error

2026-06-27 23:54:28.780 [error] [LS Main stderr] E0627 23:54:28.780181  3419 log.go:398] failed to check terminal shell support: internal: internal error

2026-06-27 23:54:28.800 [error] [LS Main stderr] E0627 23:54:28.800345  3419 log.go:398] failed to check terminal shell support: internal: internal error

2026-06-27 23:54:28.802 [error] [LS Main stderr] E0627 23:54:28.802245  3419 log.go:398] failed to check terminal shell support: internal: internal error

2026-06-27 23:54:33.774 [error] [LS Main stderr] I0627 23:54:33.773928  3419 http_helpers.go:183] URL: https://daily-cloudcode-pa.googleapis.com/v1internal:streamGenerateContent?alt=sse Trace: 0x1190444e8cbdddde

2026-06-27 23:54:33.846 [error] [LS Main stderr] E0627 23:54:33.845734  3419 log.go:398] failed to check terminal shell support: internal: internal error

2026-06-27 23:54:33.852 [error] [LS Main stderr] E0627 23:54:33.852282  3419 log.go:398] failed to check terminal shell support: internal: internal error

2026-06-27 23:54:33.898 [error] [LS Main stderr] E0627 23:54:33.898327  3419 log.go:398] failed to check terminal shell support: internal: internal error

2026-06-27 23:54:33.901 [error] [LS Main stderr] E0627 23:54:33.901468  3419 log.go:398] failed to check terminal shell support: internal: internal error

2026-06-27 23:54:33.937 [error] [LS Main stderr] E0627 23:54:33.937473  3419 log.go:398] failed to check terminal shell support: internal: internal error

2026-06-27 23:54:33.938 [error] [LS Main stderr] E0627 23:54:33.938782  3419 log.go:398] failed to check terminal shell support: internal: internal error

2026-06-27 23:54:40.024 [error] [LS Main stderr] I0627 23:54:40.023908  3419 http_helpers.go:183] URL: https://daily-cloudcode-pa.googleapis.com/v1internal:streamGenerateContent?alt=sse Trace: 0x78b09f37d52804c

2026-06-27 23:54:40.093 [error] [LS Main stderr] E0627 23:54:40.093176  3419 log.go:398] failed to check terminal shell support: internal: internal error

2026-06-27 23:54:40.095 [error] [LS Main stderr] E0627 23:54:40.095118  3419 log.go:398] failed to check terminal shell support: internal: internal error

2026-06-27 23:54:40.411 [error] [LS Main stderr] E0627 23:54:40.411259  3419 log.go:398] failed to check terminal shell support: internal: internal error

2026-06-27 23:54:40.413 [error] [LS Main stderr] E0627 23:54:40.412901  3419 log.go:398] failed to check terminal shell support: internal: internal error

2026-06-27 23:54:40.457 [error] [LS Main stderr] E0627 23:54:40.457543  3419 log.go:398] failed to check terminal shell support: internal: internal error

2026-06-27 23:54:40.460 [error] [LS Main stderr] E0627 23:54:40.459255  3419 log.go:398] failed to check terminal shell support: internal: internal error

2026-06-27 23:54:46.118 [error] [LS Main stderr] I0627 23:54:46.117691  3419 http_helpers.go:183] URL: https://daily-cloudcode-pa.googleapis.com/v1internal:streamGenerateContent?alt=sse Trace: 0x98d5b32f4e1ee206

2026-06-27 23:54:46.171 [error] [LS Main stderr] E0627 23:54:46.171410  3419 log.go:398] failed to check terminal shell support: internal: internal error

2026-06-27 23:54:46.173 [error] [LS Main stderr] E0627 23:54:46.173238  3419 log.go:398] failed to check terminal shell support: internal: internal error

2026-06-27 23:54:55.084 [error] [LS Main stderr] E0627 23:54:55.084371  3419 log.go:398] failed to check terminal shell support: internal: internal error

2026-06-27 23:54:55.091 [error] [LS Main stderr] E0627 23:54:55.091743  3419 log.go:398] failed to check terminal shell support: internal: internal error

2026-06-27 23:54:55.134 [error] [LS Main stderr] E0627 23:54:55.134006  3419 log.go:398] failed to check terminal shell support: internal: internal error

2026-06-27 23:54:55.135 [error] [LS Main stderr] E0627 23:54:55.135322  3419 log.go:398] failed to check terminal shell support: internal: internal error

2026-06-27 23:55:01.319 [error] [LS Main stderr] I0627 23:55:01.319332  3419 http_helpers.go:183] URL: https://daily-cloudcode-pa.googleapis.com/v1internal:streamGenerateContent?alt=sse Trace: 0xc9047f26ceb93c95

2026-06-27 23:55:01.374 [error] [LS Main stderr] E0627 23:55:01.372426  3419 log.go:398] failed to check terminal shell support: internal: internal error

2026-06-27 23:55:01.375 [error] [LS Main stderr] E0627 23:55:01.375058  3419 log.go:398] failed to check terminal shell support: internal: internal error

2026-06-27 23:55:08.360 [error] [LS Main stderr] E0627 23:55:08.360342  3419 log.go:398] failed to check terminal shell support: internal: internal error

2026-06-27 23:55:08.362 [error] [LS Main stderr] E0627 23:55:08.362366  3419 log.go:398] failed to check terminal shell support: internal: internal error

2026-06-27 23:55:08.439 [error] [LS Main stderr] E0627 23:55:08.439062  3419 log.go:398] failed to check terminal shell support: internal: internal error

2026-06-27 23:55:08.441 [error] [LS Main stderr] E0627 23:55:08.440923  3419 log.go:398] failed to check terminal shell support: internal: internal error

2026-06-27 23:55:08.448 [error] [LS Main stderr] E0627 23:55:08.447971  3419 log.go:398] failed to check terminal shell support: internal: internal error

2026-06-27 23:55:08.450 [error] [LS Main stderr] E0627 23:55:08.449390  3419 log.go:398] failed to check terminal shell support: internal: internal error

2026-06-27 23:55:10.461 [error] [LS Main stderr] E0627 23:55:10.461344  3419 log.go:398] failed to check terminal shell support: internal: internal error

2026-06-27 23:55:10.462 [error] [LS Main stderr] E0627 23:55:10.462528  3419 log.go:398] failed to check terminal shell support: internal: internal error

2026-06-27 23:55:15.453 [error] [LS Main stderr] I0627 23:55:15.452979  3419 http_helpers.go:183] URL: https://daily-cloudcode-pa.googleapis.com/v1internal:streamGenerateContent?alt=sse Trace: 0x659374061a607e7a

2026-06-27 23:55:15.512 [error] [LS Main stderr] E0627 23:55:15.512347  3419 log.go:398] failed to check terminal shell support: internal: internal error

2026-06-27 23:55:15.515 [error] [LS Main stderr] E0627 23:55:15.515769  3419 log.go:398] failed to check terminal shell support: internal: internal error

2026-06-27 23:55:15.942 [error] [LS Main stderr] E0627 23:55:15.942053  3419 log.go:398] failed to check terminal shell support: internal: internal error

2026-06-27 23:55:15.947 [error] [LS Main stderr] E0627 23:55:15.947702  3419 log.go:398] failed to check terminal shell support: internal: internal error

2026-06-27 23:55:15.993 [error] [LS Main stderr] E0627 23:55:15.993690  3419 log.go:398] failed to check terminal shell support: internal: internal error

2026-06-27 23:55:15.995 [error] [LS Main stderr] E0627 23:55:15.995203  3419 log.go:398] failed to check terminal shell support: internal: internal error

2026-06-27 23:55:21.597 [error] [LS Main stderr] I0627 23:55:21.596889  3419 http_helpers.go:183] URL: https://daily-cloudcode-pa.googleapis.com/v1internal:streamGenerateContent?alt=sse Trace: 0x951874e5ff283cb3

2026-06-27 23:55:21.669 [error] [LS Main stderr] E0627 23:55:21.669721  3419 log.go:398] failed to check terminal shell support: internal: internal error

2026-06-27 23:55:21.671 [error] [LS Main stderr] E0627 23:55:21.671330  3419 log.go:398] failed to check terminal shell support: internal: internal error

2026-06-27 23:55:21.750 [error] [LS Main stderr] E0627 23:55:21.750163  3419 log.go:398] failed to check terminal shell support: internal: internal error

2026-06-27 23:55:21.752 [error] [LS Main stderr] E0627 23:55:21.752247  3419 log.go:398] failed to check terminal shell support: internal: internal error

2026-06-27 23:55:23.829 [error] [LS Main stderr] E0627 23:55:23.829116  3419 log.go:398] failed to check terminal shell support: internal: internal error

2026-06-27 23:55:23.832 [error] [LS Main stderr] E0627 23:55:23.832363  3419 log.go:398] failed to check terminal shell support: internal: internal error

2026-06-27 23:55:29.174 [error] [LS Main stderr] I0627 23:55:29.173902  3419 http_helpers.go:183] URL: https://daily-cloudcode-pa.googleapis.com/v1internal:streamGenerateContent?alt=sse Trace: 0x6ce08bbf0bbea7d8

2026-06-27 23:55:29.224 [error] [LS Main stderr] E0627 23:55:29.224357  3419 log.go:398] failed to check terminal shell support: internal: internal error

2026-06-27 23:55:29.226 [error] [LS Main stderr] E0627 23:55:29.226341  3419 log.go:398] failed to check terminal shell support: internal: internal error

2026-06-27 23:55:33.412 [error] [LS Main stderr] E0627 23:55:33.412331  3419 log.go:398] failed to check terminal shell support: internal: internal error

2026-06-27 23:55:33.500 [error] [LS Main stderr] E0627 23:55:33.499517  3419 log.go:398] failed to check terminal shell support: internal: internal error

2026-06-27 23:55:33.546 [error] [LS Main stderr] E0627 23:55:33.546480  3419 log.go:398] failed to check terminal shell support: internal: internal error

2026-06-27 23:55:33.552 [error] [LS Main stderr] E0627 23:55:33.550780  3419 log.go:398] failed to check terminal shell support: internal: internal error

2026-06-27 23:55:38.521 [error] [LS Main stderr] I0627 23:55:38.520598  3419 http_helpers.go:183] URL: https://daily-cloudcode-pa.googleapis.com/v1internal:streamGenerateContent?alt=sse Trace: 0x6cce0b321df75475

2026-06-27 23:55:38.583 [error] [LS Main stderr] E0627 23:55:38.582776  3419 log.go:398] failed to check terminal shell support: internal: internal error

2026-06-27 23:55:38.589 [error] [LS Main stderr] E0627 23:55:38.588565  3419 log.go:398] failed to check terminal shell support: internal: internal error

2026-06-27 23:55:38.724 [error] [LS Main stderr] E0627 23:55:38.723789  3419 log.go:398] failed to check terminal shell support: internal: internal error

2026-06-27 23:55:38.725 [error] [LS Main stderr] E0627 23:55:38.725338  3419 log.go:398] failed to check terminal shell support: internal: internal error

2026-06-27 23:55:38.780 [error] [LS Main stderr] E0627 23:55:38.780393  3419 log.go:398] failed to check terminal shell support: internal: internal error

2026-06-27 23:55:38.782 [error] [LS Main stderr] E0627 23:55:38.782339  3419 log.go:398] failed to check terminal shell support: internal: internal error

2026-06-27 23:55:43.728 [error] [LS Main stderr] I0627 23:55:43.728342  3419 http_helpers.go:183] URL: https://daily-cloudcode-pa.googleapis.com/v1internal:streamGenerateContent?alt=sse Trace: 0xc9a9a8f85a28b5b3

2026-06-27 23:55:43.782 [error] [LS Main stderr] E0627 23:55:43.782021  3419 log.go:398] failed to check terminal shell support: internal: internal error

2026-06-27 23:55:43.784 [error] [LS Main stderr] E0627 23:55:43.784241  3419 log.go:398] failed to check terminal shell support: internal: internal error

2026-06-27 23:55:44.896 [error] [LS Main stderr] E0627 23:55:44.896280  3419 log.go:398] failed to check terminal shell support: internal: internal error

2026-06-27 23:55:44.898 [error] [LS Main stderr] E0627 23:55:44.898345  3419 log.go:398] failed to check terminal shell support: internal: internal error

2026-06-27 23:55:44.923 [error] [LS Main stderr] E0627 23:55:44.923095  3419 log.go:398] failed to check terminal shell support: internal: internal error

2026-06-27 23:55:44.925 [error] [LS Main stderr] E0627 23:55:44.925020  3419 log.go:398] failed to check terminal shell support: internal: internal error

2026-06-27 23:55:44.950 [error] [LS Main stderr] E0627 23:55:44.950111  3419 log.go:398] failed to check terminal shell support: internal: internal error

2026-06-27 23:55:44.952 [error] [LS Main stderr] E0627 23:55:44.952062  3419 log.go:398] failed to check terminal shell support: internal: internal error

2026-06-27 23:55:46.377 [error] [LS Main stderr] I0627 23:55:46.376520  3419 http_helpers.go:183] URL: https://daily-cloudcode-pa.googleapis.com/v1internal:streamGenerateContent?alt=sse Trace: 0x354c830bcec1c4df

2026-06-27 23:55:49.511 [error] [LS Main stderr] I0627 23:55:49.511054  3419 http_helpers.go:183] URL: https://daily-cloudcode-pa.googleapis.com/v1internal:streamGenerateContent?alt=sse Trace: 0xdb4987bea376b1d9

2026-06-27 23:55:49.572 [error] [LS Main stderr] E0627 23:55:49.572130  3419 log.go:398] failed to check terminal shell support: internal: internal error

2026-06-27 23:55:49.574 [error] [LS Main stderr] E0627 23:55:49.574370  3419 log.go:398] failed to check terminal shell support: internal: internal error

2026-06-27 23:55:50.047 [error] [LS Main stderr] E0627 23:55:50.047245  3419 log.go:398] failed to check terminal shell support: internal: internal error

2026-06-27 23:55:50.049 [error] [LS Main stderr] E0627 23:55:50.049140  3419 log.go:398] failed to check terminal shell support: internal: internal error

2026-06-27 23:55:50.071 [error] [LS Main stderr] E0627 23:55:50.070787  3419 log.go:398] failed to check terminal shell support: internal: internal error

2026-06-27 23:55:50.072 [error] [LS Main stderr] E0627 23:55:50.072713  3419 log.go:398] failed to check terminal shell support: internal: internal error

2026-06-27 23:55:50.132 [error] [LS Main stderr] E0627 23:55:50.132332  3419 log.go:398] failed to check terminal shell support: internal: internal error

2026-06-27 23:55:50.134 [error] [LS Main stderr] E0627 23:55:50.134336  3419 log.go:398] failed to check terminal shell support: internal: internal error

2026-06-27 23:55:50.451 [error] [LS Main stderr] E0627 23:55:50.450903  3419 log.go:398] failed to check terminal shell support: internal: internal error

2026-06-27 23:55:50.452 [error] [LS Main stderr] E0627 23:55:50.452310  3419 log.go:398] failed to check terminal shell support: internal: internal error

2026-06-27 23:55:55.366 [error] [LS Main stderr] I0627 23:55:55.366556  3419 http_helpers.go:183] URL: https://daily-cloudcode-pa.googleapis.com/v1internal:streamGenerateContent?alt=sse Trace: 0x84872fb3bf5376cf

2026-06-27 23:55:55.417 [error] [LS Main stderr] E0627 23:55:55.417137  3419 log.go:398] failed to check terminal shell support: internal: internal error

2026-06-27 23:55:55.423 [error] [LS Main stderr] E0627 23:55:55.423153  3419 log.go:398] failed to check terminal shell support: internal: internal error

2026-06-27 23:55:57.110 [error] [LS Main stderr] E0627 23:55:57.110779  3419 log.go:398] failed to check terminal shell support: internal: internal error

2026-06-27 23:55:57.112 [error] [LS Main stderr] E0627 23:55:57.112317  3419 log.go:398] failed to check terminal shell support: internal: internal error

2026-06-27 23:55:57.135 [error] [LS Main stderr] E0627 23:55:57.135351  3419 log.go:398] failed to check terminal shell support: internal: internal error

2026-06-27 23:55:57.137 [error] [LS Main stderr] E0627 23:55:57.137193  3419 log.go:398] failed to check terminal shell support: internal: internal error

2026-06-27 23:56:01.942 [error] [LS Main stderr] I0627 23:56:01.942209  3419 http_helpers.go:183] URL: https://daily-cloudcode-pa.googleapis.com/v1internal:streamGenerateContent?alt=sse Trace: 0xbe1b55773eb779d7

2026-06-27 23:56:02.021 [error] [LS Main stderr] E0627 23:56:02.020833  3419 log.go:398] failed to check terminal shell support: internal: internal error

2026-06-27 23:56:02.024 [error] [LS Main stderr] E0627 23:56:02.024031  3419 log.go:398] failed to check terminal shell support: internal: internal error

2026-06-27 23:56:02.080 [error] [LS Main stderr] E0627 23:56:02.080431  3419 log.go:398] failed to check terminal shell support: internal: internal error

2026-06-27 23:56:02.082 [error] [LS Main stderr] E0627 23:56:02.082092  3419 log.go:398] failed to check terminal shell support: internal: internal error

2026-06-27 23:56:02.108 [error] [LS Main stderr] E0627 23:56:02.108146  3419 log.go:398] failed to check terminal shell support: internal: internal error

2026-06-27 23:56:02.109 [error] [LS Main stderr] E0627 23:56:02.109717  3419 log.go:398] failed to check terminal shell support: internal: internal error

2026-06-27 23:56:08.083 [error] [LS Main stderr] I0627 23:56:08.083634  3419 http_helpers.go:183] URL: https://daily-cloudcode-pa.googleapis.com/v1internal:streamGenerateContent?alt=sse Trace: 0x7250b40a3fea506c

2026-06-27 23:56:08.147 [error] [LS Main stderr] E0627 23:56:08.147779  3419 log.go:398] failed to check terminal shell support: internal: internal error

2026-06-27 23:56:08.149 [error] [LS Main stderr] E0627 23:56:08.149353  3419 log.go:398] failed to check terminal shell support: internal: internal error

2026-06-27 23:56:11.540 [error] [LS Main stderr] E0627 23:56:11.540016  3419 log.go:398] failed to check terminal shell support: internal: internal error

2026-06-27 23:56:11.542 [error] [LS Main stderr] E0627 23:56:11.542103  3419 log.go:398] failed to check terminal shell support: internal: internal error

2026-06-27 23:56:11.587 [error] [LS Main stderr] E0627 23:56:11.587325  3419 log.go:398] failed to check terminal shell support: internal: internal error

2026-06-27 23:56:11.588 [error] [LS Main stderr] E0627 23:56:11.588596  3419 log.go:398] failed to check terminal shell support: internal: internal error

2026-06-27 23:56:16.690 [error] [LS Main stderr] I0627 23:56:16.689935  3419 http_helpers.go:183] URL: https://daily-cloudcode-pa.googleapis.com/v1internal:streamGenerateContent?alt=sse Trace: 0xa81bd990857100b8

2026-06-27 23:56:16.777 [error] [LS Main stderr] E0627 23:56:16.777319  3419 log.go:398] failed to check terminal shell support: internal: internal error

2026-06-27 23:56:16.779 [error] [LS Main stderr] E0627 23:56:16.779409  3419 log.go:398] failed to check terminal shell support: internal: internal error

2026-06-27 23:56:16.850 [error] [LS Main stderr] E0627 23:56:16.850511  3419 log.go:398] failed to check terminal shell support: internal: internal error

2026-06-27 23:56:16.852 [error] [LS Main stderr] E0627 23:56:16.852144  3419 log.go:398] failed to check terminal shell support: internal: internal error

2026-06-27 23:56:16.884 [error] [LS Main stderr] E0627 23:56:16.884456  3419 log.go:398] failed to check terminal shell support: internal: internal error

2026-06-27 23:56:16.885 [error] [LS Main stderr] E0627 23:56:16.885716  3419 log.go:398] failed to check terminal shell support: internal: internal error

2026-06-27 23:56:22.012 [error] [LS Main stderr] I0627 23:56:22.011775  3419 http_helpers.go:183] URL: https://daily-cloudcode-pa.googleapis.com/v1internal:streamGenerateContent?alt=sse Trace: 0x22b7f88ae8ce3e6c

2026-06-27 23:56:22.072 [error] [LS Main stderr] E0627 23:56:22.072389  3419 log.go:398] failed to check terminal shell support: internal: internal error

2026-06-27 23:56:22.074 [error] [LS Main stderr] E0627 23:56:22.074090  3419 log.go:398] failed to check terminal shell support: internal: internal error

2026-06-27 23:56:29.170 [error] [LS Main stderr] E0627 23:56:29.169364  3419 log.go:398] failed to check terminal shell support: internal: internal error

2026-06-27 23:56:29.171 [error] [LS Main stderr] E0627 23:56:29.171068  3419 log.go:398] failed to check terminal shell support: internal: internal error

2026-06-27 23:56:29.200 [error] [LS Main stderr] E0627 23:56:29.200621  3419 log.go:398] failed to check terminal shell support: internal: internal error

2026-06-27 23:56:29.202 [error] [LS Main stderr] E0627 23:56:29.202039  3419 log.go:398] failed to check terminal shell support: internal: internal error

2026-06-27 23:56:34.298 [error] [LS Main stderr] I0627 23:56:34.298456  3419 http_helpers.go:183] URL: https://daily-cloudcode-pa.googleapis.com/v1internal:streamGenerateContent?alt=sse Trace: 0xc8b2b45ce57024b5

2026-06-27 23:56:34.351 [error] [LS Main stderr] E0627 23:56:34.350649  3419 log.go:398] failed to check terminal shell support: internal: internal error

2026-06-27 23:56:34.353 [error] [LS Main stderr] E0627 23:56:34.353380  3419 log.go:398] failed to check terminal shell support: internal: internal error

2026-06-27 23:56:50.703 [error] [LS Main stderr] E0627 23:56:50.703369  3419 log.go:398] failed to check terminal shell support: internal: internal error

2026-06-27 23:56:50.706 [error] [LS Main stderr] E0627 23:56:50.705331  3419 log.go:398] failed to check terminal shell support: internal: internal error

2026-06-27 23:56:50.739 [error] [LS Main stderr] E0627 23:56:50.739094  3419 log.go:398] failed to check terminal shell support: internal: internal error

2026-06-27 23:56:50.740 [error] [LS Main stderr] E0627 23:56:50.740303  3419 log.go:398] failed to check terminal shell support: internal: internal error

2026-06-27 23:56:56.083 [error] [LS Main stderr] I0627 23:56:56.082915  3419 http_helpers.go:183] URL: https://daily-cloudcode-pa.googleapis.com/v1internal:streamGenerateContent?alt=sse Trace: 0xd8b412da8533a3da

2026-06-27 23:56:56.141 [error] [LS Main stderr] E0627 23:56:56.141131  3419 log.go:398] failed to check terminal shell support: internal: internal error

2026-06-27 23:56:56.142 [error] [LS Main stderr] E0627 23:56:56.142422  3419 log.go:398] failed to check terminal shell support: internal: internal error

2026-06-27 23:57:01.020 [error] [LS Main stderr] I0627 23:57:01.019643  3419 http_helpers.go:183] URL: https://daily-cloudcode-pa.googleapis.com/v1internal:loadCodeAssist Trace: 0xc15c4e771fb38c61

2026-06-27 23:57:01.989 [error] [LS Main stderr] I0627 23:57:01.989355  3419 http_helpers.go:183] URL: https://daily-cloudcode-pa.googleapis.com/v1internal:fetchAvailableModels Trace: 0xdc978ea74603c929

2026-06-27 23:57:01.996 [error] [LS Main stderr] E0627 23:57:01.996539  3419 log.go:398] failed to check terminal shell support: internal: internal error

2026-06-27 23:57:01.999 [error] [LS Main stderr] E0627 23:57:01.999360  3419 log.go:398] failed to check terminal shell support: internal: internal error

2026-06-27 23:57:05.790 [error] [LS Main stderr] E0627 23:57:05.789896  3419 log.go:398] failed to check terminal shell support: internal: internal error

2026-06-27 23:57:05.791 [error] [LS Main stderr] E0627 23:57:05.791377  3419 log.go:398] failed to check terminal shell support: internal: internal error

2026-06-27 23:57:05.811 [error] [LS Main stderr] E0627 23:57:05.811381  3419 log.go:398] failed to check terminal shell support: internal: internal error

2026-06-27 23:57:05.813 [error] [LS Main stderr] E0627 23:57:05.812863  3419 log.go:398] failed to check terminal shell support: internal: internal error

2026-06-27 23:57:11.062 [error] [LS Main stderr] I0627 23:57:11.062629  3419 http_helpers.go:183] URL: https://daily-cloudcode-pa.googleapis.com/v1internal:streamGenerateContent?alt=sse Trace: 0xf6c11273ea7101ee

2026-06-27 23:57:11.126 [error] [LS Main stderr] E0627 23:57:11.125939  3419 log.go:398] failed to check terminal shell support: internal: internal error

2026-06-27 23:57:11.132 [error] [LS Main stderr] E0627 23:57:11.132346  3419 log.go:398] failed to check terminal shell support: internal: internal error

2026-06-27 23:57:22.505 [error] [LS Main stderr] I0627 23:57:22.505350  3419 log_context.go:117] Model output error: failed to read file: open /home/ladybug-me/caelestia-dots-kde/shell/modules/bar/HorizontalBar.qml: no such file or directory
E0627 23:57:22.505374  3419 log.go:398] model output error: invalid tool call error (invalid_args) failed to read file: open /home/ladybug-me/caelestia-dots-kde/shell/modules/bar/HorizontalBar.qml: no such file or directory

2026-06-27 23:57:22.565 [error] [LS Main stderr] E0627 23:57:22.565633  3419 log.go:398] failed to check terminal shell support: internal: internal error

2026-06-27 23:57:22.567 [error] [LS Main stderr] E0627 23:57:22.566782  3419 log.go:398] failed to check terminal shell support: internal: internal error

2026-06-27 23:57:27.443 [error] [LS Main stderr] I0627 23:57:27.442555  3419 http_helpers.go:183] URL: https://daily-cloudcode-pa.googleapis.com/v1internal:streamGenerateContent?alt=sse Trace: 0x1b26189c8157d7b3

2026-06-27 23:57:27.500 [error] [LS Main stderr] E0627 23:57:27.500133  3419 log.go:398] failed to check terminal shell support: internal: internal error

2026-06-27 23:57:27.505 [error] [LS Main stderr] E0627 23:57:27.505747  3419 log.go:398] failed to check terminal shell support: internal: internal error

2026-06-27 23:57:27.905 [error] [LS Main stderr] E0627 23:57:27.905359  3419 log.go:398] failed to check terminal shell support: internal: internal error

2026-06-27 23:57:27.907 [error] [LS Main stderr] E0627 23:57:27.907716  3419 log.go:398] failed to check terminal shell support: internal: internal error

2026-06-27 23:57:27.995 [error] [LS Main stderr] E0627 23:57:27.995898  3419 log.go:398] failed to check terminal shell support: internal: internal error

2026-06-27 23:57:27.998 [error] [LS Main stderr] E0627 23:57:27.998345  3419 log.go:398] failed to check terminal shell support: internal: internal error

2026-06-27 23:57:32.361 [error] [LS Main stderr] I0627 23:57:32.360884  3419 http_helpers.go:183] URL: https://daily-cloudcode-pa.googleapis.com/v1internal:streamGenerateContent?alt=sse Trace: 0x8fc3172294cd9b8c

2026-06-27 23:57:32.417 [error] [LS Main stderr] E0627 23:57:32.416823  3419 log.go:398] failed to check terminal shell support: internal: internal error

2026-06-27 23:57:32.418 [error] [LS Main stderr] E0627 23:57:32.418135  3419 log.go:398] failed to check terminal shell support: internal: internal error

2026-06-27 23:57:32.596 [error] [LS Main stderr] E0627 23:57:32.596564  3419 log.go:398] failed to check terminal shell support: internal: internal error

2026-06-27 23:57:32.602 [error] [LS Main stderr] E0627 23:57:32.602254  3419 log.go:398] failed to check terminal shell support: internal: internal error

2026-06-27 23:57:32.622 [error] [LS Main stderr] E0627 23:57:32.621919  3419 log.go:398] failed to check terminal shell support: internal: internal error

2026-06-27 23:57:32.623 [error] [LS Main stderr] E0627 23:57:32.623757  3419 log.go:398] failed to check terminal shell support: internal: internal error

2026-06-27 23:57:38.093 [error] [LS Main stderr] I0627 23:57:38.093182  3419 http_helpers.go:183] URL: https://daily-cloudcode-pa.googleapis.com/v1internal:streamGenerateContent?alt=sse Trace: 0xcdfe96e82cf422ca

2026-06-27 23:57:38.140 [error] [LS Main stderr] E0627 23:57:38.140186  3419 log.go:398] failed to check terminal shell support: internal: internal error

2026-06-27 23:57:38.141 [error] [LS Main stderr] E0627 23:57:38.141373  3419 log.go:398] failed to check terminal shell support: internal: internal error

2026-06-27 23:57:38.842 [error] [LS Main stderr] E0627 23:57:38.841780  3419 log.go:398] failed to check terminal shell support: internal: internal error

2026-06-27 23:57:38.843 [error] [LS Main stderr] E0627 23:57:38.843348  3419 log.go:398] failed to check terminal shell support: internal: internal error

2026-06-27 23:57:38.866 [error] [LS Main stderr] E0627 23:57:38.866301  3419 log.go:398] failed to check terminal shell support: internal: internal error

2026-06-27 23:57:38.868 [error] [LS Main stderr] E0627 23:57:38.868722  3419 log.go:398] failed to check terminal shell support: internal: internal error

2026-06-27 23:57:45.468 [error] [LS Main stderr] I0627 23:57:45.467884  3419 http_helpers.go:183] URL: https://daily-cloudcode-pa.googleapis.com/v1internal:streamGenerateContent?alt=sse Trace: 0xb7d39e2a1bc215cf

2026-06-27 23:57:45.548 [error] [LS Main stderr] E0627 23:57:45.547941  3419 log.go:398] failed to check terminal shell support: internal: internal error

2026-06-27 23:57:45.549 [error] [LS Main stderr] E0627 23:57:45.549118  3419 log.go:398] failed to check terminal shell support: internal: internal error

2026-06-27 23:57:45.600 [error] [LS Main stderr] E0627 23:57:45.599995  3419 log.go:398] failed to check terminal shell support: internal: internal error

2026-06-27 23:57:45.602 [error] [LS Main stderr] E0627 23:57:45.601990  3419 log.go:398] failed to check terminal shell support: internal: internal error

2026-06-27 23:57:45.624 [error] [LS Main stderr] E0627 23:57:45.624398  3419 log.go:398] failed to check terminal shell support: internal: internal error

2026-06-27 23:57:45.629 [error] [LS Main stderr] E0627 23:57:45.629333  3419 log.go:398] failed to check terminal shell support: internal: internal error

2026-06-27 23:57:50.996 [error] [LS Main stderr] I0627 23:57:50.996284  3419 http_helpers.go:183] URL: https://daily-cloudcode-pa.googleapis.com/v1internal:streamGenerateContent?alt=sse Trace: 0x64291f0323aecae1

2026-06-27 23:57:51.044 [error] [LS Main stderr] E0627 23:57:51.043994  3419 log.go:398] failed to check terminal shell support: internal: internal error

2026-06-27 23:57:51.045 [error] [LS Main stderr] E0627 23:57:51.045661  3419 log.go:398] failed to check terminal shell support: internal: internal error

2026-06-27 23:57:54.605 [error] [LS Main stderr] E0627 23:57:54.604971  3419 log.go:398] failed to check terminal shell support: internal: internal error

2026-06-27 23:57:54.607 [error] [LS Main stderr] E0627 23:57:54.606929  3419 log.go:398] failed to check terminal shell support: internal: internal error

2026-06-27 23:57:54.753 [error] [LS Main stderr] E0627 23:57:54.753581  3419 log.go:398] failed to check terminal shell support: internal: internal error

2026-06-27 23:57:54.755 [error] [LS Main stderr] E0627 23:57:54.754740  3419 log.go:398] failed to check terminal shell support: internal: internal error

2026-06-27 23:57:56.716 [error] [LS Main stderr] E0627 23:57:56.716455  3419 log.go:398] failed to check terminal shell support: internal: internal error

2026-06-27 23:57:56.718 [error] [LS Main stderr] E0627 23:57:56.718372  3419 log.go:398] failed to check terminal shell support: internal: internal error

2026-06-27 23:58:02.466 [error] [LS Main stderr] I0627 23:58:02.465809  3419 http_helpers.go:183] URL: https://daily-cloudcode-pa.googleapis.com/v1internal:streamGenerateContent?alt=sse Trace: 0xff2dac25db2fc634

2026-06-27 23:58:02.518 [error] [LS Main stderr] E0627 23:58:02.518351  3419 log.go:398] failed to check terminal shell support: internal: internal error

2026-06-27 23:58:02.520 [error] [LS Main stderr] E0627 23:58:02.520357  3419 log.go:398] failed to check terminal shell support: internal: internal error

2026-06-27 23:58:03.214 [error] [LS Main stderr] E0627 23:58:03.214328  3419 log.go:398] failed to check terminal shell support: internal: internal error

2026-06-27 23:58:03.216 [error] [LS Main stderr] E0627 23:58:03.215875  3419 log.go:398] failed to check terminal shell support: internal: internal error

2026-06-27 23:58:03.274 [error] [LS Main stderr] E0627 23:58:03.273969  3419 log.go:398] failed to check terminal shell support: internal: internal error

2026-06-27 23:58:03.275 [error] [LS Main stderr] E0627 23:58:03.275240  3419 log.go:398] failed to check terminal shell support: internal: internal error

2026-06-27 23:58:08.815 [error] [LS Main stderr] I0627 23:58:08.814677  3419 http_helpers.go:183] URL: https://daily-cloudcode-pa.googleapis.com/v1internal:streamGenerateContent?alt=sse Trace: 0x2e38c01303677985

2026-06-27 23:58:08.873 [error] [LS Main stderr] E0627 23:58:08.872811  3419 log.go:398] failed to check terminal shell support: internal: internal error

2026-06-27 23:58:08.875 [error] [LS Main stderr] E0627 23:58:08.875240  3419 log.go:398] failed to check terminal shell support: internal: internal error

2026-06-27 23:58:09.381 [error] [LS Main stderr] E0627 23:58:09.380397  3419 log.go:398] failed to check terminal shell support: internal: internal error

2026-06-27 23:58:09.384 [error] [LS Main stderr] E0627 23:58:09.383753  3419 log.go:398] failed to check terminal shell support: internal: internal error

2026-06-27 23:58:09.487 [error] [LS Main stderr] E0627 23:58:09.486924  3419 log.go:398] failed to check terminal shell support: internal: internal error

2026-06-27 23:58:09.489 [error] [LS Main stderr] E0627 23:58:09.488305  3419 log.go:398] failed to check terminal shell support: internal: internal error

2026-06-27 23:58:15.367 [error] [LS Main stderr] I0627 23:58:15.367694  3419 http_helpers.go:183] URL: https://daily-cloudcode-pa.googleapis.com/v1internal:streamGenerateContent?alt=sse Trace: 0xc8aced06d456d68a

2026-06-27 23:58:15.423 [error] [LS Main stderr] E0627 23:58:15.423505  3419 log.go:398] failed to check terminal shell support: internal: internal error

2026-06-27 23:58:15.425 [error] [LS Main stderr] E0627 23:58:15.425605  3419 log.go:398] failed to check terminal shell support: internal: internal error

2026-06-27 23:58:15.881 [error] [LS Main stderr] E0627 23:58:15.880777  3419 log.go:398] failed to check terminal shell support: internal: internal error

2026-06-27 23:58:15.883 [error] [LS Main stderr] E0627 23:58:15.883387  3419 log.go:398] failed to check terminal shell support: internal: internal error

2026-06-27 23:58:15.901 [error] [LS Main stderr] E0627 23:58:15.901188  3419 log.go:398] failed to check terminal shell support: internal: internal error

2026-06-27 23:58:15.904 [error] [LS Main stderr] E0627 23:58:15.904264  3419 log.go:398] failed to check terminal shell support: internal: internal error

2026-06-27 23:58:20.693 [error] [LS Main stderr] I0627 23:58:20.692908  3419 http_helpers.go:183] URL: https://daily-cloudcode-pa.googleapis.com/v1internal:streamGenerateContent?alt=sse Trace: 0xdf72a7d53cbdb1ba

2026-06-27 23:58:20.775 [error] [LS Main stderr] E0627 23:58:20.774858  3419 log.go:398] failed to check terminal shell support: internal: internal error

2026-06-27 23:58:20.777 [error] [LS Main stderr] E0627 23:58:20.777074  3419 log.go:398] failed to check terminal shell support: internal: internal error

2026-06-27 23:58:20.843 [error] [LS Main stderr] E0627 23:58:20.843010  3419 log.go:398] failed to check terminal shell support: internal: internal error

2026-06-27 23:58:20.844 [error] [LS Main stderr] E0627 23:58:20.844849  3419 log.go:398] failed to check terminal shell support: internal: internal error

2026-06-27 23:58:20.872 [error] [LS Main stderr] E0627 23:58:20.872666  3419 log.go:398] failed to check terminal shell support: internal: internal error

2026-06-27 23:58:20.874 [error] [LS Main stderr] E0627 23:58:20.873903  3419 log.go:398] failed to check terminal shell support: internal: internal error

2026-06-27 23:58:27.349 [error] [LS Main stderr] I0627 23:58:27.349132  3419 http_helpers.go:183] URL: https://daily-cloudcode-pa.googleapis.com/v1internal:streamGenerateContent?alt=sse Trace: 0xa61650b440c33336

2026-06-27 23:58:27.437 [error] [LS Main stderr] E0627 23:58:27.436917  3419 log.go:398] failed to check terminal shell support: internal: internal error

2026-06-27 23:58:27.440 [error] [LS Main stderr] E0627 23:58:27.439741  3419 log.go:398] failed to check terminal shell support: internal: internal error

2026-06-27 23:58:27.490 [error] [LS Main stderr] E0627 23:58:27.489851  3419 log.go:398] failed to check terminal shell support: internal: internal error

2026-06-27 23:58:27.492 [error] [LS Main stderr] E0627 23:58:27.491879  3419 log.go:398] failed to check terminal shell support: internal: internal error

2026-06-27 23:58:27.515 [error] [LS Main stderr] E0627 23:58:27.515257  3419 log.go:398] failed to check terminal shell support: internal: internal error

2026-06-27 23:58:27.517 [error] [LS Main stderr] E0627 23:58:27.517123  3419 log.go:398] failed to check terminal shell support: internal: internal error

2026-06-27 23:58:33.493 [error] [LS Main stderr] I0627 23:58:33.493421  3419 http_helpers.go:183] URL: https://daily-cloudcode-pa.googleapis.com/v1internal:streamGenerateContent?alt=sse Trace: 0xa0dfee1dc6bca9f8

2026-06-27 23:58:33.546 [error] [LS Main stderr] E0627 23:58:33.546731  3419 log.go:398] failed to check terminal shell support: internal: internal error

2026-06-27 23:58:33.548 [error] [LS Main stderr] E0627 23:58:33.548349  3419 log.go:398] failed to check terminal shell support: internal: internal error

2026-06-27 23:58:34.795 [error] [LS Main stderr] E0627 23:58:34.795327  3419 log.go:398] failed to check terminal shell support: internal: internal error

2026-06-27 23:58:34.797 [error] [LS Main stderr] E0627 23:58:34.797243  3419 log.go:398] failed to check terminal shell support: internal: internal error

2026-06-27 23:58:34.817 [error] [LS Main stderr] E0627 23:58:34.817135  3419 log.go:398] failed to check terminal shell support: internal: internal error

2026-06-27 23:58:34.819 [error] [LS Main stderr] E0627 23:58:34.819119  3419 log.go:398] failed to check terminal shell support: internal: internal error

2026-06-27 23:58:40.661 [error] [LS Main stderr] I0627 23:58:40.661191  3419 http_helpers.go:183] URL: https://daily-cloudcode-pa.googleapis.com/v1internal:streamGenerateContent?alt=sse Trace: 0x97a84736fb73a0e2

2026-06-27 23:58:40.729 [error] [LS Main stderr] E0627 23:58:40.728396  3419 log.go:398] failed to check terminal shell support: internal: internal error

2026-06-27 23:58:40.731 [error] [LS Main stderr] E0627 23:58:40.731158  3419 log.go:398] failed to check terminal shell support: internal: internal error

2026-06-27 23:58:40.811 [error] [LS Main stderr] E0627 23:58:40.811069  3419 log.go:398] failed to check terminal shell support: internal: internal error

2026-06-27 23:58:40.812 [error] [LS Main stderr] E0627 23:58:40.812817  3419 log.go:398] failed to check terminal shell support: internal: internal error

2026-06-27 23:58:40.832 [error] [LS Main stderr] E0627 23:58:40.832356  3419 log.go:398] failed to check terminal shell support: internal: internal error

2026-06-27 23:58:40.834 [error] [LS Main stderr] E0627 23:58:40.834047  3419 log.go:398] failed to check terminal shell support: internal: internal error

2026-06-27 23:58:46.054 [error] [LS Main stderr] I0627 23:58:46.054006  3419 http_helpers.go:183] URL: https://daily-cloudcode-pa.googleapis.com/v1internal:streamGenerateContent?alt=sse Trace: 0x55c4e305ef7b93f4

2026-06-27 23:58:46.119 [error] [LS Main stderr] E0627 23:58:46.119374  3419 log.go:398] failed to check terminal shell support: internal: internal error

2026-06-27 23:58:46.121 [error] [LS Main stderr] E0627 23:58:46.121254  3419 log.go:398] failed to check terminal shell support: internal: internal error

2026-06-27 23:58:46.215 [error] [LS Main stderr] E0627 23:58:46.215531  3419 log.go:398] failed to check terminal shell support: internal: internal error

2026-06-27 23:58:46.218 [error] [LS Main stderr] E0627 23:58:46.217901  3419 log.go:398] failed to check terminal shell support: internal: internal error

2026-06-27 23:58:46.314 [error] [LS Main stderr] E0627 23:58:46.311371  3419 log.go:398] failed to check terminal shell support: internal: internal error
E0627 23:58:46.314323  3419 log.go:398] failed to check terminal shell support: internal: internal error

2026-06-27 23:58:52.437 [error] [LS Main stderr] I0627 23:58:52.436990  3419 http_helpers.go:183] URL: https://daily-cloudcode-pa.googleapis.com/v1internal:streamGenerateContent?alt=sse Trace: 0xdbe8f0a84de2bcd7

2026-06-27 23:58:52.493 [error] [LS Main stderr] E0627 23:58:52.492260  3419 log.go:398] failed to check terminal shell support: internal: internal error

2026-06-27 23:58:52.494 [error] [LS Main stderr] E0627 23:58:52.494330  3419 log.go:398] failed to check terminal shell support: internal: internal error

2026-06-27 23:58:52.814 [error] [LS Main stderr] I0627 23:58:52.814639  3419 log_context.go:117] Model output error: failed to read file: open /home/ladybug-me/caelestia-dots-kde/scripts/05-kde-settings.sh: no such file or directory
E0627 23:58:52.814663  3419 log.go:398] model output error: invalid tool call error (invalid_args) failed to read file: open /home/ladybug-me/caelestia-dots-kde/scripts/05-kde-settings.sh: no such file or directory

2026-06-27 23:58:52.858 [error] [LS Main stderr] E0627 23:58:52.858091  3419 log.go:398] failed to check terminal shell support: internal: internal error

2026-06-27 23:58:52.860 [error] [LS Main stderr] E0627 23:58:52.860315  3419 log.go:398] failed to check terminal shell support: internal: internal error

2026-06-27 23:58:57.660 [error] [LS Main stderr] I0627 23:58:57.659996  3419 http_helpers.go:183] URL: https://daily-cloudcode-pa.googleapis.com/v1internal:streamGenerateContent?alt=sse Trace: 0xf52dfeb8f43c31aa

2026-06-27 23:58:57.725 [error] [LS Main stderr] E0627 23:58:57.725336  3419 log.go:398] failed to check terminal shell support: internal: internal error

2026-06-27 23:58:57.727 [error] [LS Main stderr] E0627 23:58:57.727364  3419 log.go:398] failed to check terminal shell support: internal: internal error

2026-06-27 23:58:58.170 [error] [LS Main stderr] E0627 23:58:58.170111  3419 log.go:398] failed to check terminal shell support: internal: internal error

2026-06-27 23:58:58.172 [error] [LS Main stderr] E0627 23:58:58.171879  3419 log.go:398] failed to check terminal shell support: internal: internal error

2026-06-27 23:58:58.199 [error] [LS Main stderr] E0627 23:58:58.199222  3419 log.go:398] failed to check terminal shell support: internal: internal error

2026-06-27 23:58:58.204 [error] [LS Main stderr] E0627 23:58:58.204067  3419 log.go:398] failed to check terminal shell support: internal: internal error

2026-06-27 23:59:02.984 [error] [LS Main stderr] I0627 23:59:02.984379  3419 http_helpers.go:183] URL: https://daily-cloudcode-pa.googleapis.com/v1internal:streamGenerateContent?alt=sse Trace: 0x698ff0299bd55d18

2026-06-27 23:59:03.051 [error] [LS Main stderr] E0627 23:59:03.051731  3419 log.go:398] failed to check terminal shell support: internal: internal error

2026-06-27 23:59:03.053 [error] [LS Main stderr] E0627 23:59:03.052987  3419 log.go:398] failed to check terminal shell support: internal: internal error

2026-06-27 23:59:03.146 [error] [LS Main stderr] E0627 23:59:03.146608  3419 log.go:398] failed to check terminal shell support: internal: internal error

2026-06-27 23:59:03.149 [error] [LS Main stderr] E0627 23:59:03.148805  3419 log.go:398] failed to check terminal shell support: internal: internal error

2026-06-27 23:59:03.172 [error] [LS Main stderr] E0627 23:59:03.172035  3419 log.go:398] failed to check terminal shell support: internal: internal error

2026-06-27 23:59:03.173 [error] [LS Main stderr] E0627 23:59:03.173691  3419 log.go:398] failed to check terminal shell support: internal: internal error

2026-06-27 23:59:07.592 [error] [LS Main stderr] I0627 23:59:07.592136  3419 http_helpers.go:183] URL: https://daily-cloudcode-pa.googleapis.com/v1internal:streamGenerateContent?alt=sse Trace: 0x1fd403d9a4bba7e

2026-06-27 23:59:07.653 [error] [LS Main stderr] E0627 23:59:07.653335  3419 log.go:398] failed to check terminal shell support: internal: internal error

2026-06-27 23:59:07.655 [error] [LS Main stderr] E0627 23:59:07.655019  3419 log.go:398] failed to check terminal shell support: internal: internal error

2026-06-27 23:59:07.790 [error] [LS Main stderr] E0627 23:59:07.790373  3419 log.go:398] failed to check terminal shell support: internal: internal error

2026-06-27 23:59:07.792 [error] [LS Main stderr] E0627 23:59:07.792287  3419 log.go:398] failed to check terminal shell support: internal: internal error

2026-06-27 23:59:07.848 [error] [LS Main stderr] E0627 23:59:07.848345  3419 log.go:398] failed to check terminal shell support: internal: internal error

2026-06-27 23:59:07.850 [error] [LS Main stderr] E0627 23:59:07.850156  3419 log.go:398] failed to check terminal shell support: internal: internal error

2026-06-27 23:59:12.918 [error] [LS Main stderr] I0627 23:59:12.918195  3419 http_helpers.go:183] URL: https://daily-cloudcode-pa.googleapis.com/v1internal:streamGenerateContent?alt=sse Trace: 0xef88d7a34d3f1b7d

2026-06-27 23:59:12.990 [error] [LS Main stderr] E0627 23:59:12.990425  3419 log.go:398] failed to check terminal shell support: internal: internal error

2026-06-27 23:59:12.996 [error] [LS Main stderr] E0627 23:59:12.995357  3419 log.go:398] failed to check terminal shell support: internal: internal error

2026-06-27 23:59:13.118 [error] [LS Main stderr] E0627 23:59:13.118018  3419 log.go:398] failed to check terminal shell support: internal: internal error

2026-06-27 23:59:13.120 [error] [LS Main stderr] E0627 23:59:13.120215  3419 log.go:398] failed to check terminal shell support: internal: internal error

2026-06-27 23:59:13.143 [error] [LS Main stderr] E0627 23:59:13.142637  3419 log.go:398] failed to check terminal shell support: internal: internal error

2026-06-27 23:59:13.144 [error] [LS Main stderr] E0627 23:59:13.144337  3419 log.go:398] failed to check terminal shell support: internal: internal error

2026-06-27 23:59:18.175 [error] [LS Main stderr] I0627 23:59:18.174506  3419 http_helpers.go:183] URL: https://daily-cloudcode-pa.googleapis.com/v1internal:streamGenerateContent?alt=sse Trace: 0x286887636525ce39

2026-06-27 23:59:18.229 [error] [LS Main stderr] E0627 23:59:18.229336  3419 log.go:398] failed to check terminal shell support: internal: internal error

2026-06-27 23:59:18.231 [error] [LS Main stderr] E0627 23:59:18.231367  3419 log.go:398] failed to check terminal shell support: internal: internal error

2026-06-27 23:59:21.878 [error] [LS Main stderr] E0627 23:59:21.878764  3419 log.go:398] failed to check terminal shell support: internal: internal error

2026-06-27 23:59:21.883 [error] [LS Main stderr] E0627 23:59:21.883350  3419 log.go:398] failed to check terminal shell support: internal: internal error

2026-06-27 23:59:21.908 [error] [LS Main stderr] E0627 23:59:21.907136  3419 log.go:398] failed to check terminal shell support: internal: internal error

2026-06-27 23:59:21.910 [error] [LS Main stderr] E0627 23:59:21.910046  3419 log.go:398] failed to check terminal shell support: internal: internal error

2026-06-27 23:59:27.869 [error] [LS Main stderr] I0627 23:59:27.868660  3419 http_helpers.go:183] URL: https://daily-cloudcode-pa.googleapis.com/v1internal:streamGenerateContent?alt=sse Trace: 0x19e91e1e4e0514ea

2026-06-27 23:59:27.927 [error] [LS Main stderr] E0627 23:59:27.927637  3419 log.go:398] failed to check terminal shell support: internal: internal error

2026-06-27 23:59:27.933 [error] [LS Main stderr] E0627 23:59:27.933360  3419 log.go:398] failed to check terminal shell support: internal: internal error

2026-06-27 23:59:29.733 [error] [LS Main stderr] E0627 23:59:29.732823  3419 log.go:398] failed to check terminal shell support: internal: internal error

2026-06-27 23:59:29.736 [error] [LS Main stderr] E0627 23:59:29.736434  3419 log.go:398] failed to check terminal shell support: internal: internal error

2026-06-27 23:59:29.884 [error] [LS Main stderr] E0627 23:59:29.884371  3419 log.go:398] failed to check terminal shell support: internal: internal error

2026-06-27 23:59:29.888 [error] [LS Main stderr] E0627 23:59:29.887622  3419 log.go:398] failed to check terminal shell support: internal: internal error

2026-06-27 23:59:35.041 [error] [LS Main stderr] I0627 23:59:35.040945  3419 http_helpers.go:183] URL: https://daily-cloudcode-pa.googleapis.com/v1internal:streamGenerateContent?alt=sse Trace: 0x202a32d756f77ad0

2026-06-27 23:59:35.114 [error] [LS Main stderr] E0627 23:59:35.114147  3419 log.go:398] failed to check terminal shell support: internal: internal error

2026-06-27 23:59:35.118 [error] [LS Main stderr] E0627 23:59:35.117174  3419 log.go:398] failed to check terminal shell support: internal: internal error

2026-06-27 23:59:35.222 [error] [LS Main stderr] E0627 23:59:35.221853  3419 log.go:398] failed to check terminal shell support: internal: internal error

2026-06-27 23:59:35.225 [error] [LS Main stderr] E0627 23:59:35.225052  3419 log.go:398] failed to check terminal shell support: internal: internal error

2026-06-27 23:59:35.286 [error] [LS Main stderr] E0627 23:59:35.286453  3419 log.go:398] failed to check terminal shell support: internal: internal error

2026-06-27 23:59:35.289 [error] [LS Main stderr] E0627 23:59:35.288587  3419 log.go:398] failed to check terminal shell support: internal: internal error

2026-06-27 23:59:40.770 [error] [LS Main stderr] I0627 23:59:40.770468  3419 http_helpers.go:183] URL: https://daily-cloudcode-pa.googleapis.com/v1internal:streamGenerateContent?alt=sse Trace: 0x49cd55ea51ca356d

2026-06-27 23:59:40.818 [error] [LS Main stderr] E0627 23:59:40.818329  3419 log.go:398] failed to check terminal shell support: internal: internal error

2026-06-27 23:59:40.821 [error] [LS Main stderr] E0627 23:59:40.820341  3419 log.go:398] failed to check terminal shell support: internal: internal error

2026-06-27 23:59:42.487 [error] [LS Main stderr] E0627 23:59:42.487136  3419 log.go:398] failed to check terminal shell support: internal: internal error

2026-06-27 23:59:42.488 [error] [LS Main stderr] E0627 23:59:42.488779  3419 log.go:398] failed to check terminal shell support: internal: internal error

2026-06-27 23:59:42.527 [error] [LS Main stderr] E0627 23:59:42.527018  3419 log.go:398] failed to check terminal shell support: internal: internal error

2026-06-27 23:59:42.529 [error] [LS Main stderr] E0627 23:59:42.529131  3419 log.go:398] failed to check terminal shell support: internal: internal error

2026-06-27 23:59:47.735 [error] [LS Main stderr] I0627 23:59:47.734536  3419 http_helpers.go:183] URL: https://daily-cloudcode-pa.googleapis.com/v1internal:streamGenerateContent?alt=sse Trace: 0xbab5e0a8d7587c4c

2026-06-27 23:59:47.785 [error] [LS Main stderr] E0627 23:59:47.785341  3419 log.go:398] failed to check terminal shell support: internal: internal error

2026-06-27 23:59:47.788 [error] [LS Main stderr] E0627 23:59:47.787466  3419 log.go:398] failed to check terminal shell support: internal: internal error

2026-06-27 23:59:48.452 [error] [LS Main stderr] E0627 23:59:48.452346  3419 log.go:398] failed to check terminal shell support: internal: internal error

2026-06-27 23:59:48.453 [error] [LS Main stderr] E0627 23:59:48.453859  3419 log.go:398] failed to check terminal shell support: internal: internal error

2026-06-27 23:59:48.475 [error] [LS Main stderr] E0627 23:59:48.474979  3419 log.go:398] failed to check terminal shell support: internal: internal error

2026-06-27 23:59:48.477 [error] [LS Main stderr] E0627 23:59:48.477281  3419 log.go:398] failed to check terminal shell support: internal: internal error

2026-06-27 23:59:53.676 [error] [LS Main stderr] I0627 23:59:53.675682  3419 http_helpers.go:183] URL: https://daily-cloudcode-pa.googleapis.com/v1internal:streamGenerateContent?alt=sse Trace: 0x40ce256450b32406

2026-06-27 23:59:53.779 [error] [LS Main stderr] E0627 23:59:53.779724  3419 log.go:398] failed to check terminal shell support: internal: internal error

2026-06-27 23:59:53.781 [error] [LS Main stderr] E0627 23:59:53.781328  3419 log.go:398] failed to check terminal shell support: internal: internal error

2026-06-27 23:59:54.010 [error] [LS Main stderr] E0627 23:59:54.010263  3419 log.go:398] failed to check terminal shell support: internal: internal error

2026-06-27 23:59:54.012 [error] [LS Main stderr] E0627 23:59:54.012339  3419 log.go:398] failed to check terminal shell support: internal: internal error

2026-06-27 23:59:54.044 [error] [LS Main stderr] E0627 23:59:54.043571  3419 log.go:398] failed to check terminal shell support: internal: internal error

2026-06-27 23:59:54.045 [error] [LS Main stderr] E0627 23:59:54.045390  3419 log.go:398] failed to check terminal shell support: internal: internal error

2026-06-27 23:59:58.985 [error] [LS Main stderr] I0627 23:59:58.984830  3419 http_helpers.go:183] URL: https://daily-cloudcode-pa.googleapis.com/v1internal:streamGenerateContent?alt=sse Trace: 0x2c42e9e34982a49a

2026-06-27 23:59:59.051 [error] [LS Main stderr] E0627 23:59:59.051347  3419 log.go:398] failed to check terminal shell support: internal: internal error

2026-06-27 23:59:59.053 [error] [LS Main stderr] E0627 23:59:59.052581  3419 log.go:398] failed to check terminal shell support: internal: internal error

2026-06-27 23:59:59.230 [error] [LS Main stderr] E0627 23:59:59.230595  3419 log.go:398] failed to check terminal shell support: internal: internal error

2026-06-27 23:59:59.232 [error] [LS Main stderr] E0627 23:59:59.232348  3419 log.go:398] failed to check terminal shell support: internal: internal error

2026-06-27 23:59:59.324 [error] [LS Main stderr] E0627 23:59:59.323854  3419 log.go:398] failed to check terminal shell support: internal: internal error

2026-06-27 23:59:59.329 [error] [LS Main stderr] E0627 23:59:59.328993  3419 log.go:398] failed to check terminal shell support: internal: internal error

2026-06-28 00:00:04.937 [error] [LS Main stderr] I0628 00:00:04.937511  3419 http_helpers.go:183] URL: https://daily-cloudcode-pa.googleapis.com/v1internal:streamGenerateContent?alt=sse Trace: 0x1be91beb30554f44

2026-06-28 00:00:04.989 [error] [LS Main stderr] E0628 00:00:04.989033  3419 log.go:398] failed to check terminal shell support: internal: internal error

2026-06-28 00:00:04.991 [error] [LS Main stderr] E0628 00:00:04.991372  3419 log.go:398] failed to check terminal shell support: internal: internal error

2026-06-28 00:00:08.915 [error] [LS Main stderr] E0628 00:00:08.915386  3419 log.go:398] failed to check terminal shell support: internal: internal error

2026-06-28 00:00:08.916 [error] [LS Main stderr] E0628 00:00:08.916776  3419 log.go:398] failed to check terminal shell support: internal: internal error

2026-06-28 00:00:08.977 [error] [LS Main stderr] E0628 00:00:08.977038  3419 log.go:398] failed to check terminal shell support: internal: internal error

2026-06-28 00:00:08.979 [error] [LS Main stderr] E0628 00:00:08.978993  3419 log.go:398] failed to check terminal shell support: internal: internal error

2026-06-28 00:00:14.565 [error] [LS Main stderr] I0628 00:00:14.564692  3419 http_helpers.go:183] URL: https://daily-cloudcode-pa.googleapis.com/v1internal:streamGenerateContent?alt=sse Trace: 0x3234a2e701cea7a3

2026-06-28 00:00:14.614 [error] [LS Main stderr] E0628 00:00:14.614001  3419 log.go:398] failed to check terminal shell support: internal: internal error

2026-06-28 00:00:14.620 [error] [LS Main stderr] E0628 00:00:14.619999  3419 log.go:398] failed to check terminal shell support: internal: internal error

2026-06-28 00:00:16.103 [error] [LS Main stderr] E0628 00:00:16.103341  3419 log.go:398] failed to check terminal shell support: internal: internal error

2026-06-28 00:00:16.105 [error] [LS Main stderr] E0628 00:00:16.105401  3419 log.go:398] failed to check terminal shell support: internal: internal error

2026-06-28 00:00:25.386 [error] [LS Main stderr] E0628 00:00:25.385515  3419 log.go:398] failed to check terminal shell support: internal: internal error

2026-06-28 00:00:25.391 [error] [LS Main stderr] E0628 00:00:25.391041  3419 log.go:398] failed to check terminal shell support: internal: internal error

2026-06-28 00:00:26.305 [error] [LS Main stderr] E0628 00:00:26.305441  3419 log.go:398] failed to check terminal shell support: internal: internal error

2026-06-28 00:00:26.309 [error] [LS Main stderr] E0628 00:00:26.309421  3419 log.go:398] failed to check terminal shell support: internal: internal error

2026-06-28 00:00:31.360 [error] [LS Main stderr] I0628 00:00:31.359451  3419 http_helpers.go:183] URL: https://daily-cloudcode-pa.googleapis.com/v1internal:streamGenerateContent?alt=sse Trace: 0xb5d579b953b05612

2026-06-28 00:00:31.806 [error] [LS Main stderr] E0628 00:00:31.805453  3419 log.go:398] failed to check terminal shell support: internal: internal error

2026-06-28 00:00:31.810 [error] [LS Main stderr] E0628 00:00:31.809752  3419 log.go:398] failed to check terminal shell support: internal: internal error

2026-06-28 00:00:32.248 [error] [LS Main stderr] E0628 00:00:32.247842  3419 log.go:398] failed to check terminal shell support: internal: internal error

2026-06-28 00:00:32.258 [error] [LS Main stderr] E0628 00:00:32.256463  3419 log.go:398] failed to check terminal shell support: internal: internal error

2026-06-28 00:00:32.550 [error] [LS Main stderr] E0628 00:00:32.547692  3419 log.go:398] failed to check terminal shell support: internal: internal error

2026-06-28 00:00:32.551 [error] [LS Main stderr] E0628 00:00:32.551484  3419 log.go:398] failed to check terminal shell support: internal: internal error

2026-06-28 00:00:32.806 [error] [LS Main stderr] E0628 00:00:32.806424  3419 log.go:398] failed to check terminal shell support: internal: internal error

2026-06-28 00:00:32.812 [error] [LS Main stderr] E0628 00:00:32.812421  3419 log.go:398] failed to check terminal shell support: internal: internal error

2026-06-28 00:00:34.074 [error] [LS Main stderr] E0628 00:00:34.069497  3419 log.go:398] failed to check terminal shell support: internal: internal error
E0628 00:00:34.074465  3419 log.go:398] failed to check terminal shell support: internal: internal error

2026-06-28 00:00:36.785 [error] [LS Main stderr] I0628 00:00:36.785073  3419 http_helpers.go:183] URL: https://daily-cloudcode-pa.googleapis.com/v1internal:streamGenerateContent?alt=sse Trace: 0x29c6bec61a05b999

2026-06-28 00:00:37.759 [error] [LS Main stderr] E0628 00:00:37.757260  3419 log.go:398] failed to check terminal shell support: internal: internal error

2026-06-28 00:00:37.768 [error] [LS Main stderr] E0628 00:00:37.768444  3419 log.go:398] failed to check terminal shell support: internal: internal error

2026-06-28 00:00:38.444 [error] [LS Main stderr] E0628 00:00:38.444513  3419 log.go:398] failed to check terminal shell support: internal: internal error

2026-06-28 00:00:38.447 [error] [LS Main stderr] E0628 00:00:38.447273  3419 log.go:398] failed to check terminal shell support: internal: internal error

2026-06-28 00:00:38.711 [error] [LS Main stderr] E0628 00:00:38.710457  3419 log.go:398] failed to check terminal shell support: internal: internal error

2026-06-28 00:00:38.723 [error] [LS Main stderr] E0628 00:00:38.723463  3419 log.go:398] failed to check terminal shell support: internal: internal error

2026-06-28 00:00:42.416 [error] [LS Main stderr] I0628 00:00:42.416471  3419 http_helpers.go:183] URL: https://daily-cloudcode-pa.googleapis.com/v1internal:streamGenerateContent?alt=sse Trace: 0x437acb9e6f66e61b

2026-06-28 00:00:42.516 [error] [LS Main stderr] E0628 00:00:42.516376  3419 log.go:398] failed to check terminal shell support: internal: internal error

2026-06-28 00:00:42.517 [error] [LS Main stderr] E0628 00:00:42.517796  3419 log.go:398] failed to check terminal shell support: internal: internal error

2026-06-28 00:00:42.584 [error] [LS Main stderr] E0628 00:00:42.583986  3419 log.go:398] failed to check terminal shell support: internal: internal error

2026-06-28 00:00:42.586 [error] [LS Main stderr] E0628 00:00:42.586175  3419 log.go:398] failed to check terminal shell support: internal: internal error

2026-06-28 00:00:42.616 [error] [LS Main stderr] E0628 00:00:42.616306  3419 log.go:398] failed to check terminal shell support: internal: internal error

2026-06-28 00:00:42.619 [error] [LS Main stderr] E0628 00:00:42.619423  3419 log.go:398] failed to check terminal shell support: internal: internal error

2026-06-28 00:00:42.643 [error] [LS Main stderr] E0628 00:00:42.643391  3419 log.go:398] failed to check terminal shell support: internal: internal error

2026-06-28 00:00:42.646 [error] [LS Main stderr] E0628 00:00:42.646390  3419 log.go:398] failed to check terminal shell support: internal: internal error

2026-06-28 00:00:43.456 [error] [LS Main stderr] E0628 00:00:43.456446  3419 log.go:398] failed to check terminal shell support: internal: internal error

2026-06-28 00:00:43.459 [error] [LS Main stderr] E0628 00:00:43.458361  3419 log.go:398] failed to check terminal shell support: internal: internal error

2026-06-28 00:00:43.923 [error] [LS Main stderr] I0628 00:00:43.923221  3419 http_helpers.go:183] URL: https://daily-cloudcode-pa.googleapis.com/v1internal:streamGenerateContent?alt=sse Trace: 0x333e2da6c956d3f

2026-06-28 00:00:47.358 [error] [LS Main stderr] E0628 00:00:47.358327  3419 log.go:398] failed to check terminal shell support: internal: internal error

2026-06-28 00:00:47.360 [error] [LS Main stderr] E0628 00:00:47.360377  3419 log.go:398] failed to check terminal shell support: internal: internal error

2026-06-28 00:00:47.373 [error] [LS Main stderr] E0628 00:00:47.373427  3419 log.go:398] failed to check terminal shell support: internal: internal error

2026-06-28 00:00:47.377 [error] [LS Main stderr] E0628 00:00:47.376479  3419 log.go:398] failed to check terminal shell support: internal: internal error

2026-06-28 00:00:47.454 [error] [LS Main stderr] E0628 00:00:47.454114  3419 log.go:398] failed to check terminal shell support: internal: internal error

2026-06-28 00:00:47.456 [error] [LS Main stderr] E0628 00:00:47.456358  3419 log.go:398] failed to check terminal shell support: internal: internal error

2026-06-28 00:00:47.742 [error] [LS Main stderr] I0628 00:00:47.742030  3419 http_helpers.go:183] URL: https://daily-cloudcode-pa.googleapis.com/v1internal:streamGenerateContent?alt=sse Trace: 0xad504567a8f575c5

2026-06-28 00:00:47.827 [error] [LS Main stderr] E0628 00:00:47.827090  3419 log.go:398] failed to check terminal shell support: internal: internal error

2026-06-28 00:00:47.830 [error] [LS Main stderr] E0628 00:00:47.830017  3419 log.go:398] failed to check terminal shell support: internal: internal error

2026-06-28 00:00:47.937 [error] [LS Main stderr] E0628 00:00:47.936940  3419 log.go:398] failed to check terminal shell support: internal: internal error

2026-06-28 00:00:47.939 [error] [LS Main stderr] E0628 00:00:47.938995  3419 log.go:398] failed to check terminal shell support: internal: internal error

2026-06-28 00:00:47.949 [error] [LS Main stderr] E0628 00:00:47.949546  3419 log.go:398] failed to check terminal shell support: internal: internal error

2026-06-28 00:00:47.951 [error] [LS Main stderr] E0628 00:00:47.950969  3419 log.go:398] failed to check terminal shell support: internal: internal error

2026-06-28 00:00:47.988 [error] [LS Main stderr] E0628 00:00:47.988349  3419 log.go:398] failed to check terminal shell support: internal: internal error

2026-06-28 00:00:47.990 [error] [LS Main stderr] E0628 00:00:47.990155  3419 log.go:398] failed to check terminal shell support: internal: internal error

2026-06-28 00:00:48.058 [error] [LS Main stderr] E0628 00:00:48.057442  3419 log.go:398] failed to check terminal shell support: internal: internal error

2026-06-28 00:00:48.059 [error] [LS Main stderr] E0628 00:00:48.059404  3419 log.go:398] failed to check terminal shell support: internal: internal error

2026-06-28 00:00:48.980 [error] [LS Main stderr] I0628 00:00:48.980083  3419 http_helpers.go:183] URL: https://daily-cloudcode-pa.googleapis.com/v1internal:streamGenerateContent?alt=sse Trace: 0x74e5fa966307ff79

2026-06-28 00:00:52.764 [error] [LS Main stderr] I0628 00:00:52.763809  3419 http_helpers.go:183] URL: https://daily-cloudcode-pa.googleapis.com/v1internal:streamGenerateContent?alt=sse Trace: 0xb065c7a743181549

2026-06-28 00:00:52.827 [error] [LS Main stderr] E0628 00:00:52.827364  3419 log.go:398] failed to check terminal shell support: internal: internal error

2026-06-28 00:00:52.830 [error] [LS Main stderr] E0628 00:00:52.830394  3419 log.go:398] failed to check terminal shell support: internal: internal error

2026-06-28 00:00:53.089 [error] [LS Main stderr] E0628 00:00:53.089319  3419 log.go:398] failed to check terminal shell support: internal: internal error

2026-06-28 00:00:53.107 [error] [LS Main stderr] E0628 00:00:53.107778  3419 log.go:398] failed to check terminal shell support: internal: internal error

2026-06-28 00:00:53.150 [error] [LS Main stderr] E0628 00:00:53.149344  3419 log.go:398] failed to check terminal shell support: internal: internal error

2026-06-28 00:00:53.151 [error] [LS Main stderr] E0628 00:00:53.151263  3419 log.go:398] failed to check terminal shell support: internal: internal error

2026-06-28 00:00:53.445 [error] [LS Main stderr] E0628 00:00:53.445869  3419 log.go:398] failed to check terminal shell support: internal: internal error

2026-06-28 00:00:53.447 [error] [LS Main stderr] E0628 00:00:53.447342  3419 log.go:398] failed to check terminal shell support: internal: internal error

2026-06-28 00:00:57.983 [error] [LS Main stderr] I0628 00:00:57.983504  3419 http_helpers.go:183] URL: https://daily-cloudcode-pa.googleapis.com/v1internal:streamGenerateContent?alt=sse Trace: 0xa899c3ab257ecca5

2026-06-28 00:00:58.079 [error] [LS Main stderr] E0628 00:00:58.079174  3419 log.go:398] failed to check terminal shell support: internal: internal error

2026-06-28 00:00:58.083 [error] [LS Main stderr] E0628 00:00:58.082589  3419 log.go:398] failed to check terminal shell support: internal: internal error

2026-06-28 00:00:58.281 [error] [LS Main stderr] E0628 00:00:58.281341  3419 log.go:398] failed to check terminal shell support: internal: internal error

2026-06-28 00:00:58.288 [error] [LS Main stderr] E0628 00:00:58.287125  3419 log.go:398] failed to check terminal shell support: internal: internal error

2026-06-28 00:00:58.316 [error] [LS Main stderr] E0628 00:00:58.316399  3419 log.go:398] failed to check terminal shell support: internal: internal error

2026-06-28 00:00:58.320 [error] [LS Main stderr] E0628 00:00:58.320720  3419 log.go:398] failed to check terminal shell support: internal: internal error

2026-06-28 00:00:58.340 [error] [LS Main stderr] E0628 00:00:58.339413  3419 log.go:398] failed to check terminal shell support: internal: internal error

2026-06-28 00:00:58.343 [error] [LS Main stderr] E0628 00:00:58.342845  3419 log.go:398] failed to check terminal shell support: internal: internal error

2026-06-28 00:00:58.393 [error] [LS Main stderr] E0628 00:00:58.393150  3419 log.go:398] failed to check terminal shell support: internal: internal error

2026-06-28 00:00:58.396 [error] [LS Main stderr] E0628 00:00:58.395945  3419 log.go:398] failed to check terminal shell support: internal: internal error

2026-06-28 00:00:58.458 [error] [LS Main stderr] E0628 00:00:58.457371  3419 log.go:398] failed to check terminal shell support: internal: internal error

2026-06-28 00:00:58.460 [error] [LS Main stderr] E0628 00:00:58.459950  3419 log.go:398] failed to check terminal shell support: internal: internal error

2026-06-28 00:01:02.808 [error] [LS Main stderr] I0628 00:01:02.808111  3419 http_helpers.go:183] URL: https://daily-cloudcode-pa.googleapis.com/v1internal:streamGenerateContent?alt=sse Trace: 0x57280b7e1ff4702d

2026-06-28 00:01:02.865 [error] [LS Main stderr] E0628 00:01:02.864847  3419 log.go:398] failed to check terminal shell support: internal: internal error

2026-06-28 00:01:02.867 [error] [LS Main stderr] E0628 00:01:02.866941  3419 log.go:398] failed to check terminal shell support: internal: internal error

2026-06-28 00:01:03.118 [error] [LS Main stderr] E0628 00:01:03.118413  3419 log.go:398] failed to check terminal shell support: internal: internal error

2026-06-28 00:01:03.120 [error] [LS Main stderr] E0628 00:01:03.120172  3419 log.go:398] failed to check terminal shell support: internal: internal error

2026-06-28 00:01:03.149 [error] [LS Main stderr] E0628 00:01:03.148950  3419 log.go:398] failed to check terminal shell support: internal: internal error

2026-06-28 00:01:03.151 [error] [LS Main stderr] E0628 00:01:03.150981  3419 log.go:398] failed to check terminal shell support: internal: internal error

2026-06-28 00:01:03.490 [error] [LS Main stderr] E0628 00:01:03.490246  3419 log.go:398] failed to check terminal shell support: internal: internal error

2026-06-28 00:01:03.493 [error] [LS Main stderr] E0628 00:01:03.493429  3419 log.go:398] failed to check terminal shell support: internal: internal error

2026-06-28 00:01:04.447 [error] [LS Main stderr] E0628 00:01:04.447549  3419 log.go:398] failed to check terminal shell support: internal: internal error

2026-06-28 00:01:04.449 [error] [LS Main stderr] E0628 00:01:04.449331  3419 log.go:398] failed to check terminal shell support: internal: internal error

2026-06-28 00:01:09.874 [error] [LS Main stderr] I0628 00:01:09.873858  3419 http_helpers.go:183] URL: https://daily-cloudcode-pa.googleapis.com/v1internal:streamGenerateContent?alt=sse Trace: 0xd208f1c34ed18086

2026-06-28 00:01:09.943 [error] [LS Main stderr] E0628 00:01:09.943497  3419 log.go:398] failed to check terminal shell support: internal: internal error

2026-06-28 00:01:09.946 [error] [LS Main stderr] E0628 00:01:09.946064  3419 log.go:398] failed to check terminal shell support: internal: internal error

2026-06-28 00:01:10.462 [error] [LS Main stderr] E0628 00:01:10.461455  3419 log.go:398] failed to check terminal shell support: internal: internal error

2026-06-28 00:01:10.464 [error] [LS Main stderr] E0628 00:01:10.464543  3419 log.go:398] failed to check terminal shell support: internal: internal error

2026-06-28 00:01:10.473 [error] [LS Main stderr] E0628 00:01:10.473326  3419 log.go:398] failed to check terminal shell support: internal: internal error

2026-06-28 00:01:10.475 [error] [LS Main stderr] E0628 00:01:10.475328  3419 log.go:398] failed to check terminal shell support: internal: internal error

2026-06-28 00:01:10.502 [error] [LS Main stderr] E0628 00:01:10.501985  3419 log.go:398] failed to check terminal shell support: internal: internal error

2026-06-28 00:01:10.503 [error] [LS Main stderr] E0628 00:01:10.503483  3419 log.go:398] failed to check terminal shell support: internal: internal error

2026-06-28 00:01:11.457 [error] [LS Main stderr] E0628 00:01:11.456310  3419 log.go:398] failed to check terminal shell support: internal: internal error

2026-06-28 00:01:11.459 [error] [LS Main stderr] E0628 00:01:11.459301  3419 log.go:398] failed to check terminal shell support: internal: internal error

2026-06-28 00:01:15.800 [error] [LS Main stderr] I0628 00:01:15.800686  3419 http_helpers.go:183] URL: https://daily-cloudcode-pa.googleapis.com/v1internal:streamGenerateContent?alt=sse Trace: 0xb9e534a34ff9f849

2026-06-28 00:01:15.882 [error] [LS Main stderr] E0628 00:01:15.881838  3419 log.go:398] failed to check terminal shell support: internal: internal error

2026-06-28 00:01:15.884 [error] [LS Main stderr] E0628 00:01:15.884388  3419 log.go:398] failed to check terminal shell support: internal: internal error

2026-06-28 00:01:18.523 [error] [LS Main stderr] E0628 00:01:18.523550  3419 log.go:398] failed to check terminal shell support: internal: internal error

2026-06-28 00:01:18.529 [error] [LS Main stderr] E0628 00:01:18.529754  3419 log.go:398] failed to check terminal shell support: internal: internal error

2026-06-28 00:01:19.450 [error] [LS Main stderr] E0628 00:01:19.450334  3419 log.go:398] failed to check terminal shell support: internal: internal error

2026-06-28 00:01:19.452 [error] [LS Main stderr] E0628 00:01:19.452152  3419 log.go:398] failed to check terminal shell support: internal: internal error

2026-06-28 00:01:42.881 [error] [LS Main stderr] E0628 00:01:42.881480  3419 log.go:398] failed to check terminal shell support: internal: internal error

2026-06-28 00:01:42.884 [error] [LS Main stderr] E0628 00:01:42.884376  3419 log.go:398] failed to check terminal shell support: internal: internal error

2026-06-28 00:01:42.887 [error] [LS Main stderr] E0628 00:01:42.886533  3419 log.go:398] failed to check terminal shell support: internal: internal error

2026-06-28 00:01:42.911 [error] [LS Main stderr] E0628 00:01:42.911397  3419 log.go:398] failed to check terminal shell support: internal: internal error

2026-06-28 00:01:42.914 [error] [LS Main stderr] E0628 00:01:42.914209  3419 log.go:398] failed to check terminal shell support: internal: internal error

2026-06-28 00:01:42.925 [error] [LS Main stderr] E0628 00:01:42.924363  3419 log.go:398] failed to check terminal shell support: internal: internal error

2026-06-28 00:01:42.928 [error] [LS Main stderr] E0628 00:01:42.927203  3419 log.go:398] failed to check terminal shell support: internal: internal error

2026-06-28 00:01:43.081 [error] [LS Main stderr] E0628 00:01:43.080938  3419 log.go:398] failed to check terminal shell support: internal: internal error

2026-06-28 00:01:43.083 [error] [LS Main stderr] E0628 00:01:43.083399  3419 log.go:398] failed to check terminal shell support: internal: internal error

2026-06-28 00:01:43.448 [error] [LS Main stderr] E0628 00:01:43.448391  3419 log.go:398] failed to check terminal shell support: internal: internal error

2026-06-28 00:01:43.451 [error] [LS Main stderr] E0628 00:01:43.450581  3419 log.go:398] failed to check terminal shell support: internal: internal error

2026-06-28 00:01:48.266 [error] [LS Main stderr] I0628 00:01:48.265890  3419 http_helpers.go:183] URL: https://daily-cloudcode-pa.googleapis.com/v1internal:streamGenerateContent?alt=sse Trace: 0x96e5deaf7f869a89

2026-06-28 00:01:48.322 [error] [LS Main stderr] E0628 00:01:48.321758  3419 log.go:398] failed to check terminal shell support: internal: internal error

2026-06-28 00:01:48.325 [error] [LS Main stderr] E0628 00:01:48.324417  3419 log.go:398] failed to check terminal shell support: internal: internal error

2026-06-28 00:01:50.114 [error] [LS Main stderr] E0628 00:01:50.114426  3419 log.go:398] failed to check terminal shell support: internal: internal error

2026-06-28 00:01:50.116 [error] [LS Main stderr] E0628 00:01:50.116188  3419 log.go:398] failed to check terminal shell support: internal: internal error

2026-06-28 00:01:50.135 [error] [LS Main stderr] E0628 00:01:50.135096  3419 log.go:398] failed to check terminal shell support: internal: internal error

2026-06-28 00:01:50.136 [error] [LS Main stderr] E0628 00:01:50.136733  3419 log.go:398] failed to check terminal shell support: internal: internal error

2026-06-28 00:01:54.726 [error] [LS Main stderr] I0628 00:01:54.726513  3419 http_helpers.go:183] URL: https://daily-cloudcode-pa.googleapis.com/v1internal:streamGenerateContent?alt=sse Trace: 0x34dfd2f26d582033

2026-06-28 00:01:54.787 [error] [LS Main stderr] E0628 00:01:54.787262  3419 log.go:398] failed to check terminal shell support: internal: internal error

2026-06-28 00:01:54.789 [error] [LS Main stderr] E0628 00:01:54.788983  3419 log.go:398] failed to check terminal shell support: internal: internal error

2026-06-28 00:01:54.934 [error] [LS Main stderr] E0628 00:01:54.934315  3419 log.go:398] failed to check terminal shell support: internal: internal error

2026-06-28 00:01:54.940 [error] [LS Main stderr] E0628 00:01:54.940410  3419 log.go:398] failed to check terminal shell support: internal: internal error

2026-06-28 00:01:54.973 [error] [LS Main stderr] E0628 00:01:54.973042  3419 log.go:398] failed to check terminal shell support: internal: internal error

2026-06-28 00:01:54.975 [error] [LS Main stderr] E0628 00:01:54.975354  3419 log.go:398] failed to check terminal shell support: internal: internal error

2026-06-28 00:02:00.166 [error] [LS Main stderr] I0628 00:02:00.165962  3419 http_helpers.go:183] URL: https://daily-cloudcode-pa.googleapis.com/v1internal:streamGenerateContent?alt=sse Trace: 0x3b6b96024b471faf

2026-06-28 00:02:01.300 [error] [LS Main stderr] I0628 00:02:01.300554  3419 http_helpers.go:183] URL: https://daily-cloudcode-pa.googleapis.com/v1internal:loadCodeAssist Trace: 0xe4ffbe63af4bb67a

2026-06-28 00:02:02.084 [error] [LS Main stderr] I0628 00:02:02.084310  3419 http_helpers.go:183] URL: https://daily-cloudcode-pa.googleapis.com/v1internal:fetchAvailableModels Trace: 0xea3d3db2ed727a1b

2026-06-28 00:02:02.089 [error] [LS Main stderr] E0628 00:02:02.089243  3419 log.go:398] failed to check terminal shell support: internal: internal error

2026-06-28 00:02:02.091 [error] [LS Main stderr] E0628 00:02:02.090937  3419 log.go:398] failed to check terminal shell support: internal: internal error

2026-06-28 00:02:02.093 [error] [LS Main stderr] E0628 00:02:02.093381  3419 log.go:398] failed to check terminal shell support: internal: internal error

2026-06-28 00:02:02.095 [error] [LS Main stderr] E0628 00:02:02.095391  3419 log.go:398] failed to check terminal shell support: internal: internal error

2026-06-28 00:02:02.097 [error] [LS Main stderr] E0628 00:02:02.097768  3419 log.go:398] failed to check terminal shell support: internal: internal error

2026-06-28 00:02:02.100 [error] [LS Main stderr] E0628 00:02:02.100401  3419 log.go:398] failed to check terminal shell support: internal: internal error

2026-06-28 00:02:02.188 [error] [LS Main stderr] E0628 00:02:02.187341  3419 log.go:398] failed to check terminal shell support: internal: internal error

2026-06-28 00:02:02.190 [error] [LS Main stderr] E0628 00:02:02.190106  3419 log.go:398] failed to check terminal shell support: internal: internal error

2026-06-28 00:02:07.169 [error] [LS Main stderr] I0628 00:02:07.169782  3419 http_helpers.go:183] URL: https://daily-cloudcode-pa.googleapis.com/v1internal:streamGenerateContent?alt=sse Trace: 0xcf840088d7d4a4fb

2026-06-28 00:02:07.232 [error] [LS Main stderr] E0628 00:02:07.232091  3419 log.go:398] failed to check terminal shell support: internal: internal error

2026-06-28 00:02:07.235 [error] [LS Main stderr] E0628 00:02:07.235040  3419 log.go:398] failed to check terminal shell support: internal: internal error

2026-06-28 00:02:07.363 [error] [LS Main stderr] E0628 00:02:07.363580  3419 log.go:398] failed to check terminal shell support: internal: internal error

2026-06-28 00:02:07.366 [error] [LS Main stderr] E0628 00:02:07.365830  3419 log.go:398] failed to check terminal shell support: internal: internal error

2026-06-28 00:02:07.541 [error] [LS Main stderr] E0628 00:02:07.540291  3419 log.go:398] failed to check terminal shell support: internal: internal error

2026-06-28 00:02:07.543 [error] [LS Main stderr] E0628 00:02:07.543182  3419 log.go:398] failed to check terminal shell support: internal: internal error

2026-06-28 00:02:12.737 [error] [LS Main stderr] I0628 00:02:12.737166  3419 http_helpers.go:183] URL: https://daily-cloudcode-pa.googleapis.com/v1internal:streamGenerateContent?alt=sse Trace: 0xa4a0259c4db73118

2026-06-28 00:02:12.800 [error] [LS Main stderr] E0628 00:02:12.799397  3419 log.go:398] failed to check terminal shell support: internal: internal error

2026-06-28 00:02:12.801 [error] [LS Main stderr] E0628 00:02:12.801731  3419 log.go:398] failed to check terminal shell support: internal: internal error

2026-06-28 00:02:12.929 [error] [LS Main stderr] E0628 00:02:12.929180  3419 log.go:398] failed to check terminal shell support: internal: internal error

2026-06-28 00:02:12.931 [error] [LS Main stderr] E0628 00:02:12.931038  3419 log.go:398] failed to check terminal shell support: internal: internal error

2026-06-28 00:02:13.097 [error] [LS Main stderr] E0628 00:02:13.097122  3419 log.go:398] failed to check terminal shell support: internal: internal error

2026-06-28 00:02:13.098 [error] [LS Main stderr] E0628 00:02:13.098763  3419 log.go:398] failed to check terminal shell support: internal: internal error

2026-06-28 00:02:17.958 [error] [LS Main stderr] I0628 00:02:17.958026  3419 http_helpers.go:183] URL: https://daily-cloudcode-pa.googleapis.com/v1internal:streamGenerateContent?alt=sse Trace: 0x729f5b6d99142cce

2026-06-28 00:02:18.168 [error] [LS Main stderr] E0628 00:02:18.168365  3419 log.go:398] failed to check terminal shell support: internal: internal error

2026-06-28 00:02:18.170 [error] [LS Main stderr] E0628 00:02:18.170337  3419 log.go:398] failed to check terminal shell support: internal: internal error

2026-06-28 00:02:18.173 [error] [LS Main stderr] E0628 00:02:18.173551  3419 log.go:398] failed to check terminal shell support: internal: internal error

2026-06-28 00:02:18.176 [error] [LS Main stderr] E0628 00:02:18.176463  3419 log.go:398] failed to check terminal shell support: internal: internal error

2026-06-28 00:02:18.617 [error] [LS Main stderr] E0628 00:02:18.617869  3419 log.go:398] failed to check terminal shell support: internal: internal error

2026-06-28 00:02:18.620 [error] [LS Main stderr] E0628 00:02:18.620234  3419 log.go:398] failed to check terminal shell support: internal: internal error

2026-06-28 00:02:23.998 [error] [LS Main stderr] I0628 00:02:23.997898  3419 http_helpers.go:183] URL: https://daily-cloudcode-pa.googleapis.com/v1internal:streamGenerateContent?alt=sse Trace: 0x6d67cd4b8056590e

2026-06-28 00:02:24.068 [error] [LS Main stderr] E0628 00:02:24.068623  3419 log.go:398] failed to check terminal shell support: internal: internal error

2026-06-28 00:02:24.069 [error] [LS Main stderr] E0628 00:02:24.069926  3419 log.go:398] failed to check terminal shell support: internal: internal error

2026-06-28 00:02:24.128 [error] [LS Main stderr] E0628 00:02:24.127922  3419 log.go:398] failed to check terminal shell support: internal: internal error

2026-06-28 00:02:24.129 [error] [LS Main stderr] E0628 00:02:24.129641  3419 log.go:398] failed to check terminal shell support: internal: internal error

2026-06-28 00:02:24.142 [error] [LS Main stderr] E0628 00:02:24.142346  3419 log.go:398] failed to check terminal shell support: internal: internal error

2026-06-28 00:02:24.144 [error] [LS Main stderr] E0628 00:02:24.144530  3419 log.go:398] failed to check terminal shell support: internal: internal error

2026-06-28 00:02:29.517 [error] [LS Main stderr] I0628 00:02:29.517150  3419 http_helpers.go:183] URL: https://daily-cloudcode-pa.googleapis.com/v1internal:streamGenerateContent?alt=sse Trace: 0x904e7d67eb9bc043

2026-06-28 00:02:29.585 [error] [LS Main stderr] E0628 00:02:29.585169  3419 log.go:398] failed to check terminal shell support: internal: internal error

2026-06-28 00:02:29.586 [error] [LS Main stderr] E0628 00:02:29.586692  3419 log.go:398] failed to check terminal shell support: internal: internal error

2026-06-28 00:02:29.633 [error] [LS Main stderr] E0628 00:02:29.633245  3419 log.go:398] failed to check terminal shell support: internal: internal error

2026-06-28 00:02:29.635 [error] [LS Main stderr] E0628 00:02:29.635122  3419 log.go:398] failed to check terminal shell support: internal: internal error

2026-06-28 00:02:29.653 [error] [LS Main stderr] E0628 00:02:29.653434  3419 log.go:398] failed to check terminal shell support: internal: internal error

2026-06-28 00:02:29.655 [error] [LS Main stderr] E0628 00:02:29.655389  3419 log.go:398] failed to check terminal shell support: internal: internal error

2026-06-28 00:02:34.648 [error] [LS Main stderr] I0628 00:02:34.648699  3419 http_helpers.go:183] URL: https://daily-cloudcode-pa.googleapis.com/v1internal:streamGenerateContent?alt=sse Trace: 0x530b179794befb10

2026-06-28 00:02:34.696 [error] [LS Main stderr] E0628 00:02:34.695987  3419 log.go:398] failed to check terminal shell support: internal: internal error

2026-06-28 00:02:34.698 [error] [LS Main stderr] E0628 00:02:34.697969  3419 log.go:398] failed to check terminal shell support: internal: internal error

2026-06-28 00:02:36.064 [error] [LS Main stderr] E0628 00:02:36.064256  3419 log.go:398] failed to check terminal shell support: internal: internal error

2026-06-28 00:02:36.068 [error] [LS Main stderr] E0628 00:02:36.067453  3419 log.go:398] failed to check terminal shell support: internal: internal error

2026-06-28 00:02:36.289 [error] [LS Main stderr] E0628 00:02:36.289808  3419 log.go:398] failed to check terminal shell support: internal: internal error

2026-06-28 00:02:36.291 [error] [LS Main stderr] E0628 00:02:36.291310  3419 log.go:398] failed to check terminal shell support: internal: internal error

2026-06-28 00:02:41.201 [error] [LS Main stderr] I0628 00:02:41.201349  3419 http_helpers.go:183] URL: https://daily-cloudcode-pa.googleapis.com/v1internal:streamGenerateContent?alt=sse Trace: 0xb80085bb52deeff9

2026-06-28 00:02:41.281 [error] [LS Main stderr] E0628 00:02:41.280884  3419 log.go:398] failed to check terminal shell support: internal: internal error

2026-06-28 00:02:41.283 [error] [LS Main stderr] E0628 00:02:41.282837  3419 log.go:398] failed to check terminal shell support: internal: internal error

2026-06-28 00:02:41.325 [error] [LS Main stderr] E0628 00:02:41.325247  3419 log.go:398] failed to check terminal shell support: internal: internal error

2026-06-28 00:02:41.326 [error] [LS Main stderr] E0628 00:02:41.326624  3419 log.go:398] failed to check terminal shell support: internal: internal error

2026-06-28 00:02:41.345 [error] [LS Main stderr] E0628 00:02:41.345375  3419 log.go:398] failed to check terminal shell support: internal: internal error

2026-06-28 00:02:41.350 [error] [LS Main stderr] E0628 00:02:41.350009  3419 log.go:398] failed to check terminal shell support: internal: internal error

2026-06-28 00:02:46.118 [error] [LS Main stderr] I0628 00:02:46.118147  3419 http_helpers.go:183] URL: https://daily-cloudcode-pa.googleapis.com/v1internal:streamGenerateContent?alt=sse Trace: 0xa031e8fd05b778ff

2026-06-28 00:02:46.169 [error] [LS Main stderr] E0628 00:02:46.169350  3419 log.go:398] failed to check terminal shell support: internal: internal error

2026-06-28 00:02:46.171 [error] [LS Main stderr] E0628 00:02:46.171395  3419 log.go:398] failed to check terminal shell support: internal: internal error

2026-06-28 00:02:46.595 [error] [LS Main stderr] E0628 00:02:46.595373  3419 log.go:398] failed to check terminal shell support: internal: internal error

2026-06-28 00:02:46.602 [error] [LS Main stderr] E0628 00:02:46.602416  3419 log.go:398] failed to check terminal shell support: internal: internal error

2026-06-28 00:02:46.638 [error] [LS Main stderr] E0628 00:02:46.637707  3419 log.go:398] failed to check terminal shell support: internal: internal error

2026-06-28 00:02:46.639 [error] [LS Main stderr] E0628 00:02:46.639712  3419 log.go:398] failed to check terminal shell support: internal: internal error

2026-06-28 00:02:52.157 [error] [LS Main stderr] I0628 00:02:52.156722  3419 http_helpers.go:183] URL: https://daily-cloudcode-pa.googleapis.com/v1internal:streamGenerateContent?alt=sse Trace: 0x4121be1d0631e1a9

2026-06-28 00:02:52.208 [error] [LS Main stderr] E0628 00:02:52.207397  3419 log.go:398] failed to check terminal shell support: internal: internal error

2026-06-28 00:02:52.212 [error] [LS Main stderr] E0628 00:02:52.212458  3419 log.go:398] failed to check terminal shell support: internal: internal error

2026-06-28 00:02:52.619 [error] [LS Main stderr] E0628 00:02:52.619861  3419 log.go:398] failed to check terminal shell support: internal: internal error

2026-06-28 00:02:52.621 [error] [LS Main stderr] E0628 00:02:52.621381  3419 log.go:398] failed to check terminal shell support: internal: internal error

2026-06-28 00:02:55.700 [error] [LS Main stderr] E0628 00:02:55.700674  3419 log.go:398] failed to check terminal shell support: internal: internal error

2026-06-28 00:02:55.703 [error] [LS Main stderr] E0628 00:02:55.703599  3419 log.go:398] failed to check terminal shell support: internal: internal error

2026-06-28 00:03:00.334 [error] [LS Main stderr] I0628 00:03:00.334503  3419 http_helpers.go:183] URL: https://daily-cloudcode-pa.googleapis.com/v1internal:streamGenerateContent?alt=sse Trace: 0x3e8b72509a7e9b97

2026-06-28 00:03:00.391 [error] [LS Main stderr] E0628 00:03:00.390592  3419 log.go:398] failed to check terminal shell support: internal: internal error

2026-06-28 00:03:00.392 [error] [LS Main stderr] E0628 00:03:00.392038  3419 log.go:398] failed to check terminal shell support: internal: internal error

2026-06-28 00:03:01.197 [error] [LS Main stderr] E0628 00:03:01.197377  3419 log.go:398] failed to check terminal shell support: internal: internal error

2026-06-28 00:03:01.199 [error] [LS Main stderr] E0628 00:03:01.199180  3419 log.go:398] failed to check terminal shell support: internal: internal error

2026-06-28 00:03:01.448 [error] [LS Main stderr] E0628 00:03:01.448311  3419 log.go:398] failed to check terminal shell support: internal: internal error

2026-06-28 00:03:01.450 [error] [LS Main stderr] E0628 00:03:01.450146  3419 log.go:398] failed to check terminal shell support: internal: internal error

2026-06-28 00:04:13.858 [error] [LS Main stderr] E0628 00:04:13.857508  3419 log.go:398] failed to check terminal shell support: internal: internal error

2026-06-28 00:04:13.860 [error] [LS Main stderr] E0628 00:04:13.859745  3419 log.go:398] failed to check terminal shell support: internal: internal error

2026-06-28 00:04:13.865 [error] [LS Main stderr] E0628 00:04:13.864393  3419 log.go:398] failed to check terminal shell support: internal: internal error

2026-06-28 00:04:13.908 [error] [LS Main stderr] E0628 00:04:13.908775  3419 log.go:398] failed to check terminal shell support: internal: internal error

2026-06-28 00:04:13.912 [error] [LS Main stderr] E0628 00:04:13.912391  3419 log.go:398] failed to check terminal shell support: internal: internal error

2026-06-28 00:04:13.916 [error] [LS Main stderr] E0628 00:04:13.914542  3419 log.go:398] failed to check terminal shell support: internal: internal error

2026-06-28 00:04:13.918 [error] [LS Main stderr] E0628 00:04:13.918445  3419 log.go:398] failed to check terminal shell support: internal: internal error

2026-06-28 00:04:13.985 [error] [LS Main stderr] E0628 00:04:13.985300  3419 log.go:398] failed to check terminal shell support: internal: internal error

2026-06-28 00:04:13.987 [error] [LS Main stderr] E0628 00:04:13.987221  3419 log.go:398] failed to check terminal shell support: internal: internal error

2026-06-28 00:04:14.093 [error] [LS Main stderr] E0628 00:04:14.093122  3419 log.go:398] failed to check terminal shell support: internal: internal error

2026-06-28 00:04:14.094 [error] [LS Main stderr] E0628 00:04:14.094612  3419 log.go:398] failed to check terminal shell support: internal: internal error

2026-06-28 00:04:14.450 [error] [LS Main stderr] E0628 00:04:14.449064  3419 log.go:398] failed to check terminal shell support: internal: internal error

2026-06-28 00:04:14.452 [error] [LS Main stderr] E0628 00:04:14.452357  3419 log.go:398] failed to check terminal shell support: internal: internal error

2026-06-28 00:04:20.222 [error] [LS Main stderr] I0628 00:04:20.222364  3419 http_helpers.go:183] URL: https://daily-cloudcode-pa.googleapis.com/v1internal:streamGenerateContent?alt=sse Trace: 0x628430a6890616ff

2026-06-28 00:04:20.266 [error] [LS Main stderr] E0628 00:04:20.265768  3419 log.go:398] failed to check terminal shell support: internal: internal error

2026-06-28 00:04:20.268 [error] [LS Main stderr] E0628 00:04:20.267965  3419 log.go:398] failed to check terminal shell support: internal: internal error

2026-06-28 00:04:21.974 [error] [LS Main stderr] E0628 00:04:21.973831  3419 log.go:398] failed to check terminal shell support: internal: internal error

2026-06-28 00:04:21.977 [error] [LS Main stderr] E0628 00:04:21.976748  3419 log.go:398] failed to check terminal shell support: internal: internal error

2026-06-28 00:04:21.996 [error] [LS Main stderr] E0628 00:04:21.996317  3419 log.go:398] failed to check terminal shell support: internal: internal error

2026-06-28 00:04:21.998 [error] [LS Main stderr] E0628 00:04:21.998155  3419 log.go:398] failed to check terminal shell support: internal: internal error

2026-06-28 00:04:26.869 [error] [LS Main stderr] I0628 00:04:26.869603  3419 http_helpers.go:183] URL: https://daily-cloudcode-pa.googleapis.com/v1internal:streamGenerateContent?alt=sse Trace: 0xe28c1d5d4346e4de

2026-06-28 00:04:26.937 [error] [LS Main stderr] E0628 00:04:26.937331  3419 log.go:398] failed to check terminal shell support: internal: internal error

2026-06-28 00:04:26.939 [error] [LS Main stderr] E0628 00:04:26.939346  3419 log.go:398] failed to check terminal shell support: internal: internal error

2026-06-28 00:04:27.184 [error] [LS Main stderr] E0628 00:04:27.184223  3419 log.go:398] failed to check terminal shell support: internal: internal error

2026-06-28 00:04:27.185 [error] [LS Main stderr] E0628 00:04:27.185523  3419 log.go:398] failed to check terminal shell support: internal: internal error

2026-06-28 00:04:27.208 [error] [LS Main stderr] E0628 00:04:27.208130  3419 log.go:398] failed to check terminal shell support: internal: internal error

2026-06-28 00:04:27.210 [error] [LS Main stderr] E0628 00:04:27.209962  3419 log.go:398] failed to check terminal shell support: internal: internal error

2026-06-28 00:04:32.817 [error] [LS Main stderr] I0628 00:04:32.816841  3419 http_helpers.go:183] URL: https://daily-cloudcode-pa.googleapis.com/v1internal:streamGenerateContent?alt=sse Trace: 0x145bf53859c4f596

2026-06-28 00:04:32.882 [error] [LS Main stderr] E0628 00:04:32.882423  3419 log.go:398] failed to check terminal shell support: internal: internal error

2026-06-28 00:04:32.885 [error] [LS Main stderr] E0628 00:04:32.884420  3419 log.go:398] failed to check terminal shell support: internal: internal error

2026-06-28 00:04:33.106 [error] [LS Main stderr] E0628 00:04:33.106404  3419 log.go:398] failed to check terminal shell support: internal: internal error

2026-06-28 00:04:33.114 [error] [LS Main stderr] E0628 00:04:33.114238  3419 log.go:398] failed to check terminal shell support: internal: internal error

2026-06-28 00:04:33.155 [error] [LS Main stderr] E0628 00:04:33.154818  3419 log.go:398] failed to check terminal shell support: internal: internal error

2026-06-28 00:04:33.156 [error] [LS Main stderr] E0628 00:04:33.156449  3419 log.go:398] failed to check terminal shell support: internal: internal error

2026-06-28 00:04:38.756 [error] [LS Main stderr] I0628 00:04:38.756535  3419 http_helpers.go:183] URL: https://daily-cloudcode-pa.googleapis.com/v1internal:streamGenerateContent?alt=sse Trace: 0x1f79206684d3d0fa

2026-06-28 00:04:38.831 [error] [LS Main stderr] E0628 00:04:38.831130  3419 log.go:398] failed to check terminal shell support: internal: internal error

2026-06-28 00:04:38.832 [error] [LS Main stderr] E0628 00:04:38.832626  3419 log.go:398] failed to check terminal shell support: internal: internal error

2026-06-28 00:04:38.877 [error] [LS Main stderr] E0628 00:04:38.876342  3419 log.go:398] failed to check terminal shell support: internal: internal error

2026-06-28 00:04:38.879 [error] [LS Main stderr] E0628 00:04:38.878944  3419 log.go:398] failed to check terminal shell support: internal: internal error

2026-06-28 00:04:38.896 [error] [LS Main stderr] E0628 00:04:38.896182  3419 log.go:398] failed to check terminal shell support: internal: internal error

2026-06-28 00:04:38.899 [error] [LS Main stderr] E0628 00:04:38.899464  3419 log.go:398] failed to check terminal shell support: internal: internal error

2026-06-28 00:04:43.773 [error] [LS Main stderr] I0628 00:04:43.773656  3419 http_helpers.go:183] URL: https://daily-cloudcode-pa.googleapis.com/v1internal:streamGenerateContent?alt=sse Trace: 0x602836afef4025fb

2026-06-28 00:04:43.826 [error] [LS Main stderr] E0628 00:04:43.826325  3419 log.go:398] failed to check terminal shell support: internal: internal error

2026-06-28 00:04:43.827 [error] [LS Main stderr] E0628 00:04:43.827818  3419 log.go:398] failed to check terminal shell support: internal: internal error

2026-06-28 00:04:44.050 [error] [LS Main stderr] E0628 00:04:44.050501  3419 log.go:398] failed to check terminal shell support: internal: internal error

2026-06-28 00:04:44.057 [error] [LS Main stderr] E0628 00:04:44.057862  3419 log.go:398] failed to check terminal shell support: internal: internal error

2026-06-28 00:04:44.087 [error] [LS Main stderr] E0628 00:04:44.087294  3419 log.go:398] failed to check terminal shell support: internal: internal error

2026-06-28 00:04:44.089 [error] [LS Main stderr] E0628 00:04:44.089356  3419 log.go:398] failed to check terminal shell support: internal: internal error

2026-06-28 00:04:49.712 [error] [LS Main stderr] I0628 00:04:49.711999  3419 http_helpers.go:183] URL: https://daily-cloudcode-pa.googleapis.com/v1internal:streamGenerateContent?alt=sse Trace: 0x107b4ff7d411b302

2026-06-28 00:04:49.775 [error] [LS Main stderr] E0628 00:04:49.774370  3419 log.go:398] failed to check terminal shell support: internal: internal error

2026-06-28 00:04:49.776 [error] [LS Main stderr] E0628 00:04:49.776674  3419 log.go:398] failed to check terminal shell support: internal: internal error

2026-06-28 00:04:54.806 [error] [LS Main stderr] E0628 00:04:54.806503  3419 log.go:398] failed to check terminal shell support: internal: internal error

2026-06-28 00:04:54.814 [error] [LS Main stderr] E0628 00:04:54.813959  3419 log.go:398] failed to check terminal shell support: internal: internal error

2026-06-28 00:04:54.855 [error] [LS Main stderr] E0628 00:04:54.855673  3419 log.go:398] failed to check terminal shell support: internal: internal error

2026-06-28 00:04:54.860 [error] [LS Main stderr] E0628 00:04:54.860047  3419 log.go:398] failed to check terminal shell support: internal: internal error

2026-06-28 00:05:01.391 [error] [LS Main stderr] I0628 00:05:01.391651  3419 http_helpers.go:183] URL: https://daily-cloudcode-pa.googleapis.com/v1internal:streamGenerateContent?alt=sse Trace: 0x83a4014a16f4ad31

2026-06-28 00:05:01.464 [error] [LS Main stderr] E0628 00:05:01.464882  3419 log.go:398] failed to check terminal shell support: internal: internal error

2026-06-28 00:05:01.466 [error] [LS Main stderr] E0628 00:05:01.466337  3419 log.go:398] failed to check terminal shell support: internal: internal error

2026-06-28 00:05:01.498 [error] [LS Main stderr] E0628 00:05:01.498516  3419 log.go:398] failed to check terminal shell support: internal: internal error

2026-06-28 00:05:01.502 [error] [LS Main stderr] E0628 00:05:01.502422  3419 log.go:398] failed to check terminal shell support: internal: internal error

2026-06-28 00:05:01.555 [error] [LS Main stderr] E0628 00:05:01.555841  3419 log.go:398] failed to check terminal shell support: internal: internal error

2026-06-28 00:05:01.558 [error] [LS Main stderr] E0628 00:05:01.557163  3419 log.go:398] failed to check terminal shell support: internal: internal error

2026-06-28 00:05:06.673 [error] [LS Main stderr] I0628 00:05:06.672661  3419 http_helpers.go:183] URL: https://daily-cloudcode-pa.googleapis.com/v1internal:streamGenerateContent?alt=sse Trace: 0x6a722a3210cb8db0

2026-06-28 00:05:06.723 [error] [LS Main stderr] E0628 00:05:06.723327  3419 log.go:398] failed to check terminal shell support: internal: internal error

2026-06-28 00:05:06.725 [error] [LS Main stderr] E0628 00:05:06.725439  3419 log.go:398] failed to check terminal shell support: internal: internal error

2026-06-28 00:05:18.950 [error] [LS Main stderr] E0628 00:05:18.950406  3419 log.go:398] failed to check terminal shell support: internal: internal error

2026-06-28 00:05:18.952 [error] [LS Main stderr] E0628 00:05:18.952426  3419 log.go:398] failed to check terminal shell support: internal: internal error

2026-06-28 00:05:18.967 [error] [LS Main stderr] E0628 00:05:18.967135  3419 log.go:398] failed to check terminal shell support: internal: internal error

2026-06-28 00:05:18.969 [error] [LS Main stderr] E0628 00:05:18.968920  3419 log.go:398] failed to check terminal shell support: internal: internal error

2026-06-28 00:05:25.144 [error] [LS Main stderr] I0628 00:05:25.143915  3419 http_helpers.go:183] URL: https://daily-cloudcode-pa.googleapis.com/v1internal:streamGenerateContent?alt=sse Trace: 0x8479404c92849d57

2026-06-28 00:05:25.207 [error] [LS Main stderr] E0628 00:05:25.207379  3419 log.go:398] failed to check terminal shell support: internal: internal error

2026-06-28 00:05:25.209 [error] [LS Main stderr] E0628 00:05:25.209153  3419 log.go:398] failed to check terminal shell support: internal: internal error

2026-06-28 00:05:28.527 [error] [LS Main stderr] E0628 00:05:28.527120  3419 log.go:398] failed to check terminal shell support: internal: internal error

2026-06-28 00:05:28.532 [error] [LS Main stderr] E0628 00:05:28.531996  3419 log.go:398] failed to check terminal shell support: internal: internal error

2026-06-28 00:05:28.635 [error] [LS Main stderr] E0628 00:05:28.635324  3419 log.go:398] failed to check terminal shell support: internal: internal error

2026-06-28 00:05:28.637 [error] [LS Main stderr] E0628 00:05:28.636955  3419 log.go:398] failed to check terminal shell support: internal: internal error

2026-06-28 00:05:28.644 [error] [LS Main stderr] E0628 00:05:28.644355  3419 log.go:398] failed to check terminal shell support: internal: internal error

2026-06-28 00:05:28.646 [error] [LS Main stderr] E0628 00:05:28.646050  3419 log.go:398] failed to check terminal shell support: internal: internal error

2026-06-28 00:05:30.643 [error] [LS Main stderr] E0628 00:05:30.643674  3419 log.go:398] failed to check terminal shell support: internal: internal error

2026-06-28 00:05:30.645 [error] [LS Main stderr] E0628 00:05:30.645237  3419 log.go:398] failed to check terminal shell support: internal: internal error

2026-06-28 00:05:36.508 [error] [LS Main stderr] I0628 00:05:36.508149  3419 http_helpers.go:183] URL: https://daily-cloudcode-pa.googleapis.com/v1internal:streamGenerateContent?alt=sse Trace: 0xdc7ba8a827d65cbf

2026-06-28 00:05:36.768 [error] [LS Main stderr] E0628 00:05:36.768363  3419 log.go:398] failed to check terminal shell support: internal: internal error

2026-06-28 00:05:36.774 [error] [LS Main stderr] E0628 00:05:36.774248  3419 log.go:398] failed to check terminal shell support: internal: internal error

2026-06-28 00:05:38.051 [error] [LS Main stderr] E0628 00:05:38.051324  3419 log.go:398] failed to check terminal shell support: internal: internal error

2026-06-28 00:05:38.054 [error] [LS Main stderr] E0628 00:05:38.053542  3419 log.go:398] failed to check terminal shell support: internal: internal error

2026-06-28 00:05:47.002 [error] [LS Main stderr] E0628 00:05:47.002093  3419 log.go:398] failed to check terminal shell support: internal: internal error

2026-06-28 00:05:47.006 [error] [LS Main stderr] E0628 00:05:47.005481  3419 log.go:398] failed to check terminal shell support: internal: internal error

2026-06-28 00:05:47.240 [error] [LS Main stderr] E0628 00:05:47.240403  3419 log.go:398] failed to check terminal shell support: internal: internal error

2026-06-28 00:05:47.251 [error] [LS Main stderr] E0628 00:05:47.250577  3419 log.go:398] failed to check terminal shell support: internal: internal error

2026-06-28 00:05:48.345 [error] [LS Main stderr] I0628 00:05:48.345548  3419 http_helpers.go:183] URL: https://daily-cloudcode-pa.googleapis.com/v1internal:streamGenerateContent?alt=sse Trace: 0xae706159ab51d3a2

2026-06-28 00:05:48.513 [error] [LS Main stderr] I0628 00:05:48.512437  3419 http_helpers.go:183] URL: https://daily-cloudcode-pa.googleapis.com/v1internal:streamGenerateContent?alt=sse Trace: 0x56435a4fddf3b9e

2026-06-28 00:05:49.326 [error] [LS Main stderr] E0628 00:05:49.325463  3419 log.go:398] failed to check terminal shell support: internal: internal error

2026-06-28 00:05:49.378 [error] [LS Main stderr] E0628 00:05:49.377442  3419 log.go:398] failed to check terminal shell support: internal: internal error

2026-06-28 00:05:49.617 [error] [LS Main stderr] I0628 00:05:49.616667  3419 http_helpers.go:183] URL: https://daily-cloudcode-pa.googleapis.com/v1internal:streamGenerateContent?alt=sse Trace: 0x10c312c50aea3fb

2026-06-28 00:05:49.877 [error] [LS Main stderr] E0628 00:05:49.875760  3419 log.go:398] failed to check terminal shell support: internal: internal error

2026-06-28 00:05:49.888 [error] [LS Main stderr] E0628 00:05:49.887878  3419 log.go:398] failed to check terminal shell support: internal: internal error

2026-06-28 00:05:50.033 [error] [LS Main stderr] I0628 00:05:50.032475  3419 http_helpers.go:183] URL: https://daily-cloudcode-pa.googleapis.com/v1internal:streamGenerateContent?alt=sse Trace: 0x5626b2582bc3ef1

2026-06-28 00:05:50.270 [error] [LS Main stderr] E0628 00:05:50.269497  3419 log.go:398] failed to check terminal shell support: internal: internal error

2026-06-28 00:05:50.307 [error] [LS Main stderr] E0628 00:05:50.305495  3419 log.go:398] failed to check terminal shell support: internal: internal error

2026-06-28 00:05:50.660 [error] [LS Main stderr] E0628 00:05:50.656422  3419 log.go:398] failed to check terminal shell support: internal: internal error

2026-06-28 00:05:50.664 [error] [LS Main stderr] E0628 00:05:50.663445  3419 log.go:398] failed to check terminal shell support: internal: internal error

2026-06-28 00:05:51.766 [error] [LS Main stderr] I0628 00:05:51.766609  3419 http_helpers.go:183] URL: https://daily-cloudcode-pa.googleapis.com/v1internal:streamGenerateContent?alt=sse Trace: 0x12066021414054ee

2026-06-28 00:05:51.773 [error] [LS Main stderr] I0628 00:05:51.773697  3419 http_helpers.go:183] URL: https://daily-cloudcode-pa.googleapis.com/v1internal:streamGenerateContent?alt=sse Trace: 0x5f5cc6e53b8be0e5

2026-06-28 00:05:52.998 [error] [LS Main stderr] I0628 00:05:52.997454  3419 http_helpers.go:183] URL: https://daily-cloudcode-pa.googleapis.com/v1internal:streamGenerateContent?alt=sse Trace: 0xcfa2c1ef12661db0

2026-06-28 00:05:53.258 [error] [LS Main stderr] I0628 00:05:53.255486  3419 http_helpers.go:183] URL: https://daily-cloudcode-pa.googleapis.com/v1internal:streamGenerateContent?alt=sse Trace: 0x8b79c0b8715b4e36

2026-06-28 00:05:54.024 [error] [LS Main stderr] I0628 00:05:54.022491  3419 http_helpers.go:183] URL: https://daily-cloudcode-pa.googleapis.com/v1internal:streamGenerateContent?alt=sse Trace: 0xe99cc4b69b09dd2f

2026-06-28 00:05:54.540 [error] [LS Main stderr] I0628 00:05:54.534499  3419 http_helpers.go:183] URL: https://daily-cloudcode-pa.googleapis.com/v1internal:streamGenerateContent?alt=sse Trace: 0x6d26036d224c53aa
I0628 00:05:54.538368  3419 http_helpers.go:183] URL: https://daily-cloudcode-pa.googleapis.com/v1internal:streamGenerateContent?alt=sse Trace: 0xe9d8a21d7e0b0b63

2026-06-28 00:05:54.573 [error] [LS Main stderr] E0628 00:05:54.572611  3419 log.go:398] failed to check terminal shell support: internal: internal error

2026-06-28 00:05:54.601 [error] [LS Main stderr] E0628 00:05:54.600423  3419 log.go:398] failed to check terminal shell support: internal: internal error

2026-06-28 00:05:54.941 [error] [LS Main stderr] I0628 00:05:54.941477  3419 http_helpers.go:183] URL: https://daily-cloudcode-pa.googleapis.com/v1internal:streamGenerateContent?alt=sse Trace: 0x71428776fe15bb2f

2026-06-28 00:05:55.902 [error] [LS Main stderr] E0628 00:05:55.901493  3419 log.go:398] failed to check terminal shell support: internal: internal error

2026-06-28 00:05:55.924 [error] [LS Main stderr] E0628 00:05:55.923461  3419 log.go:398] failed to check terminal shell support: internal: internal error

2026-06-28 00:05:55.988 [error] [LS Main stderr] I0628 00:05:55.987478  3419 http_helpers.go:183] URL: https://daily-cloudcode-pa.googleapis.com/v1internal:streamGenerateContent?alt=sse Trace: 0xaacf4fa8af283d40

2026-06-28 00:05:56.171 [error] [LS Main stderr] I0628 00:05:56.169655  3419 http_helpers.go:183] URL: https://daily-cloudcode-pa.googleapis.com/v1internal:streamGenerateContent?alt=sse Trace: 0xab8f2f31b32c1365

2026-06-28 00:05:56.325 [error] [LS Main stderr] E0628 00:05:56.323475  3419 log.go:398] failed to check terminal shell support: internal: internal error

2026-06-28 00:05:56.342 [error] [LS Main stderr] E0628 00:05:56.342438  3419 log.go:398] failed to check terminal shell support: internal: internal error

2026-06-28 00:05:59.554 [error] [LS Main stderr] I0628 00:05:59.552419  3419 http_helpers.go:183] URL: https://daily-cloudcode-pa.googleapis.com/v1internal:streamGenerateContent?alt=sse Trace: 0x35974e728829365

2026-06-28 00:05:59.663 [error] [LS Main stderr] I0628 00:05:59.662543  3419 http_helpers.go:183] URL: https://daily-cloudcode-pa.googleapis.com/v1internal:streamGenerateContent?alt=sse Trace: 0xfc775997d83afb85

2026-06-28 00:06:00.062 [error] [LS Main stderr] I0628 00:06:00.061480  3419 http_helpers.go:183] URL: https://daily-cloudcode-pa.googleapis.com/v1internal:streamGenerateContent?alt=sse Trace: 0x416cea8564bae590

2026-06-28 00:06:00.417 [error] [LS Main stderr] E0628 00:06:00.416468  3419 log.go:398] failed to check terminal shell support: internal: internal error

2026-06-28 00:06:00.436 [error] [LS Main stderr] E0628 00:06:00.435464  3419 log.go:398] failed to check terminal shell support: internal: internal error

2026-06-28 00:06:00.954 [error] [LS Main stderr] E0628 00:06:00.953553  3419 log.go:398] failed to check terminal shell support: internal: internal error

2026-06-28 00:06:00.961 [error] [LS Main stderr] E0628 00:06:00.960331  3419 log.go:398] failed to check terminal shell support: internal: internal error

2026-06-28 00:06:02.066 [error] [LS Main stderr] E0628 00:06:02.065439  3419 log.go:398] failed to check terminal shell support: internal: internal error

2026-06-28 00:06:02.074 [error] [LS Main stderr] E0628 00:06:02.072557  3419 log.go:398] failed to check terminal shell support: internal: internal error

2026-06-28 00:06:06.574 [error] [LS Main stderr] E0628 00:06:06.573486  3419 log.go:398] failed to check terminal shell support: internal: internal error

2026-06-28 00:06:06.578 [error] [LS Main stderr] E0628 00:06:06.577991  3419 log.go:398] failed to check terminal shell support: internal: internal error

2026-06-28 00:06:06.632 [error] [LS Main stderr] I0628 00:06:06.632197  3419 http_helpers.go:183] URL: https://daily-cloudcode-pa.googleapis.com/v1internal:streamGenerateContent?alt=sse Trace: 0x347152543c74b754

2026-06-28 00:06:06.854 [error] [LS Main stderr] E0628 00:06:06.854729  3419 log.go:398] failed to check terminal shell support: internal: internal error

2026-06-28 00:06:06.859 [error] [LS Main stderr] E0628 00:06:06.858920  3419 log.go:398] failed to check terminal shell support: internal: internal error

2026-06-28 00:06:07.125 [error] [LS Main stderr] E0628 00:06:07.124509  3419 log.go:398] failed to check terminal shell support: internal: internal error

2026-06-28 00:06:07.141 [error] [LS Main stderr] E0628 00:06:07.141495  3419 log.go:398] failed to check terminal shell support: internal: internal error

2026-06-28 00:06:07.164 [error] [LS Main stderr] E0628 00:06:07.164473  3419 log.go:398] failed to check terminal shell support: internal: internal error

2026-06-28 00:06:07.169 [error] [LS Main stderr] E0628 00:06:07.169109  3419 log.go:398] failed to check terminal shell support: internal: internal error

2026-06-28 00:06:07.204 [error] [LS Main stderr] E0628 00:06:07.203971  3419 log.go:398] failed to check terminal shell support: internal: internal error

2026-06-28 00:06:07.207 [error] [LS Main stderr] E0628 00:06:07.207433  3419 log.go:398] failed to check terminal shell support: internal: internal error

2026-06-28 00:06:07.289 [error] [LS Main stderr] E0628 00:06:07.288561  3419 log.go:398] failed to check terminal shell support: internal: internal error

2026-06-28 00:06:07.291 [error] [LS Main stderr] E0628 00:06:07.291412  3419 log.go:398] failed to check terminal shell support: internal: internal error

2026-06-28 00:06:07.458 [error] [LS Main stderr] E0628 00:06:07.457435  3419 log.go:398] failed to check terminal shell support: internal: internal error

2026-06-28 00:06:07.460 [error] [LS Main stderr] E0628 00:06:07.459858  3419 log.go:398] failed to check terminal shell support: internal: internal error

2026-06-28 00:06:11.265 [error] [LS Main stderr] I0628 00:06:11.265577  3419 http_helpers.go:183] URL: https://daily-cloudcode-pa.googleapis.com/v1internal:streamGenerateContent?alt=sse Trace: 0x9cbdd33bc3b82114

2026-06-28 00:06:11.313 [error] [LS Main stderr] E0628 00:06:11.313163  3419 log.go:398] failed to check terminal shell support: internal: internal error

2026-06-28 00:06:11.315 [error] [LS Main stderr] E0628 00:06:11.314944  3419 log.go:398] failed to check terminal shell support: internal: internal error

2026-06-28 00:06:11.481 [error] [LS Main stderr] E0628 00:06:11.481879  3419 log.go:398] failed to check terminal shell support: internal: internal error

2026-06-28 00:06:11.485 [error] [LS Main stderr] E0628 00:06:11.484449  3419 log.go:398] failed to check terminal shell support: internal: internal error

2026-06-28 00:06:11.558 [error] [LS Main stderr] E0628 00:06:11.558253  3419 log.go:398] failed to check terminal shell support: internal: internal error

2026-06-28 00:06:11.560 [error] [LS Main stderr] E0628 00:06:11.559954  3419 log.go:398] failed to check terminal shell support: internal: internal error

2026-06-28 00:06:11.664 [error] [LS Main stderr] I0628 00:06:11.664430  3419 http_helpers.go:183] URL: https://daily-cloudcode-pa.googleapis.com/v1internal:streamGenerateContent?alt=sse Trace: 0x9d164789aa9449c1

2026-06-28 00:06:12.452 [error] [LS Main stderr] E0628 00:06:12.452380  3419 log.go:398] failed to check terminal shell support: internal: internal error

2026-06-28 00:06:12.458 [error] [LS Main stderr] E0628 00:06:12.458390  3419 log.go:398] failed to check terminal shell support: internal: internal error

2026-06-28 00:06:14.090 [error] [LS Main stderr] I0628 00:06:14.090701  3419 http_helpers.go:183] URL: https://daily-cloudcode-pa.googleapis.com/v1internal:streamGenerateContent?alt=sse Trace: 0x33118299d26ebeb3

2026-06-28 00:06:14.217 [error] [LS Main stderr] I0628 00:06:14.216972  3419 http_helpers.go:183] URL: https://daily-cloudcode-pa.googleapis.com/v1internal:streamGenerateContent?alt=sse Trace: 0x196a49acac3b4042

2026-06-28 00:06:14.600 [error] [LS Main stderr] I0628 00:06:14.600863  3419 http_helpers.go:183] URL: https://daily-cloudcode-pa.googleapis.com/v1internal:streamGenerateContent?alt=sse Trace: 0xab7a492ad68a3578

2026-06-28 00:06:16.343 [error] [LS Main stderr] I0628 00:06:16.342856  3419 http_helpers.go:183] URL: https://daily-cloudcode-pa.googleapis.com/v1internal:streamGenerateContent?alt=sse Trace: 0x313724dd2ab2e91a

2026-06-28 00:06:16.476 [error] [LS Main stderr] E0628 00:06:16.475506  3419 log.go:398] failed to check terminal shell support: internal: internal error

2026-06-28 00:06:16.491 [error] [LS Main stderr] E0628 00:06:16.490652  3419 log.go:398] failed to check terminal shell support: internal: internal error

2026-06-28 00:06:17.003 [error] [LS Main stderr] E0628 00:06:17.003544  3419 log.go:398] failed to check terminal shell support: internal: internal error

2026-06-28 00:06:17.016 [error] [LS Main stderr] E0628 00:06:17.015566  3419 log.go:398] failed to check terminal shell support: internal: internal error

2026-06-28 00:06:17.090 [error] [LS Main stderr] E0628 00:06:17.090247  3419 log.go:398] failed to check terminal shell support: internal: internal error

2026-06-28 00:06:17.093 [error] [LS Main stderr] E0628 00:06:17.093250  3419 log.go:398] failed to check terminal shell support: internal: internal error

2026-06-28 00:06:22.285 [error] [LS Main stderr] I0628 00:06:22.284138  3419 http_helpers.go:183] URL: https://daily-cloudcode-pa.googleapis.com/v1internal:streamGenerateContent?alt=sse Trace: 0x47b449caae966981

2026-06-28 00:06:22.842 [error] [LS Main stderr] E0628 00:06:22.841534  3419 log.go:398] failed to check terminal shell support: internal: internal error

2026-06-28 00:06:22.845 [error] [LS Main stderr] E0628 00:06:22.845433  3419 log.go:398] failed to check terminal shell support: internal: internal error

2026-06-28 00:06:23.009 [error] [LS Main stderr] E0628 00:06:23.008546  3419 log.go:398] failed to check terminal shell support: internal: internal error

2026-06-28 00:06:23.013 [error] [LS Main stderr] E0628 00:06:23.012821  3419 log.go:398] failed to check terminal shell support: internal: internal error

2026-06-28 00:06:23.110 [error] [LS Main stderr] E0628 00:06:23.108322  3419 log.go:398] failed to check terminal shell support: internal: internal error

2026-06-28 00:06:23.114 [error] [LS Main stderr] E0628 00:06:23.113448  3419 log.go:398] failed to check terminal shell support: internal: internal error

2026-06-28 00:06:23.464 [error] [LS Main stderr] E0628 00:06:23.463658  3419 log.go:398] failed to check terminal shell support: internal: internal error

2026-06-28 00:06:23.471 [error] [LS Main stderr] E0628 00:06:23.470606  3419 log.go:398] failed to check terminal shell support: internal: internal error

2026-06-28 00:06:27.443 [error] [LS Main stderr] E0628 00:06:27.443033  3419 log.go:398] failed to check terminal shell support: internal: internal error

2026-06-28 00:06:27.444 [error] [LS Main stderr] E0628 00:06:27.444404  3419 log.go:398] failed to check terminal shell support: internal: internal error

2026-06-28 00:06:28.379 [error] [LS Main stderr] I0628 00:06:28.379304  3419 http_helpers.go:183] URL: https://daily-cloudcode-pa.googleapis.com/v1internal:streamGenerateContent?alt=sse Trace: 0x7ff115fe7db5bd7c

2026-06-28 00:06:30.371 [error] [LS Main stderr] I0628 00:06:30.370865  3419 http_helpers.go:183] URL: https://daily-cloudcode-pa.googleapis.com/v1internal:loadCodeAssist Trace: 0x7091995e419ff00d

2026-06-28 00:06:31.394 [error] [LS Main stderr] I0628 00:06:31.394861  3419 http_helpers.go:183] URL: https://daily-cloudcode-pa.googleapis.com/v1internal:fetchAvailableModels Trace: 0xc6b78fa3b96f2420

2026-06-28 00:06:31.397 [error] [LS Main stderr] E0628 00:06:31.397875  3419 log.go:398] failed to check terminal shell support: internal: internal error

2026-06-28 00:06:31.399 [error] [LS Main stderr] E0628 00:06:31.398992  3419 log.go:398] failed to check terminal shell support: internal: internal error

2026-06-28 00:06:31.401 [error] [LS Main stderr] E0628 00:06:31.401351  3419 log.go:398] failed to check terminal shell support: internal: internal error

2026-06-28 00:06:31.404 [error] [LS Main stderr] E0628 00:06:31.404036  3419 log.go:398] failed to check terminal shell support: internal: internal error

2026-06-28 00:06:31.459 [error] [LS Main stderr] E0628 00:06:31.459563  3419 log.go:398] failed to check terminal shell support: internal: internal error

2026-06-28 00:06:31.465 [error] [LS Main stderr] E0628 00:06:31.465147  3419 log.go:398] failed to check terminal shell support: internal: internal error

2026-06-28 00:06:31.575 [error] [LS Main stderr] E0628 00:06:31.575033  3419 log.go:398] failed to check terminal shell support: internal: internal error

2026-06-28 00:06:31.579 [error] [LS Main stderr] E0628 00:06:31.578533  3419 log.go:398] failed to check terminal shell support: internal: internal error

2026-06-28 00:06:31.593 [error] [LS Main stderr] E0628 00:06:31.592772  3419 log.go:398] failed to check terminal shell support: internal: internal error

2026-06-28 00:06:31.594 [error] [LS Main stderr] E0628 00:06:31.594576  3419 log.go:398] failed to check terminal shell support: internal: internal error

2026-06-28 00:06:31.603 [error] [LS Main stderr] E0628 00:06:31.603291  3419 log.go:398] failed to check terminal shell support: internal: internal error

2026-06-28 00:06:31.604 [error] [LS Main stderr] E0628 00:06:31.604549  3419 log.go:398] failed to check terminal shell support: internal: internal error

2026-06-28 00:06:31.623 [error] [LS Main stderr] E0628 00:06:31.623329  3419 log.go:398] failed to check terminal shell support: internal: internal error

2026-06-28 00:06:31.627 [error] [LS Main stderr] E0628 00:06:31.627111  3419 log.go:398] failed to check terminal shell support: internal: internal error

2026-06-28 00:06:32.456 [error] [LS Main stderr] E0628 00:06:32.456346  3419 log.go:398] failed to check terminal shell support: internal: internal error

2026-06-28 00:06:32.458 [error] [LS Main stderr] E0628 00:06:32.458006  3419 log.go:398] failed to check terminal shell support: internal: internal error

2026-06-28 00:06:36.631 [error] [LS Main stderr] I0628 00:06:36.631465  3419 http_helpers.go:183] URL: https://daily-cloudcode-pa.googleapis.com/v1internal:streamGenerateContent?alt=sse Trace: 0x59c291de0f623e1a

2026-06-28 00:06:36.697 [error] [LS Main stderr] E0628 00:06:36.697198  3419 log.go:398] failed to check terminal shell support: internal: internal error

2026-06-28 00:06:36.700 [error] [LS Main stderr] E0628 00:06:36.699091  3419 log.go:398] failed to check terminal shell support: internal: internal error

2026-06-28 00:06:37.093 [error] [LS Main stderr] E0628 00:06:37.092878  3419 log.go:398] failed to check terminal shell support: internal: internal error

2026-06-28 00:06:37.094 [error] [LS Main stderr] E0628 00:06:37.094115  3419 log.go:398] failed to check terminal shell support: internal: internal error

2026-06-28 00:06:37.290 [error] [LS Main stderr] E0628 00:06:37.289565  3419 log.go:398] failed to check terminal shell support: internal: internal error

2026-06-28 00:06:37.291 [error] [LS Main stderr] E0628 00:06:37.291328  3419 log.go:398] failed to check terminal shell support: internal: internal error

2026-06-28 00:06:42.148 [error] [LS Main stderr] I0628 00:06:42.148261  3419 http_helpers.go:183] URL: https://daily-cloudcode-pa.googleapis.com/v1internal:streamGenerateContent?alt=sse Trace: 0xda5e9b93986cac9

2026-06-28 00:06:42.210 [error] [LS Main stderr] E0628 00:06:42.209935  3419 log.go:398] failed to check terminal shell support: internal: internal error

2026-06-28 00:06:42.211 [error] [LS Main stderr] E0628 00:06:42.211310  3419 log.go:398] failed to check terminal shell support: internal: internal error

2026-06-28 00:06:42.259 [error] [LS Main stderr] E0628 00:06:42.259625  3419 log.go:398] failed to check terminal shell support: internal: internal error

2026-06-28 00:06:42.261 [error] [LS Main stderr] E0628 00:06:42.261521  3419 log.go:398] failed to check terminal shell support: internal: internal error

2026-06-28 00:06:43.743 [error] [LS Main stderr] E0628 00:06:43.742486  3419 log.go:398] failed to check terminal shell support: internal: internal error

2026-06-28 00:06:43.745 [error] [LS Main stderr] E0628 00:06:43.745342  3419 log.go:398] failed to check terminal shell support: internal: internal error

2026-06-28 00:06:48.502 [error] [LS Main stderr] I0628 00:06:48.501646  3419 http_helpers.go:183] URL: https://daily-cloudcode-pa.googleapis.com/v1internal:streamGenerateContent?alt=sse Trace: 0x8874f202707d33b3

2026-06-28 00:06:48.591 [error] [LS Main stderr] E0628 00:06:48.591157  3419 log.go:398] failed to check terminal shell support: internal: internal error

2026-06-28 00:06:48.593 [error] [LS Main stderr] E0628 00:06:48.593264  3419 log.go:398] failed to check terminal shell support: internal: internal error

2026-06-28 00:06:50.019 [error] [LS Main stderr] E0628 00:06:50.019614  3419 log.go:398] failed to check terminal shell support: internal: internal error

2026-06-28 00:06:50.022 [error] [LS Main stderr] E0628 00:06:50.022324  3419 log.go:398] failed to check terminal shell support: internal: internal error

2026-06-28 00:06:50.449 [error] [LS Main stderr] E0628 00:06:50.449300  3419 log.go:398] failed to check terminal shell support: internal: internal error

2026-06-28 00:06:50.451 [error] [LS Main stderr] E0628 00:06:50.451380  3419 log.go:398] failed to check terminal shell support: internal: internal error

2026-06-28 00:07:01.754 [error] [LS Main stderr] I0628 00:07:01.753592  3419 http_helpers.go:183] URL: https://daily-cloudcode-pa.googleapis.com/v1internal:loadCodeAssist Trace: 0x2944cf9ac3714170

2026-06-28 00:07:02.628 [error] [LS Main stderr] I0628 00:07:02.627856  3419 http_helpers.go:183] URL: https://daily-cloudcode-pa.googleapis.com/v1internal:fetchAvailableModels Trace: 0x9bf6d0d13b3d40aa

2026-06-28 00:07:02.635 [error] [LS Main stderr] E0628 00:07:02.635531  3419 log.go:398] failed to check terminal shell support: internal: internal error

2026-06-28 00:07:02.639 [error] [LS Main stderr] E0628 00:07:02.638516  3419 log.go:398] failed to check terminal shell support: internal: internal error

2026-06-28 00:07:09.866 [error] [LS Main stderr] E0628 00:07:09.865972  3419 log.go:398] failed to check terminal shell support: internal: internal error

2026-06-28 00:07:09.870 [error] [LS Main stderr] E0628 00:07:09.868604  3419 log.go:398] failed to check terminal shell support: internal: internal error

2026-06-28 00:07:09.883 [error] [LS Main stderr] E0628 00:07:09.881713  3419 log.go:398] failed to check terminal shell support: internal: internal error

2026-06-28 00:07:09.886 [error] [LS Main stderr] E0628 00:07:09.886134  3419 log.go:398] failed to check terminal shell support: internal: internal error

2026-06-28 00:08:24.421 [error] [LS Main stderr] I0628 00:08:24.421606  3419 http_helpers.go:183] URL: https://daily-cloudcode-pa.googleapis.com/v1internal:loadCodeAssist Trace: 0x928c28530db254ea

2026-06-28 00:08:25.775 [error] [LS Main stderr] I0628 00:08:25.775044  3419 http_helpers.go:183] URL: https://daily-cloudcode-pa.googleapis.com/v1internal:fetchAvailableModels Trace: 0x5f1016249f6bd78f

2026-06-28 00:08:25.782 [error] [LS Main stderr] E0628 00:08:25.782053  3419 log.go:398] failed to check terminal shell support: internal: internal error

2026-06-28 00:08:25.784 [error] [LS Main stderr] E0628 00:08:25.784244  3419 log.go:398] failed to check terminal shell support: internal: internal error

2026-06-28 00:08:25.847 [error] [LS Main stderr] E0628 00:08:25.847333  3419 log.go:398] failed to check terminal shell support: internal: internal error

2026-06-28 00:08:25.848 [error] [LS Main stderr] E0628 00:08:25.848825  3419 log.go:398] failed to check terminal shell support: internal: internal error

2026-06-28 00:08:25.865 [error] [LS Main stderr] E0628 00:08:25.865326  3419 log.go:398] failed to check terminal shell support: internal: internal error

2026-06-28 00:08:25.867 [error] [LS Main stderr] E0628 00:08:25.866796  3419 log.go:398] failed to check terminal shell support: internal: internal error

2026-06-28 00:08:28.419 [error] [LS Main stderr] E0628 00:08:28.419762  3419 log.go:398] failed to check terminal shell support: internal: internal error

2026-06-28 00:08:28.426 [error] [LS Main stderr] E0628 00:08:28.426101  3419 log.go:398] failed to check terminal shell support: internal: internal error

2026-06-28 00:08:29.628 [error] [LS Main stderr] E0628 00:08:29.628179  3419 log.go:398] failed to check terminal shell support: internal: internal error

2026-06-28 00:08:29.629 [error] [LS Main stderr] E0628 00:08:29.629921  3419 log.go:398] failed to check terminal shell support: internal: internal error

2026-06-28 00:09:07.340 [error] [LS Main stderr] E0628 00:09:07.340660  3419 log.go:398] failed to check terminal shell support: internal: internal error

2026-06-28 00:09:07.342 [error] [LS Main stderr] E0628 00:09:07.341911  3419 log.go:398] failed to check terminal shell support: internal: internal error

2026-06-28 00:09:07.343 [error] [LS Main stderr] E0628 00:09:07.343631  3419 log.go:398] failed to check terminal shell support: internal: internal error

2026-06-28 00:09:07.363 [error] [LS Main stderr] E0628 00:09:07.363133  3419 log.go:398] failed to check terminal shell support: internal: internal error

2026-06-28 00:09:07.366 [error] [LS Main stderr] E0628 00:09:07.366306  3419 log.go:398] failed to check terminal shell support: internal: internal error

2026-06-28 00:09:07.386 [error] [LS Main stderr] E0628 00:09:07.386749  3419 log.go:398] failed to check terminal shell support: internal: internal error

2026-06-28 00:09:07.390 [error] [LS Main stderr] E0628 00:09:07.389820  3419 log.go:398] failed to check terminal shell support: internal: internal error

2026-06-28 00:09:07.452 [error] [LS Main stderr] E0628 00:09:07.452367  3419 log.go:398] failed to check terminal shell support: internal: internal error

2026-06-28 00:09:07.454 [error] [LS Main stderr] E0628 00:09:07.454245  3419 log.go:398] failed to check terminal shell support: internal: internal error

2026-06-28 00:09:07.521 [error] [LS Main stderr] E0628 00:09:07.521291  3419 log.go:398] failed to check terminal shell support: internal: internal error

2026-06-28 00:09:07.523 [error] [LS Main stderr] E0628 00:09:07.523152  3419 log.go:398] failed to check terminal shell support: internal: internal error

2026-06-28 00:09:07.577 [error] [LS Main stderr] E0628 00:09:07.576782  3419 log.go:398] failed to check terminal shell support: internal: internal error

2026-06-28 00:09:07.578 [error] [LS Main stderr] E0628 00:09:07.578082  3419 log.go:398] failed to check terminal shell support: internal: internal error

2026-06-28 00:09:08.453 [error] [LS Main stderr] E0628 00:09:08.453330  3419 log.go:398] failed to check terminal shell support: internal: internal error

2026-06-28 00:09:08.455 [error] [LS Main stderr] E0628 00:09:08.454793  3419 log.go:398] failed to check terminal shell support: internal: internal error

2026-06-28 00:09:14.597 [error] [LS Main stderr] I0628 00:09:14.596933  3419 http_helpers.go:183] URL: https://daily-cloudcode-pa.googleapis.com/v1internal:streamGenerateContent?alt=sse Trace: 0x7e638faa91c54845

2026-06-28 00:09:14.649 [error] [LS Main stderr] E0628 00:09:14.648939  3419 log.go:398] failed to check terminal shell support: internal: internal error

2026-06-28 00:09:14.651 [error] [LS Main stderr] E0628 00:09:14.650934  3419 log.go:398] failed to check terminal shell support: internal: internal error

2026-06-28 00:09:15.289 [error] [LS Main stderr] E0628 00:09:15.289256  3419 log.go:398] failed to check terminal shell support: internal: internal error

2026-06-28 00:09:15.291 [error] [LS Main stderr] E0628 00:09:15.291008  3419 log.go:398] failed to check terminal shell support: internal: internal error

2026-06-28 00:09:15.323 [error] [LS Main stderr] E0628 00:09:15.323315  3419 log.go:398] failed to check terminal shell support: internal: internal error

2026-06-28 00:09:15.325 [error] [LS Main stderr] E0628 00:09:15.324949  3419 log.go:398] failed to check terminal shell support: internal: internal error

2026-06-28 00:09:15.346 [error] [LS Main stderr] E0628 00:09:15.346047  3419 log.go:398] failed to check terminal shell support: internal: internal error

2026-06-28 00:09:15.348 [error] [LS Main stderr] E0628 00:09:15.348169  3419 log.go:398] failed to check terminal shell support: internal: internal error

2026-06-28 00:09:20.882 [error] [LS Main stderr] I0628 00:09:20.882005  3419 http_helpers.go:183] URL: https://daily-cloudcode-pa.googleapis.com/v1internal:streamGenerateContent?alt=sse Trace: 0xc7984e91e9c5c1e8

2026-06-28 00:09:20.939 [error] [LS Main stderr] E0628 00:09:20.939367  3419 log.go:398] failed to check terminal shell support: internal: internal error

2026-06-28 00:09:20.941 [error] [LS Main stderr] E0628 00:09:20.941336  3419 log.go:398] failed to check terminal shell support: internal: internal error

2026-06-28 00:09:24.172 [error] [LS Main stderr] E0628 00:09:24.172149  3419 log.go:398] failed to check terminal shell support: internal: internal error

2026-06-28 00:09:24.174 [error] [LS Main stderr] E0628 00:09:24.174085  3419 log.go:398] failed to check terminal shell support: internal: internal error

2026-06-28 00:09:24.252 [error] [LS Main stderr] E0628 00:09:24.251321  3419 log.go:398] failed to check terminal shell support: internal: internal error

2026-06-28 00:09:24.253 [error] [LS Main stderr] E0628 00:09:24.253381  3419 log.go:398] failed to check terminal shell support: internal: internal error

2026-06-28 00:09:29.570 [error] [LS Main stderr] I0628 00:09:29.569874  3419 http_helpers.go:183] URL: https://daily-cloudcode-pa.googleapis.com/v1internal:streamGenerateContent?alt=sse Trace: 0x80cc4480437c769f

2026-06-28 00:09:29.634 [error] [LS Main stderr] E0628 00:09:29.634326  3419 log.go:398] failed to check terminal shell support: internal: internal error

2026-06-28 00:09:29.636 [error] [LS Main stderr] E0628 00:09:29.636131  3419 log.go:398] failed to check terminal shell support: internal: internal error

2026-06-28 00:09:29.717 [error] [LS Main stderr] E0628 00:09:29.717461  3419 log.go:398] failed to check terminal shell support: internal: internal error

2026-06-28 00:09:29.723 [error] [LS Main stderr] E0628 00:09:29.723349  3419 log.go:398] failed to check terminal shell support: internal: internal error

2026-06-28 00:09:29.773 [error] [LS Main stderr] E0628 00:09:29.772964  3419 log.go:398] failed to check terminal shell support: internal: internal error

2026-06-28 00:09:29.774 [error] [LS Main stderr] E0628 00:09:29.774713  3419 log.go:398] failed to check terminal shell support: internal: internal error

2026-06-28 00:09:34.894 [error] [LS Main stderr] I0628 00:09:34.894129  3419 http_helpers.go:183] URL: https://daily-cloudcode-pa.googleapis.com/v1internal:streamGenerateContent?alt=sse Trace: 0x2162a081a9509ac4

2026-06-28 00:09:34.967 [error] [LS Main stderr] E0628 00:09:34.967111  3419 log.go:398] failed to check terminal shell support: internal: internal error

2026-06-28 00:09:34.969 [error] [LS Main stderr] E0628 00:09:34.969214  3419 log.go:398] failed to check terminal shell support: internal: internal error

2026-06-28 00:09:35.012 [error] [LS Main stderr] E0628 00:09:35.011697  3419 log.go:398] failed to check terminal shell support: internal: internal error

2026-06-28 00:09:35.014 [error] [LS Main stderr] E0628 00:09:35.014305  3419 log.go:398] failed to check terminal shell support: internal: internal error

2026-06-28 00:09:35.066 [error] [LS Main stderr] E0628 00:09:35.066324  3419 log.go:398] failed to check terminal shell support: internal: internal error

2026-06-28 00:09:35.067 [error] [LS Main stderr] E0628 00:09:35.067775  3419 log.go:398] failed to check terminal shell support: internal: internal error

2026-06-28 00:09:40.040 [error] [LS Main stderr] I0628 00:09:40.040090  3419 http_helpers.go:183] URL: https://daily-cloudcode-pa.googleapis.com/v1internal:streamGenerateContent?alt=sse Trace: 0x75bde333c191cec

2026-06-28 00:09:40.087 [error] [LS Main stderr] E0628 00:09:40.087425  3419 log.go:398] failed to check terminal shell support: internal: internal error

2026-06-28 00:09:40.089 [error] [LS Main stderr] E0628 00:09:40.089027  3419 log.go:398] failed to check terminal shell support: internal: internal error

2026-06-28 00:09:41.241 [error] [LS Main stderr] I0628 00:09:41.241173  3419 http_helpers.go:183] URL: https://daily-cloudcode-pa.googleapis.com/v1internal:streamGenerateContent?alt=sse Trace: 0x1cd51e104049ee87

2026-06-28 00:09:41.526 [error] [LS Main stderr] E0628 00:09:41.526123  3419 log.go:398] failed to check terminal shell support: internal: internal error

2026-06-28 00:09:41.537 [error] [LS Main stderr] E0628 00:09:41.537527  3419 log.go:398] failed to check terminal shell support: internal: internal error

2026-06-28 00:09:41.767 [error] [LS Main stderr] I0628 00:09:41.767362  3419 http_helpers.go:183] URL: https://daily-cloudcode-pa.googleapis.com/v1internal:streamGenerateContent?alt=sse Trace: 0xcc52b5eb023eed55

2026-06-28 00:09:42.458 [error] [LS Main stderr] E0628 00:09:42.457600  3419 log.go:398] failed to check terminal shell support: internal: internal error

2026-06-28 00:09:42.460 [error] [LS Main stderr] E0628 00:09:42.460391  3419 log.go:398] failed to check terminal shell support: internal: internal error

2026-06-28 00:10:00.345 [error] [LS Main stderr] E0628 00:10:00.345402  3419 log.go:398] failed to check terminal shell support: internal: internal error

2026-06-28 00:10:00.347 [error] [LS Main stderr] E0628 00:10:00.347300  3419 log.go:398] failed to check terminal shell support: internal: internal error

2026-06-28 00:10:00.350 [error] [LS Main stderr] E0628 00:10:00.350446  3419 log.go:398] failed to check terminal shell support: internal: internal error

2026-06-28 00:10:00.378 [error] [LS Main stderr] E0628 00:10:00.378405  3419 log.go:398] failed to check terminal shell support: internal: internal error

2026-06-28 00:10:00.381 [error] [LS Main stderr] E0628 00:10:00.380632  3419 log.go:398] failed to check terminal shell support: internal: internal error

2026-06-28 00:10:00.392 [error] [LS Main stderr] E0628 00:10:00.391911  3419 log.go:398] failed to check terminal shell support: internal: internal error

2026-06-28 00:10:00.394 [error] [LS Main stderr] E0628 00:10:00.394373  3419 log.go:398] failed to check terminal shell support: internal: internal error

2026-06-28 00:10:00.456 [error] [LS Main stderr] E0628 00:10:00.455945  3419 log.go:398] failed to check terminal shell support: internal: internal error

2026-06-28 00:10:00.457 [error] [LS Main stderr] E0628 00:10:00.457347  3419 log.go:398] failed to check terminal shell support: internal: internal error

2026-06-28 00:10:00.576 [error] [LS Main stderr] E0628 00:10:00.576282  3419 log.go:398] failed to check terminal shell support: internal: internal error

2026-06-28 00:10:00.578 [error] [LS Main stderr] E0628 00:10:00.578352  3419 log.go:398] failed to check terminal shell support: internal: internal error

2026-06-28 00:10:01.458 [error] [LS Main stderr] E0628 00:10:01.458859  3419 log.go:398] failed to check terminal shell support: internal: internal error

2026-06-28 00:10:01.460 [error] [LS Main stderr] E0628 00:10:01.460941  3419 log.go:398] failed to check terminal shell support: internal: internal error

2026-06-28 00:10:06.026 [error] [LS Main stderr] I0628 00:10:06.025656  3419 http_helpers.go:183] URL: https://daily-cloudcode-pa.googleapis.com/v1internal:streamGenerateContent?alt=sse Trace: 0x13828ac26bbde8a7

2026-06-28 00:10:06.101 [error] [LS Main stderr] E0628 00:10:06.101394  3419 log.go:398] failed to check terminal shell support: internal: internal error

2026-06-28 00:10:06.103 [error] [LS Main stderr] E0628 00:10:06.103568  3419 log.go:398] failed to check terminal shell support: internal: internal error

2026-06-28 00:10:06.576 [error] [LS Main stderr] E0628 00:10:06.576516  3419 log.go:398] failed to check terminal shell support: internal: internal error

2026-06-28 00:10:06.580 [error] [LS Main stderr] E0628 00:10:06.579739  3419 log.go:398] failed to check terminal shell support: internal: internal error

2026-06-28 00:10:06.633 [error] [LS Main stderr] E0628 00:10:06.633680  3419 log.go:398] failed to check terminal shell support: internal: internal error

2026-06-28 00:10:06.635 [error] [LS Main stderr] E0628 00:10:06.635496  3419 log.go:398] failed to check terminal shell support: internal: internal error

2026-06-28 00:10:12.577 [error] [LS Main stderr] I0628 00:10:12.577024  3419 http_helpers.go:183] URL: https://daily-cloudcode-pa.googleapis.com/v1internal:streamGenerateContent?alt=sse Trace: 0x67053466b5426a3c

2026-06-28 00:10:12.662 [error] [LS Main stderr] E0628 00:10:12.662861  3419 log.go:398] failed to check terminal shell support: internal: internal error

2026-06-28 00:10:12.664 [error] [LS Main stderr] E0628 00:10:12.664423  3419 log.go:398] failed to check terminal shell support: internal: internal error

2026-06-28 00:10:12.768 [error] [LS Main stderr] E0628 00:10:12.767436  3419 log.go:398] failed to check terminal shell support: internal: internal error

2026-06-28 00:10:12.769 [error] [LS Main stderr] E0628 00:10:12.769502  3419 log.go:398] failed to check terminal shell support: internal: internal error

2026-06-28 00:10:12.798 [error] [LS Main stderr] E0628 00:10:12.798189  3419 log.go:398] failed to check terminal shell support: internal: internal error

2026-06-28 00:10:12.800 [error] [LS Main stderr] E0628 00:10:12.799980  3419 log.go:398] failed to check terminal shell support: internal: internal error

2026-06-28 00:10:17.903 [error] [LS Main stderr] I0628 00:10:17.902700  3419 http_helpers.go:183] URL: https://daily-cloudcode-pa.googleapis.com/v1internal:streamGenerateContent?alt=sse Trace: 0x7ba9b9212a7f35f5

2026-06-28 00:10:17.984 [error] [LS Main stderr] E0628 00:10:17.984310  3419 log.go:398] failed to check terminal shell support: internal: internal error

2026-06-28 00:10:17.986 [error] [LS Main stderr] E0628 00:10:17.986444  3419 log.go:398] failed to check terminal shell support: internal: internal error

2026-06-28 00:10:18.014 [error] [LS Main stderr] E0628 00:10:18.013804  3419 log.go:398] failed to check terminal shell support: internal: internal error

2026-06-28 00:10:18.016 [error] [LS Main stderr] E0628 00:10:18.016225  3419 log.go:398] failed to check terminal shell support: internal: internal error

2026-06-28 00:10:23.091 [error] [LS Main stderr] E0628 00:10:23.091395  3419 log.go:398] failed to check terminal shell support: internal: internal error

2026-06-28 00:10:23.094 [error] [LS Main stderr] E0628 00:10:23.094299  3419 log.go:398] failed to check terminal shell support: internal: internal error

2026-06-28 00:10:23.445 [error] [LS Main stderr] E0628 00:10:23.444556  3419 log.go:398] failed to check terminal shell support: internal: internal error

2026-06-28 00:10:23.447 [error] [LS Main stderr] E0628 00:10:23.446872  3419 log.go:398] failed to check terminal shell support: internal: internal error

2026-06-28 00:10:28.328 [error] [LS Main stderr] I0628 00:10:28.327845  3419 http_helpers.go:183] URL: https://daily-cloudcode-pa.googleapis.com/v1internal:streamGenerateContent?alt=sse Trace: 0x5ca6cb22804ba59b

2026-06-28 00:10:28.398 [error] [LS Main stderr] E0628 00:10:28.397707  3419 log.go:398] failed to check terminal shell support: internal: internal error

2026-06-28 00:10:28.399 [error] [LS Main stderr] E0628 00:10:28.399444  3419 log.go:398] failed to check terminal shell support: internal: internal error

2026-06-28 00:10:28.474 [error] [LS Main stderr] E0628 00:10:28.473628  3419 log.go:398] failed to check terminal shell support: internal: internal error

2026-06-28 00:10:28.477 [error] [LS Main stderr] E0628 00:10:28.477228  3419 log.go:398] failed to check terminal shell support: internal: internal error

2026-06-28 00:10:28.551 [error] [LS Main stderr] E0628 00:10:28.548611  3419 log.go:398] failed to check terminal shell support: internal: internal error

2026-06-28 00:10:28.553 [error] [LS Main stderr] E0628 00:10:28.553436  3419 log.go:398] failed to check terminal shell support: internal: internal error

2026-06-28 00:10:33.457 [error] [LS Main stderr] E0628 00:10:33.457736  3419 log.go:398] failed to check terminal shell support: internal: internal error

2026-06-28 00:10:33.459 [error] [LS Main stderr] E0628 00:10:33.458934  3419 log.go:398] failed to check terminal shell support: internal: internal error

2026-06-28 00:10:34.901 [error] [LS Main stderr] I0628 00:10:34.901034  3419 http_helpers.go:183] URL: https://daily-cloudcode-pa.googleapis.com/v1internal:streamGenerateContent?alt=sse Trace: 0x73f75c45dab38133

2026-06-28 00:10:34.957 [error] [LS Main stderr] E0628 00:10:34.957058  3419 log.go:398] failed to check terminal shell support: internal: internal error

2026-06-28 00:10:34.959 [error] [LS Main stderr] E0628 00:10:34.959398  3419 log.go:398] failed to check terminal shell support: internal: internal error

2026-06-28 00:10:36.608 [error] [LS Main stderr] E0628 00:10:36.607950  3419 log.go:398] failed to check terminal shell support: internal: internal error

2026-06-28 00:10:36.609 [error] [LS Main stderr] E0628 00:10:36.609598  3419 log.go:398] failed to check terminal shell support: internal: internal error

2026-06-28 00:10:36.723 [error] [LS Main stderr] E0628 00:10:36.722585  3419 log.go:398] failed to check terminal shell support: internal: internal error

2026-06-28 00:10:36.724 [error] [LS Main stderr] E0628 00:10:36.724771  3419 log.go:398] failed to check terminal shell support: internal: internal error

2026-06-28 00:10:36.756 [error] [LS Main stderr] E0628 00:10:36.756278  3419 log.go:398] failed to check terminal shell support: internal: internal error

2026-06-28 00:10:36.760 [error] [LS Main stderr] E0628 00:10:36.759738  3419 log.go:398] failed to check terminal shell support: internal: internal error

2026-06-28 00:10:37.456 [error] [LS Main stderr] E0628 00:10:37.456084  3419 log.go:398] failed to check terminal shell support: internal: internal error

2026-06-28 00:10:37.458 [error] [LS Main stderr] E0628 00:10:37.458391  3419 log.go:398] failed to check terminal shell support: internal: internal error

2026-06-28 00:10:42.989 [error] [LS Main stderr] I0628 00:10:42.989297  3419 http_helpers.go:183] URL: https://daily-cloudcode-pa.googleapis.com/v1internal:streamGenerateContent?alt=sse Trace: 0x6ee97fc7c486b7d6

2026-06-28 00:10:43.047 [error] [LS Main stderr] E0628 00:10:43.047521  3419 log.go:398] failed to check terminal shell support: internal: internal error

2026-06-28 00:10:43.048 [error] [LS Main stderr] E0628 00:10:43.048504  3419 log.go:398] failed to check terminal shell support: internal: internal error

2026-06-28 00:10:44.390 [error] [LS Main stderr] E0628 00:10:44.389978  3419 log.go:398] failed to check terminal shell support: internal: internal error

2026-06-28 00:10:44.391 [error] [LS Main stderr] E0628 00:10:44.391498  3419 log.go:398] failed to check terminal shell support: internal: internal error

2026-06-28 00:10:44.473 [error] [LS Main stderr] E0628 00:10:44.472884  3419 log.go:398] failed to check terminal shell support: internal: internal error

2026-06-28 00:10:44.474 [error] [LS Main stderr] E0628 00:10:44.474088  3419 log.go:398] failed to check terminal shell support: internal: internal error

2026-06-28 00:10:49.851 [error] [LS Main stderr] I0628 00:10:49.850890  3419 http_helpers.go:183] URL: https://daily-cloudcode-pa.googleapis.com/v1internal:streamGenerateContent?alt=sse Trace: 0x6eebb22088b806bd

2026-06-28 00:10:49.911 [error] [LS Main stderr] E0628 00:10:49.911493  3419 log.go:398] failed to check terminal shell support: internal: internal error

2026-06-28 00:10:49.913 [error] [LS Main stderr] E0628 00:10:49.913345  3419 log.go:398] failed to check terminal shell support: internal: internal error

2026-06-28 00:10:51.576 [error] [LS Main stderr] E0628 00:10:51.575389  3419 log.go:398] failed to check terminal shell support: internal: internal error

2026-06-28 00:10:51.578 [error] [LS Main stderr] E0628 00:10:51.578182  3419 log.go:398] failed to check terminal shell support: internal: internal error

2026-06-28 00:10:52.121 [error] [LS Main stderr] E0628 00:10:52.121401  3419 log.go:398] failed to check terminal shell support: internal: internal error

2026-06-28 00:10:52.122 [error] [LS Main stderr] E0628 00:10:52.122715  3419 log.go:398] failed to check terminal shell support: internal: internal error

2026-06-28 00:10:52.151 [error] [LS Main stderr] E0628 00:10:52.151211  3419 log.go:398] failed to check terminal shell support: internal: internal error

2026-06-28 00:10:52.155 [error] [LS Main stderr] E0628 00:10:52.155408  3419 log.go:398] failed to check terminal shell support: internal: internal error

2026-06-28 00:10:52.451 [error] [LS Main stderr] E0628 00:10:52.450859  3419 log.go:398] failed to check terminal shell support: internal: internal error

2026-06-28 00:10:52.452 [error] [LS Main stderr] E0628 00:10:52.451905  3419 log.go:398] failed to check terminal shell support: internal: internal error

2026-06-28 00:10:57.530 [error] [LS Main stderr] I0628 00:10:57.530410  3419 http_helpers.go:183] URL: https://daily-cloudcode-pa.googleapis.com/v1internal:streamGenerateContent?alt=sse Trace: 0xd65ce1a5a041786a

2026-06-28 00:10:57.583 [error] [LS Main stderr] E0628 00:10:57.583388  3419 log.go:398] failed to check terminal shell support: internal: internal error

2026-06-28 00:10:57.585 [error] [LS Main stderr] E0628 00:10:57.585095  3419 log.go:398] failed to check terminal shell support: internal: internal error

2026-06-28 00:10:58.030 [error] [LS Main stderr] E0628 00:10:58.030340  3419 log.go:398] failed to check terminal shell support: internal: internal error

2026-06-28 00:10:58.031 [error] [LS Main stderr] E0628 00:10:58.031696  3419 log.go:398] failed to check terminal shell support: internal: internal error

2026-06-28 00:10:58.038 [error] [LS Main stderr] E0628 00:10:58.038347  3419 log.go:398] failed to check terminal shell support: internal: internal error

2026-06-28 00:10:58.043 [error] [LS Main stderr] E0628 00:10:58.043073  3419 log.go:398] failed to check terminal shell support: internal: internal error

2026-06-28 00:10:58.064 [error] [LS Main stderr] E0628 00:10:58.064347  3419 log.go:398] failed to check terminal shell support: internal: internal error

2026-06-28 00:10:58.065 [error] [LS Main stderr] E0628 00:10:58.065828  3419 log.go:398] failed to check terminal shell support: internal: internal error

2026-06-28 00:10:58.135 [error] [LS Main stderr] E0628 00:10:58.135339  3419 log.go:398] failed to check terminal shell support: internal: internal error

2026-06-28 00:10:58.137 [error] [LS Main stderr] E0628 00:10:58.136828  3419 log.go:398] failed to check terminal shell support: internal: internal error

2026-06-28 00:11:03.879 [error] [LS Main stderr] I0628 00:11:03.878691  3419 http_helpers.go:183] URL: https://daily-cloudcode-pa.googleapis.com/v1internal:streamGenerateContent?alt=sse Trace: 0x58c0825e7c17cd3c

2026-06-28 00:11:03.932 [error] [LS Main stderr] E0628 00:11:03.932111  3419 log.go:398] failed to check terminal shell support: internal: internal error

2026-06-28 00:11:03.933 [error] [LS Main stderr] E0628 00:11:03.933180  3419 log.go:398] failed to check terminal shell support: internal: internal error

2026-06-28 00:11:05.078 [error] [LS Main stderr] E0628 00:11:05.078107  3419 log.go:398] failed to check terminal shell support: internal: internal error

2026-06-28 00:11:05.079 [error] [LS Main stderr] E0628 00:11:05.079764  3419 log.go:398] failed to check terminal shell support: internal: internal error

2026-06-28 00:11:05.175 [error] [LS Main stderr] E0628 00:11:05.175786  3419 log.go:398] failed to check terminal shell support: internal: internal error

2026-06-28 00:11:05.177 [error] [LS Main stderr] E0628 00:11:05.177287  3419 log.go:398] failed to check terminal shell support: internal: internal error

2026-06-28 00:11:10.360 [error] [LS Main stderr] I0628 00:11:10.359572  3419 http_helpers.go:183] URL: https://daily-cloudcode-pa.googleapis.com/v1internal:streamGenerateContent?alt=sse Trace: 0x63afc240f090ccb

2026-06-28 00:11:10.421 [error] [LS Main stderr] E0628 00:11:10.421234  3419 log.go:398] failed to check terminal shell support: internal: internal error

2026-06-28 00:11:10.422 [error] [LS Main stderr] E0628 00:11:10.422828  3419 log.go:398] failed to check terminal shell support: internal: internal error

2026-06-28 00:11:10.902 [error] [LS Main stderr] E0628 00:11:10.901381  3419 log.go:398] failed to check terminal shell support: internal: internal error

2026-06-28 00:11:10.904 [error] [LS Main stderr] E0628 00:11:10.904808  3419 log.go:398] failed to check terminal shell support: internal: internal error

2026-06-28 00:11:10.939 [error] [LS Main stderr] E0628 00:11:10.938712  3419 log.go:398] failed to check terminal shell support: internal: internal error

2026-06-28 00:11:10.940 [error] [LS Main stderr] E0628 00:11:10.940393  3419 log.go:398] failed to check terminal shell support: internal: internal error

2026-06-28 00:11:11.606 [error] [LS Main stderr] E0628 00:11:11.606879  3419 log.go:398] failed to check terminal shell support: internal: internal error

2026-06-28 00:11:11.608 [error] [LS Main stderr] E0628 00:11:11.608330  3419 log.go:398] failed to check terminal shell support: internal: internal error

2026-06-28 00:11:11.659 [error] [LS Main stderr] E0628 00:11:11.659669  3419 log.go:398] agent executor error: RESOURCE_EXHAUSTED (code 429): Individual quota reached. Please upgrade your subscription to increase your limits. Resets in 1h36m36s.: RESOURCE_EXHAUSTED (code 429): Individual quota reached. Please upgrade your subscription to increase your limits. Resets in 1h36m36s.

2026-06-28 00:11:11.689 [error] [LS Main stderr] E0628 00:11:11.689353  3419 log.go:398] failed to check terminal shell support: internal: internal error

2026-06-28 00:11:11.693 [error] [LS Main stderr] E0628 00:11:11.692605  3419 log.go:398] failed to check terminal shell support: internal: internal error

2026-06-28 00:11:11.757 [error] [LS Main stderr] E0628 00:11:11.757522  3419 log.go:398] RESOURCE_EXHAUSTED (code 429): Individual quota reached. Please upgrade your subscription to increase your limits. Resets in 1h36m36s.: RESOURCE_EXHAUSTED (code 429): Individual quota reached. Please upgrade your subscription to increase your limits. Resets in 1h36m36s.

2026-06-28 00:11:11.793 [error] [LS Main stderr] E0628 00:11:11.792802  3419 log.go:398] failed to check terminal shell support: internal: internal error

2026-06-28 00:11:11.796 [error] [LS Main stderr] E0628 00:11:11.796312  3419 log.go:398] failed to check terminal shell support: internal: internal error

2026-06-28 00:11:12.453 [error] [LS Main stderr] E0628 00:11:12.453193  3419 log.go:398] failed to check terminal shell support: internal: internal error

2026-06-28 00:11:12.457 [error] [LS Main stderr] E0628 00:11:12.456816  3419 log.go:398] failed to check terminal shell support: internal: internal error

